1,-1,1337.60,418.74,161.86,366.86,0.8492,-1,-1,-1
1,-1,583.73,447.52,90.85,260.65,0.8363,-1,-1,-1
1,-1,1457.21,434.88,138.27,327.94,0.7694,-1,-1,-1
1,-1,439.48,445.43,110.54,273.90,0.7366,-1,-1,-1
1,-1,732.28,458.53,37.21,112.55,0.5425,-1,-1,-1
1,-1,1255.15,433.77,43.11,115.36,0.4929,-1,-1,-1
1,-1,1876.55,395.16,42.74,248.59,0.2640,-1,-1,-1
1,-1,1889.04,412.79,30.37,227.81,0.2171,-1,-1,-1
1,-1,1860.02,388.59,59.53,263.71,0.2118,-1,-1,-1
1,-1,937.23,435.01,36.76,83.39,0.2050,-1,-1,-1
1,-1,1010.40,426.40,48.70,102.55,0.1934,-1,-1,-1
1,-1,692.51,458.65,45.73,140.25,0.1911,-1,-1,-1
1,-1,654.89,456.32,59.21,189.30,0.1861,-1,-1,-1
1,-1,1084.85,453.76,48.73,132.58,0.1847,-1,-1,-1
1,-1,1303.16,417.59,43.34,130.67,0.1283,-1,-1,-1
1,-1,1829.19,477.52,64.42,158.65,0.1250,-1,-1,-1
1,-1,1099.94,453.37,36.54,105.66,0.1228,-1,-1,-1
1,-1,540.59,448.76,45.87,107.53,0.1226,-1,-1,-1
1,-1,917.99,433.08,60.79,153.88,0.1204,-1,-1,-1
1,-1,1004.37,423.53,45.41,103.96,0.1114,-1,-1,-1
1,-1,968.99,453.27,46.50,88.93,0.1110,-1,-1,-1
1,-1,1671.29,419.98,117.17,216.55,0.1059,-1,-1,-1
2,-1,1341.36,416.16,167.01,370.05,0.8600,-1,-1,-1
2,-1,583.96,448.26,92.49,259.59,0.8435,-1,-1,-1
2,-1,437.28,445.06,112.46,275.06,0.7556,-1,-1,-1
2,-1,1456.80,433.31,141.57,330.89,0.6925,-1,-1,-1
2,-1,733.10,465.34,37.09,106.35,0.5507,-1,-1,-1
2,-1,1255.61,429.14,44.70,119.77,0.4481,-1,-1,-1
2,-1,1875.96,395.17,43.34,253.00,0.2657,-1,-1,-1
2,-1,662.34,453.48,53.81,193.13,0.2412,-1,-1,-1
2,-1,937.26,435.07,36.72,84.12,0.2305,-1,-1,-1
2,-1,1858.16,389.52,61.39,263.82,0.2289,-1,-1,-1
2,-1,1014.15,429.20,44.19,101.29,0.2147,-1,-1,-1
2,-1,1890.90,412.14,28.52,229.74,0.2055,-1,-1,-1
2,-1,1087.41,453.64,47.00,124.57,0.2038,-1,-1,-1
2,-1,695.95,453.79,42.04,136.87,0.1855,-1,-1,-1
2,-1,463.57,454.60,89.43,254.64,0.1834,-1,-1,-1
2,-1,1095.30,454.86,41.04,108.12,0.1525,-1,-1,-1
2,-1,919.08,433.38,60.16,152.89,0.1289,-1,-1,-1
2,-1,969.84,451.14,43.97,88.29,0.1170,-1,-1,-1
2,-1,701.12,471.21,41.72,130.12,0.1149,-1,-1,-1
2,-1,1881.17,461.76,38.26,192.37,0.1032,-1,-1,-1
2,-1,691.60,482.98,41.82,122.60,0.1029,-1,-1,-1
3,-1,1341.94,420.53,179.18,377.78,0.8510,-1,-1,-1
3,-1,583.39,447.35,92.52,260.75,0.8365,-1,-1,-1
3,-1,435.05,443.03,120.19,278.38,0.7354,-1,-1,-1
3,-1,1474.94,435.26,129.76,332.16,0.7048,-1,-1,-1
3,-1,732.46,460.74,38.06,110.11,0.5236,-1,-1,-1
3,-1,1255.66,432.00,38.99,115.82,0.3750,-1,-1,-1
3,-1,655.16,455.01,67.48,190.93,0.2268,-1,-1,-1
3,-1,1088.30,450.04,46.55,136.69,0.2152,-1,-1,-1
3,-1,1013.55,427.77,44.03,102.83,0.2032,-1,-1,-1
3,-1,466.20,453.06,88.81,262.06,0.2000,-1,-1,-1
3,-1,1891.45,436.93,27.95,205.80,0.1926,-1,-1,-1
3,-1,936.30,434.72,35.40,80.88,0.1903,-1,-1,-1
3,-1,1877.95,396.47,41.31,249.06,0.1773,-1,-1,-1
3,-1,1855.78,456.40,63.76,200.06,0.1703,-1,-1,-1
3,-1,692.44,464.32,47.87,140.26,0.1496,-1,-1,-1
3,-1,970.46,454.64,43.53,76.59,0.1305,-1,-1,-1
3,-1,1828.58,478.62,63.55,157.06,0.1211,-1,-1,-1
3,-1,917.63,434.15,60.12,151.86,0.1152,-1,-1,-1
4,-1,1347.81,421.73,179.09,379.19,0.8807,-1,-1,-1
4,-1,582.46,447.72,93.18,260.70,0.8341,-1,-1,-1
4,-1,435.16,441.72,126.11,279.46,0.7434,-1,-1,-1
4,-1,1484.78,428.61,112.48,340.85,0.7368,-1,-1,-1
4,-1,733.10,461.62,36.97,109.31,0.5006,-1,-1,-1
4,-1,1255.74,432.72,38.61,115.02,0.3427,-1,-1,-1
4,-1,654.64,456.11,65.69,188.01,0.2462,-1,-1,-1
4,-1,1090.55,440.56,46.67,144.41,0.2249,-1,-1,-1
4,-1,692.73,463.59,49.77,140.52,0.2245,-1,-1,-1
4,-1,1015.00,425.82,42.24,104.61,0.2044,-1,-1,-1
4,-1,463.52,451.66,91.68,268.29,0.2040,-1,-1,-1
4,-1,936.44,434.92,35.64,82.14,0.1890,-1,-1,-1
4,-1,1893.21,447.14,26.18,194.66,0.1801,-1,-1,-1
4,-1,1879.04,397.62,40.21,245.35,0.1562,-1,-1,-1
4,-1,1674.16,415.46,113.97,222.89,0.1555,-1,-1,-1
4,-1,1855.78,463.28,63.77,193.03,0.1531,-1,-1,-1
4,-1,666.08,467.79,51.04,165.76,0.1510,-1,-1,-1
4,-1,1858.17,387.04,61.39,266.27,0.1428,-1,-1,-1
4,-1,655.54,449.78,46.42,177.72,0.1407,-1,-1,-1
4,-1,917.74,434.34,60.92,151.80,0.1189,-1,-1,-1
4,-1,1829.06,478.99,66.40,156.94,0.1150,-1,-1,-1
4,-1,971.46,454.85,42.26,77.46,0.1129,-1,-1,-1
4,-1,1303.70,418.82,43.88,129.69,0.1071,-1,-1,-1
5,-1,1353.39,418.07,172.91,384.22,0.9092,-1,-1,-1
5,-1,582.38,448.56,92.84,259.71,0.8374,-1,-1,-1
5,-1,435.73,443.37,130.34,278.28,0.7876,-1,-1,-1
5,-1,1489.39,430.25,109.75,340.90,0.7361,-1,-1,-1
5,-1,734.26,467.69,33.91,102.47,0.4731,-1,-1,-1
5,-1,1255.59,431.10,39.56,117.53,0.3565,-1,-1,-1
5,-1,1014.98,425.30,41.94,105.58,0.2471,-1,-1,-1
5,-1,693.97,465.70,47.58,137.82,0.2375,-1,-1,-1
5,-1,654.56,456.26,63.93,187.38,0.2314,-1,-1,-1
5,-1,1089.54,441.13,48.00,142.38,0.2036,-1,-1,-1
5,-1,1893.55,453.00,25.84,188.25,0.1975,-1,-1,-1
5,-1,1856.20,451.57,63.36,204.93,0.1852,-1,-1,-1
5,-1,935.88,435.33,35.68,79.83,0.1720,-1,-1,-1
5,-1,968.19,453.39,46.40,89.42,0.1687,-1,-1,-1
5,-1,1889.25,409.64,30.08,230.36,0.1665,-1,-1,-1
5,-1,1829.48,478.53,63.87,156.72,0.1635,-1,-1,-1
5,-1,1099.40,438.62,39.66,126.47,0.1617,-1,-1,-1
5,-1,1303.70,419.65,43.50,129.59,0.1516,-1,-1,-1
5,-1,1868.74,386.39,50.80,261.83,0.1385,-1,-1,-1
5,-1,1875.53,470.91,43.87,182.38,0.1359,-1,-1,-1
5,-1,656.05,450.21,48.59,177.31,0.1350,-1,-1,-1
5,-1,1082.65,451.73,49.47,137.79,0.1252,-1,-1,-1
5,-1,1671.27,412.52,117.56,225.99,0.1245,-1,-1,-1
5,-1,918.08,437.28,58.53,148.48,0.1199,-1,-1,-1
5,-1,1669.28,449.42,46.90,137.96,0.1139,-1,-1,-1
6,-1,1360.93,413.28,169.86,388.64,0.9139,-1,-1,-1
6,-1,583.40,448.19,91.43,259.82,0.8345,-1,-1,-1
6,-1,434.27,443.92,134.12,279.41,0.7743,-1,-1,-1
6,-1,1500.16,427.59,94.45,344.44,0.6915,-1,-1,-1
6,-1,734.18,468.09,34.10,102.83,0.5310,-1,-1,-1
6,-1,1255.84,432.96,39.39,115.62,0.4160,-1,-1,-1
6,-1,1013.53,423.91,44.51,106.85,0.3246,-1,-1,-1
6,-1,694.25,465.36,45.83,137.57,0.3201,-1,-1,-1
6,-1,649.80,453.33,64.84,192.80,0.2262,-1,-1,-1
6,-1,1894.22,443.91,25.17,195.51,0.2067,-1,-1,-1
6,-1,1088.50,442.96,48.75,142.55,0.1876,-1,-1,-1
6,-1,1878.06,395.80,41.20,244.62,0.1789,-1,-1,-1
6,-1,1856.51,411.29,63.05,245.04,0.1787,-1,-1,-1
6,-1,935.65,434.78,35.21,81.03,0.1724,-1,-1,-1
6,-1,1829.78,478.34,60.51,156.25,0.1710,-1,-1,-1
6,-1,1303.12,417.71,44.55,131.47,0.1669,-1,-1,-1
6,-1,1100.37,443.53,37.95,122.28,0.1637,-1,-1,-1
6,-1,968.03,451.14,46.51,90.02,0.1532,-1,-1,-1
6,-1,1881.63,474.47,37.77,178.29,0.1363,-1,-1,-1
6,-1,1671.60,414.33,115.38,223.15,0.1262,-1,-1,-1
6,-1,1669.23,449.46,47.53,138.03,0.1235,-1,-1,-1
6,-1,917.59,434.87,59.16,151.10,0.1158,-1,-1,-1
6,-1,655.47,450.51,49.55,170.50,0.1153,-1,-1,-1
6,-1,807.09,478.28,28.40,69.92,0.1084,-1,-1,-1
6,-1,663.29,465.77,55.15,161.18,0.1056,-1,-1,-1
6,-1,697.31,453.20,37.92,111.25,0.1049,-1,-1,-1
7,-1,1374.65,412.72,154.50,390.24,0.8983,-1,-1,-1
7,-1,583.52,447.05,91.56,261.32,0.8313,-1,-1,-1
7,-1,436.63,441.37,130.29,282.08,0.8194,-1,-1,-1
7,-1,1503.94,432.04,104.24,336.16,0.7204,-1,-1,-1
7,-1,734.09,464.90,35.29,106.42,0.4934,-1,-1,-1
7,-1,1255.39,432.73,36.97,114.89,0.3978,-1,-1,-1
7,-1,1012.35,423.47,45.37,107.38,0.3350,-1,-1,-1
7,-1,653.28,456.19,66.67,189.31,0.3167,-1,-1,-1
7,-1,1830.93,478.89,58.07,155.75,0.2655,-1,-1,-1
7,-1,1880.93,398.98,38.35,238.53,0.2625,-1,-1,-1
7,-1,1087.36,444.29,48.93,143.41,0.2556,-1,-1,-1
7,-1,692.16,462.95,45.71,140.78,0.2462,-1,-1,-1
7,-1,1375.51,436.83,38.54,124.31,0.2155,-1,-1,-1
7,-1,1861.78,385.10,57.78,265.80,0.2081,-1,-1,-1
7,-1,1856.79,452.95,62.75,203.78,0.1743,-1,-1,-1
7,-1,656.15,450.59,50.14,178.65,0.1702,-1,-1,-1
7,-1,1097.58,440.42,40.79,127.30,0.1459,-1,-1,-1
7,-1,934.82,435.04,35.88,78.19,0.1455,-1,-1,-1
7,-1,1301.88,420.15,45.44,128.88,0.1409,-1,-1,-1
7,-1,917.14,435.33,58.79,150.31,0.1337,-1,-1,-1
7,-1,1875.45,469.13,43.96,183.36,0.1117,-1,-1,-1
7,-1,1071.24,458.50,36.75,128.78,0.1055,-1,-1,-1
8,-1,1391.66,414.03,138.32,388.14,0.8511,-1,-1,-1
8,-1,583.68,446.99,91.28,261.51,0.8374,-1,-1,-1
8,-1,441.41,445.28,126.66,278.94,0.8120,-1,-1,-1
8,-1,1511.28,427.59,91.29,344.94,0.7758,-1,-1,-1
8,-1,733.73,461.29,35.51,109.29,0.4988,-1,-1,-1
8,-1,1255.47,435.19,36.16,112.20,0.4011,-1,-1,-1
8,-1,1378.88,437.86,40.37,123.15,0.3205,-1,-1,-1
8,-1,691.70,460.09,46.61,143.48,0.2999,-1,-1,-1
8,-1,654.68,456.15,68.87,180.73,0.2879,-1,-1,-1
8,-1,1870.74,384.87,48.79,263.76,0.2623,-1,-1,-1
8,-1,1829.31,478.43,62.53,157.38,0.2570,-1,-1,-1
8,-1,1883.90,397.56,35.41,243.45,0.2371,-1,-1,-1
8,-1,656.32,451.32,49.36,164.70,0.2293,-1,-1,-1
8,-1,1015.28,426.75,42.34,104.59,0.2157,-1,-1,-1
8,-1,1082.95,448.39,51.82,140.77,0.2123,-1,-1,-1
8,-1,1672.07,411.99,115.59,228.09,0.1812,-1,-1,-1
8,-1,916.68,432.32,59.86,153.63,0.1466,-1,-1,-1
8,-1,1886.99,462.73,32.44,190.08,0.1459,-1,-1,-1
8,-1,934.89,434.55,36.02,79.33,0.1410,-1,-1,-1
8,-1,657.05,451.25,39.20,100.96,0.1318,-1,-1,-1
8,-1,1837.56,477.65,48.31,142.76,0.1293,-1,-1,-1
8,-1,1302.26,419.21,44.81,129.36,0.1203,-1,-1,-1
8,-1,1075.86,462.80,38.96,126.22,0.1162,-1,-1,-1
8,-1,664.49,458.51,54.15,151.00,0.1105,-1,-1,-1
8,-1,807.31,478.12,27.57,71.03,0.1011,-1,-1,-1
9,-1,1405.17,413.03,128.75,385.83,0.8378,-1,-1,-1
9,-1,583.15,446.74,90.88,262.26,0.8321,-1,-1,-1
9,-1,437.99,445.56,131.66,278.27,0.8082,-1,-1,-1
9,-1,1496.26,426.02,109.13,347.79,0.7184,-1,-1,-1
9,-1,1380.90,435.59,39.45,124.67,0.4444,-1,-1,-1
9,-1,733.83,467.07,34.81,104.32,0.4390,-1,-1,-1
9,-1,1253.78,431.94,37.19,115.70,0.4273,-1,-1,-1
9,-1,1011.19,425.40,45.54,105.67,0.3632,-1,-1,-1
9,-1,654.59,455.77,66.99,190.16,0.3307,-1,-1,-1
9,-1,1876.10,387.78,43.21,256.84,0.2976,-1,-1,-1
9,-1,1084.11,448.65,50.28,141.01,0.2820,-1,-1,-1
9,-1,1858.08,384.97,61.48,267.39,0.2699,-1,-1,-1
9,-1,696.30,454.04,38.28,142.94,0.2429,-1,-1,-1
9,-1,1889.31,403.16,30.08,237.64,0.2160,-1,-1,-1
9,-1,1828.20,478.81,61.60,156.82,0.1702,-1,-1,-1
9,-1,1676.29,412.30,111.37,227.46,0.1457,-1,-1,-1
9,-1,1079.73,455.86,39.55,134.47,0.1442,-1,-1,-1
9,-1,917.68,433.16,57.69,153.40,0.1118,-1,-1,-1
9,-1,934.43,434.93,35.41,81.52,0.1042,-1,-1,-1
9,-1,658.14,451.60,41.17,78.24,0.1033,-1,-1,-1
9,-1,1868.15,471.19,51.23,183.21,0.1021,-1,-1,-1
10,-1,1413.02,409.38,122.35,387.74,0.8316,-1,-1,-1
10,-1,584.39,446.15,91.44,263.25,0.8304,-1,-1,-1
10,-1,440.11,445.87,131.10,277.05,0.8063,-1,-1,-1
10,-1,1514.37,424.07,105.41,352.60,0.6747,-1,-1,-1
10,-1,1380.07,432.46,44.56,130.71,0.5411,-1,-1,-1
10,-1,1253.63,439.14,36.65,109.37,0.4846,-1,-1,-1
10,-1,733.95,468.69,34.40,102.27,0.4492,-1,-1,-1
10,-1,655.46,454.39,68.54,192.25,0.3478,-1,-1,-1
10,-1,1082.13,448.79,52.23,142.40,0.2948,-1,-1,-1
10,-1,690.24,459.36,42.47,145.80,0.2549,-1,-1,-1
10,-1,1877.94,394.05,41.36,245.30,0.2321,-1,-1,-1
10,-1,1854.71,463.01,64.81,193.54,0.2275,-1,-1,-1
10,-1,1858.14,385.28,61.42,266.69,0.2169,-1,-1,-1
10,-1,1892.27,430.61,27.13,207.23,0.2133,-1,-1,-1
10,-1,1827.06,478.05,63.53,156.50,0.1974,-1,-1,-1
10,-1,1013.79,428.17,44.76,102.14,0.1614,-1,-1,-1
10,-1,1674.36,414.15,113.64,225.22,0.1455,-1,-1,-1
10,-1,700.86,452.25,33.15,144.68,0.1355,-1,-1,-1
10,-1,1303.41,418.99,43.40,130.06,0.1349,-1,-1,-1
10,-1,1838.41,477.01,47.06,142.12,0.1340,-1,-1,-1
10,-1,918.79,435.06,55.16,151.10,0.1025,-1,-1,-1
10,-1,659.43,451.53,39.51,117.88,0.1013,-1,-1,-1
11,-1,584.96,445.93,90.85,263.32,0.8199,-1,-1,-1
11,-1,441.63,445.35,129.75,277.44,0.8145,-1,-1,-1
11,-1,1427.24,410.03,118.94,391.42,0.8113,-1,-1,-1
11,-1,1534.58,422.26,93.30,347.57,0.7806,-1,-1,-1
11,-1,1253.48,439.57,36.94,109.06,0.5148,-1,-1,-1
11,-1,1383.44,434.69,42.09,128.81,0.4893,-1,-1,-1
11,-1,733.82,466.96,34.32,103.63,0.4545,-1,-1,-1
11,-1,1011.23,425.41,46.54,106.06,0.3791,-1,-1,-1
11,-1,655.46,453.11,69.05,195.93,0.3763,-1,-1,-1
11,-1,1082.15,448.15,52.47,143.52,0.3502,-1,-1,-1
11,-1,687.60,458.35,44.32,147.39,0.2761,-1,-1,-1
11,-1,1876.91,391.52,42.40,249.76,0.2641,-1,-1,-1
11,-1,1857.54,385.37,62.02,266.45,0.2483,-1,-1,-1
11,-1,1377.45,432.34,35.64,130.85,0.2482,-1,-1,-1
11,-1,1892.55,417.64,26.87,218.17,0.2167,-1,-1,-1
11,-1,1827.87,478.39,63.30,156.55,0.2162,-1,-1,-1
11,-1,1388.96,431.05,43.09,142.08,0.2136,-1,-1,-1
11,-1,699.04,453.87,35.04,148.74,0.2027,-1,-1,-1
11,-1,1674.73,415.84,113.10,223.53,0.1963,-1,-1,-1
11,-1,1303.29,419.74,42.59,129.41,0.1712,-1,-1,-1
11,-1,1877.02,476.63,42.37,175.69,0.1204,-1,-1,-1
11,-1,1670.84,448.35,44.45,140.61,0.1202,-1,-1,-1
12,-1,442.10,445.11,130.44,279.25,0.8204,-1,-1,-1
12,-1,584.46,445.20,91.70,264.58,0.8088,-1,-1,-1
12,-1,1537.44,423.26,97.39,348.00,0.7925,-1,-1,-1
12,-1,1438.36,407.83,115.58,388.82,0.7816,-1,-1,-1
12,-1,732.58,463.25,35.74,108.41,0.5076,-1,-1,-1
12,-1,1253.79,429.65,39.00,116.84,0.4747,-1,-1,-1
12,-1,1383.36,436.11,44.39,125.76,0.4368,-1,-1,-1
12,-1,656.55,454.45,69.41,193.88,0.3455,-1,-1,-1
12,-1,687.88,459.58,44.40,146.28,0.3127,-1,-1,-1
12,-1,1875.91,389.77,43.41,254.15,0.3105,-1,-1,-1
12,-1,1082.22,447.30,52.85,143.76,0.3056,-1,-1,-1
12,-1,1857.53,385.83,62.03,266.13,0.2539,-1,-1,-1
12,-1,654.55,451.37,49.17,197.95,0.2239,-1,-1,-1
12,-1,1888.50,402.73,30.89,235.61,0.2212,-1,-1,-1
12,-1,1303.65,416.78,41.85,131.84,0.1990,-1,-1,-1
12,-1,1674.81,413.05,113.14,226.49,0.1860,-1,-1,-1
12,-1,661.12,452.48,49.07,173.79,0.1684,-1,-1,-1
12,-1,1390.40,433.58,46.92,128.40,0.1534,-1,-1,-1
12,-1,1831.82,479.05,59.88,155.86,0.1320,-1,-1,-1
12,-1,1669.26,446.86,48.36,143.15,0.1291,-1,-1,-1
12,-1,723.33,461.95,34.32,114.37,0.1180,-1,-1,-1
12,-1,701.55,453.79,31.45,128.63,0.1018,-1,-1,-1
13,-1,444.65,442.84,127.28,281.95,0.8372,-1,-1,-1
13,-1,584.51,444.40,92.29,265.55,0.8164,-1,-1,-1
13,-1,1450.67,412.05,116.82,385.69,0.7483,-1,-1,-1
13,-1,1540.09,421.92,111.41,360.55,0.7151,-1,-1,-1
13,-1,732.21,460.35,35.90,113.25,0.5025,-1,-1,-1
13,-1,1383.37,436.19,43.10,123.17,0.4925,-1,-1,-1
13,-1,1253.51,433.62,38.18,113.05,0.4458,-1,-1,-1
13,-1,658.37,452.25,68.27,197.27,0.3708,-1,-1,-1
13,-1,1083.91,445.98,50.47,145.36,0.3033,-1,-1,-1
13,-1,1674.71,424.01,112.91,214.82,0.2884,-1,-1,-1
13,-1,684.24,456.09,47.38,148.70,0.2861,-1,-1,-1
13,-1,1884.69,401.35,34.60,238.55,0.2417,-1,-1,-1
13,-1,699.50,454.65,34.97,146.44,0.2110,-1,-1,-1
13,-1,1856.02,384.46,63.55,267.14,0.2085,-1,-1,-1
13,-1,1828.89,478.96,64.98,156.18,0.1928,-1,-1,-1
13,-1,1304.14,418.05,40.93,130.38,0.1726,-1,-1,-1
13,-1,1389.56,436.11,48.48,122.79,0.1572,-1,-1,-1
13,-1,715.44,459.04,34.39,129.13,0.1421,-1,-1,-1
13,-1,706.17,455.41,36.52,124.61,0.1083,-1,-1,-1
13,-1,1416.47,489.27,41.17,121.22,0.1002,-1,-1,-1
14,-1,582.35,445.41,92.62,263.01,0.8174,-1,-1,-1
14,-1,445.74,442.47,126.98,286.24,0.8150,-1,-1,-1
14,-1,1546.28,419.91,135.78,369.96,0.6646,-1,-1,-1
14,-1,1453.64,410.79,122.97,379.99,0.6361,-1,-1,-1
14,-1,731.28,460.20,37.18,114.22,0.4724,-1,-1,-1
14,-1,1253.88,427.86,39.22,119.79,0.4145,-1,-1,-1
14,-1,659.51,451.72,68.29,192.46,0.3587,-1,-1,-1
14,-1,1386.42,431.46,44.28,131.50,0.3255,-1,-1,-1
14,-1,677.18,455.24,54.86,148.81,0.3076,-1,-1,-1
14,-1,1084.08,447.69,50.98,143.02,0.3050,-1,-1,-1
14,-1,1677.22,428.57,110.99,210.70,0.2410,-1,-1,-1
14,-1,1886.34,403.29,32.96,237.48,0.2211,-1,-1,-1
14,-1,1856.74,384.95,62.83,267.19,0.2028,-1,-1,-1
14,-1,1830.73,478.24,62.56,157.02,0.1981,-1,-1,-1
14,-1,699.71,453.86,34.86,145.89,0.1927,-1,-1,-1
14,-1,1438.61,413.03,110.73,384.62,0.1821,-1,-1,-1
14,-1,1303.82,417.14,41.49,131.18,0.1757,-1,-1,-1
14,-1,1853.42,475.92,66.13,179.82,0.1738,-1,-1,-1
14,-1,723.56,459.96,35.42,119.77,0.1687,-1,-1,-1
14,-1,707.51,454.39,40.45,125.15,0.1242,-1,-1,-1
14,-1,1875.33,473.74,44.05,179.36,0.1128,-1,-1,-1
15,-1,582.30,445.11,92.78,262.56,0.8307,-1,-1,-1
15,-1,448.18,444.53,125.10,283.69,0.8035,-1,-1,-1
15,-1,1543.64,422.11,160.94,372.60,0.7200,-1,-1,-1
15,-1,1448.75,404.27,113.12,395.28,0.6114,-1,-1,-1
15,-1,730.85,453.46,38.04,120.30,0.4910,-1,-1,-1
15,-1,1254.10,431.11,37.38,114.67,0.4140,-1,-1,-1
15,-1,659.91,449.53,68.47,199.20,0.3356,-1,-1,-1
15,-1,1881.69,398.73,37.60,239.93,0.2916,-1,-1,-1
15,-1,682.56,451.84,52.22,152.08,0.2708,-1,-1,-1
15,-1,1084.31,446.40,51.48,142.79,0.2507,-1,-1,-1
15,-1,1388.05,428.44,51.09,132.52,0.2445,-1,-1,-1
15,-1,1860.57,383.76,58.99,266.82,0.2197,-1,-1,-1
15,-1,1409.17,433.37,39.77,126.70,0.2192,-1,-1,-1
15,-1,697.88,450.03,37.70,147.90,0.2114,-1,-1,-1
15,-1,1679.14,438.19,109.04,197.91,0.2009,-1,-1,-1
15,-1,1831.57,478.10,63.96,157.60,0.1907,-1,-1,-1
15,-1,662.84,450.34,49.81,168.24,0.1616,-1,-1,-1
15,-1,1457.94,414.41,150.01,386.45,0.1389,-1,-1,-1
15,-1,1838.88,476.79,48.54,142.92,0.1338,-1,-1,-1
15,-1,711.40,456.71,32.54,133.39,0.1277,-1,-1,-1
15,-1,1877.05,458.88,42.34,193.54,0.1215,-1,-1,-1
15,-1,1303.27,417.65,42.93,130.11,0.1164,-1,-1,-1
15,-1,663.47,451.94,42.06,109.69,0.1121,-1,-1,-1
15,-1,711.82,452.21,44.69,127.39,0.1121,-1,-1,-1
15,-1,1702.06,454.18,86.49,167.36,0.1094,-1,-1,-1
15,-1,1715.74,454.59,71.04,132.10,0.1073,-1,-1,-1
15,-1,1496.30,415.83,125.23,389.59,0.1055,-1,-1,-1
15,-1,1541.89,426.41,39.01,142.09,0.1048,-1,-1,-1
16,-1,582.88,444.87,91.53,263.57,0.8479,-1,-1,-1
16,-1,1565.46,425.89,163.99,370.08,0.7791,-1,-1,-1
16,-1,446.98,443.26,117.79,286.48,0.7461,-1,-1,-1
16,-1,1463.20,415.67,109.42,378.97,0.5219,-1,-1,-1
16,-1,1253.24,432.97,36.56,113.41,0.4423,-1,-1,-1
16,-1,730.69,459.98,36.43,118.24,0.4385,-1,-1,-1
16,-1,1390.23,427.53,49.35,131.29,0.4073,-1,-1,-1
16,-1,1449.47,409.99,89.45,390.96,0.3977,-1,-1,-1
16,-1,661.34,448.54,67.37,197.70,0.3583,-1,-1,-1
16,-1,1453.82,415.67,173.79,385.83,0.3117,-1,-1,-1
16,-1,684.95,452.52,47.12,151.13,0.3113,-1,-1,-1
16,-1,1084.77,442.15,52.03,148.39,0.2947,-1,-1,-1
16,-1,1885.17,400.96,34.13,238.98,0.2664,-1,-1,-1
16,-1,1832.68,478.04,62.43,157.62,0.2641,-1,-1,-1
16,-1,1860.82,386.03,58.74,265.59,0.2164,-1,-1,-1
16,-1,700.01,450.24,34.45,141.65,0.2005,-1,-1,-1
16,-1,719.33,460.48,34.70,127.24,0.1827,-1,-1,-1
16,-1,1529.02,421.59,111.46,387.41,0.1670,-1,-1,-1
16,-1,1720.87,460.17,67.96,124.06,0.1633,-1,-1,-1
16,-1,663.09,448.83,48.32,162.90,0.1492,-1,-1,-1
16,-1,1883.15,456.08,36.24,195.50,0.1483,-1,-1,-1
16,-1,1683.72,442.53,105.97,193.69,0.1449,-1,-1,-1
16,-1,1303.31,417.76,43.07,129.57,0.1394,-1,-1,-1
16,-1,1094.75,437.05,43.27,137.41,0.1359,-1,-1,-1
16,-1,1407.96,471.44,28.72,89.58,0.1284,-1,-1,-1
16,-1,535.81,449.82,49.03,260.75,0.1280,-1,-1,-1
16,-1,534.06,447.09,72.63,258.16,0.1225,-1,-1,-1
16,-1,1842.92,477.35,74.67,175.66,0.1124,-1,-1,-1
16,-1,708.94,452.43,45.70,130.79,0.1093,-1,-1,-1
16,-1,663.58,451.41,42.53,97.69,0.1075,-1,-1,-1
16,-1,836.81,471.59,40.02,76.13,0.1064,-1,-1,-1
16,-1,807.63,477.57,26.96,69.92,0.1062,-1,-1,-1
17,-1,584.08,444.72,90.65,264.22,0.8391,-1,-1,-1
17,-1,1577.37,424.32,167.94,373.25,0.8120,-1,-1,-1
17,-1,449.22,443.06,115.77,288.28,0.7812,-1,-1,-1
17,-1,1453.16,411.69,147.13,389.41,0.4831,-1,-1,-1
17,-1,729.13,456.06,37.43,123.66,0.4494,-1,-1,-1
17,-1,1252.85,430.97,36.81,115.32,0.4315,-1,-1,-1
17,-1,1463.62,413.23,204.39,393.86,0.4004,-1,-1,-1
17,-1,660.73,448.98,69.33,203.33,0.3691,-1,-1,-1
17,-1,1388.91,431.05,48.23,126.00,0.2809,-1,-1,-1
17,-1,684.33,451.80,48.77,151.29,0.2733,-1,-1,-1
17,-1,1453.08,413.76,102.79,387.69,0.2517,-1,-1,-1
17,-1,1883.59,398.68,35.70,247.99,0.2480,-1,-1,-1
17,-1,1857.71,387.34,61.85,266.70,0.2241,-1,-1,-1
17,-1,1081.53,441.02,53.37,151.17,0.2068,-1,-1,-1
17,-1,699.68,450.77,34.53,138.63,0.1838,-1,-1,-1
17,-1,1723.83,455.61,65.25,128.32,0.1703,-1,-1,-1
17,-1,1832.02,477.99,63.31,158.21,0.1669,-1,-1,-1
17,-1,663.06,449.72,47.86,160.78,0.1604,-1,-1,-1
17,-1,709.36,451.21,48.41,131.51,0.1449,-1,-1,-1
17,-1,663.90,451.67,42.05,111.55,0.1322,-1,-1,-1
17,-1,1302.84,416.65,44.40,131.02,0.1289,-1,-1,-1
18,-1,583.48,446.24,91.36,264.01,0.8482,-1,-1,-1
18,-1,1453.25,421.69,220.49,391.84,0.8083,-1,-1,-1
18,-1,1584.78,430.63,158.00,364.61,0.7709,-1,-1,-1
18,-1,449.53,444.09,114.36,287.87,0.7544,-1,-1,-1
18,-1,728.35,456.95,37.47,121.36,0.4404,-1,-1,-1
18,-1,1252.49,433.45,36.37,112.59,0.4218,-1,-1,-1
18,-1,660.93,448.43,68.29,198.83,0.3366,-1,-1,-1
18,-1,1885.61,401.75,33.69,242.65,0.2305,-1,-1,-1
18,-1,681.98,451.52,50.58,152.86,0.2250,-1,-1,-1
18,-1,1081.62,447.76,50.43,144.49,0.2126,-1,-1,-1
18,-1,1855.35,385.51,64.22,267.33,0.1930,-1,-1,-1
18,-1,698.94,450.17,34.98,134.31,0.1686,-1,-1,-1
18,-1,1831.81,477.58,65.19,158.58,0.1650,-1,-1,-1
18,-1,1403.60,437.24,34.14,121.59,0.1612,-1,-1,-1
18,-1,719.79,452.04,41.32,128.51,0.1458,-1,-1,-1
18,-1,663.08,448.91,49.08,161.15,0.1362,-1,-1,-1
18,-1,537.04,442.84,62.48,264.62,0.1188,-1,-1,-1
18,-1,809.06,478.84,29.01,69.09,0.1166,-1,-1,-1
18,-1,1095.14,446.72,40.72,143.63,0.1109,-1,-1,-1
18,-1,1839.40,476.29,47.84,146.84,0.1106,-1,-1,-1
18,-1,664.05,451.07,41.92,111.73,0.1086,-1,-1,-1
18,-1,1436.65,472.04,35.42,69.36,0.1021,-1,-1,-1
18,-1,1872.54,472.17,46.84,181.93,0.1010,-1,-1,-1
19,-1,583.82,445.50,91.96,266.00,0.8409,-1,-1,-1
19,-1,450.81,446.72,115.27,283.30,0.7695,-1,-1,-1
19,-1,1579.94,445.30,173.47,352.10,0.6993,-1,-1,-1
19,-1,1457.46,411.63,188.55,389.63,0.6980,-1,-1,-1
19,-1,726.90,459.31,39.19,117.52,0.4730,-1,-1,-1
19,-1,1252.45,435.49,35.49,110.89,0.4189,-1,-1,-1
19,-1,661.48,450.51,66.91,196.58,0.3754,-1,-1,-1
19,-1,672.94,453.92,59.16,151.21,0.2756,-1,-1,-1
19,-1,1887.46,402.71,31.85,237.01,0.2376,-1,-1,-1
19,-1,1080.98,444.00,51.72,148.37,0.2331,-1,-1,-1
19,-1,1832.18,478.72,65.13,157.11,0.2288,-1,-1,-1
19,-1,1857.01,386.31,62.55,265.46,0.2153,-1,-1,-1
19,-1,1439.45,472.48,34.68,64.41,0.1952,-1,-1,-1
19,-1,1883.50,477.85,35.90,172.54,0.1261,-1,-1,-1
19,-1,477.00,453.34,96.49,261.71,0.1161,-1,-1,-1
19,-1,1489.64,424.12,206.12,392.03,0.1090,-1,-1,-1
19,-1,1023.12,444.98,35.93,82.88,0.1019,-1,-1,-1
20,-1,584.98,445.56,93.62,265.79,0.8293,-1,-1,-1
20,-1,456.34,447.21,112.92,279.97,0.7884,-1,-1,-1
20,-1,1458.32,412.40,175.16,386.69,0.7454,-1,-1,-1
20,-1,1600.67,448.29,157.24,352.71,0.6873,-1,-1,-1
20,-1,726.54,455.68,39.94,119.81,0.4612,-1,-1,-1
20,-1,1252.17,434.73,36.03,111.66,0.4280,-1,-1,-1
20,-1,662.02,448.55,67.23,205.31,0.3524,-1,-1,-1
20,-1,1415.86,452.42,34.25,107.36,0.2779,-1,-1,-1
20,-1,673.81,451.21,57.76,155.80,0.2755,-1,-1,-1
20,-1,1876.02,395.33,43.25,247.22,0.2692,-1,-1,-1
20,-1,1858.46,387.07,61.11,264.42,0.2448,-1,-1,-1
20,-1,1831.93,479.51,64.20,156.51,0.2261,-1,-1,-1
20,-1,1081.56,447.00,51.05,143.39,0.2043,-1,-1,-1
20,-1,1892.16,416.59,27.24,217.18,0.2000,-1,-1,-1
20,-1,489.56,451.54,78.68,266.78,0.1997,-1,-1,-1
20,-1,1444.17,466.03,33.36,87.67,0.1461,-1,-1,-1
20,-1,664.32,448.67,58.14,165.20,0.1242,-1,-1,-1
20,-1,1886.56,481.14,32.84,167.67,0.1060,-1,-1,-1
20,-1,809.07,480.50,28.98,67.22,0.1058,-1,-1,-1
20,-1,1835.58,434.58,81.60,211.76,0.1014,-1,-1,-1
21,-1,584.63,444.66,100.48,266.55,0.8296,-1,-1,-1
21,-1,458.28,448.07,111.38,277.74,0.7817,-1,-1,-1
21,-1,1623.99,438.33,132.60,363.41,0.7376,-1,-1,-1
21,-1,1460.22,413.29,237.93,403.20,0.5786,-1,-1,-1
21,-1,724.81,456.49,41.55,120.78,0.4996,-1,-1,-1
21,-1,1252.08,434.57,36.29,111.86,0.4647,-1,-1,-1
21,-1,1417.06,448.22,34.25,112.78,0.3501,-1,-1,-1
21,-1,661.92,451.06,69.25,198.28,0.2774,-1,-1,-1
21,-1,1460.07,412.71,170.26,394.18,0.2680,-1,-1,-1
21,-1,1833.30,478.58,62.92,157.97,0.2511,-1,-1,-1
21,-1,1876.16,398.50,43.11,241.91,0.2338,-1,-1,-1
21,-1,1857.62,387.29,61.95,264.49,0.2227,-1,-1,-1
21,-1,1853.23,471.20,66.31,184.83,0.2212,-1,-1,-1
21,-1,685.39,454.34,46.91,151.52,0.2135,-1,-1,-1
21,-1,1439.12,462.20,29.49,97.78,0.1752,-1,-1,-1
21,-1,1083.94,441.33,47.52,148.83,0.1749,-1,-1,-1
21,-1,1893.47,439.05,25.93,193.99,0.1711,-1,-1,-1
21,-1,1835.87,458.46,81.16,187.81,0.1545,-1,-1,-1
21,-1,693.32,449.78,39.46,134.63,0.1545,-1,-1,-1
21,-1,1447.13,466.50,30.38,88.19,0.1133,-1,-1,-1
21,-1,1886.63,481.01,32.77,168.08,0.1102,-1,-1,-1
21,-1,809.26,481.17,27.90,66.72,0.1023,-1,-1,-1
22,-1,584.81,445.43,102.71,265.66,0.8184,-1,-1,-1
22,-1,461.40,448.14,109.46,279.98,0.7593,-1,-1,-1
22,-1,1634.95,426.85,125.04,374.56,0.7252,-1,-1,-1
22,-1,1462.30,411.52,191.49,396.84,0.6609,-1,-1,-1
22,-1,1251.46,434.10,35.84,112.05,0.5188,-1,-1,-1
22,-1,1416.33,429.02,42.69,131.57,0.4449,-1,-1,-1
22,-1,723.78,462.64,43.50,113.69,0.4388,-1,-1,-1
22,-1,1875.65,394.95,43.68,248.61,0.2676,-1,-1,-1
22,-1,663.51,453.16,64.90,170.49,0.2631,-1,-1,-1
22,-1,1084.99,447.07,47.21,143.59,0.2623,-1,-1,-1
22,-1,679.39,456.59,49.73,149.87,0.2621,-1,-1,-1
22,-1,1859.95,389.73,59.62,262.09,0.2574,-1,-1,-1
22,-1,1830.47,477.41,68.48,160.91,0.2125,-1,-1,-1
22,-1,1890.74,406.78,28.67,227.69,0.1930,-1,-1,-1
22,-1,1835.65,415.35,81.56,231.90,0.1446,-1,-1,-1
22,-1,692.36,451.49,39.85,137.02,0.1428,-1,-1,-1
22,-1,1424.89,457.14,34.80,101.85,0.1366,-1,-1,-1
22,-1,717.27,473.12,48.67,125.44,0.1304,-1,-1,-1
22,-1,1415.35,456.27,51.66,103.67,0.1231,-1,-1,-1
22,-1,1845.38,481.15,71.91,171.27,0.1145,-1,-1,-1
22,-1,726.35,454.93,38.18,79.35,0.1134,-1,-1,-1
22,-1,1885.49,464.65,33.94,185.31,0.1098,-1,-1,-1
22,-1,1303.26,417.76,41.54,127.61,0.1042,-1,-1,-1
23,-1,584.54,445.56,104.86,265.43,0.8092,-1,-1,-1
23,-1,1467.74,409.77,182.22,395.13,0.7392,-1,-1,-1
23,-1,464.74,449.14,110.36,278.52,0.7285,-1,-1,-1
23,-1,1638.88,429.79,120.48,372.64,0.7246,-1,-1,-1
23,-1,1251.14,438.95,34.14,106.96,0.5229,-1,-1,-1
23,-1,721.21,466.00,46.36,109.60,0.4812,-1,-1,-1
23,-1,1418.36,434.02,47.19,126.58,0.4793,-1,-1,-1
23,-1,1858.20,391.07,61.37,261.06,0.2941,-1,-1,-1
23,-1,1830.23,477.16,69.86,160.71,0.2715,-1,-1,-1
23,-1,1880.85,398.79,38.46,244.32,0.2695,-1,-1,-1
23,-1,1085.73,449.78,47.11,141.12,0.2558,-1,-1,-1
23,-1,679.24,460.56,46.27,144.07,0.2496,-1,-1,-1
23,-1,663.56,454.79,61.25,159.95,0.2433,-1,-1,-1
23,-1,1890.75,407.96,28.66,227.53,0.2283,-1,-1,-1
23,-1,690.81,450.41,39.80,138.65,0.1703,-1,-1,-1
23,-1,1452.89,465.51,38.22,90.35,0.1657,-1,-1,-1
23,-1,1887.01,450.71,32.42,198.06,0.1596,-1,-1,-1
23,-1,1845.43,478.40,71.02,173.89,0.1466,-1,-1,-1
23,-1,715.55,473.68,52.80,125.33,0.1401,-1,-1,-1
23,-1,1835.59,403.57,81.08,242.20,0.1377,-1,-1,-1
23,-1,1079.56,465.32,45.17,125.35,0.1321,-1,-1,-1
23,-1,1447.94,456.06,32.96,102.72,0.1003,-1,-1,-1
23,-1,725.71,454.76,38.40,83.16,0.1002,-1,-1,-1
24,-1,584.53,445.25,102.95,265.20,0.7983,-1,-1,-1
24,-1,1648.93,422.49,110.03,382.06,0.7299,-1,-1,-1
24,-1,465.74,448.78,114.02,280.39,0.7262,-1,-1,-1
24,-1,1250.53,438.72,34.82,107.11,0.5347,-1,-1,-1
24,-1,1476.40,410.03,192.48,397.54,0.5285,-1,-1,-1
24,-1,722.65,466.53,46.16,106.31,0.5274,-1,-1,-1
24,-1,1455.60,465.81,31.99,91.08,0.3419,-1,-1,-1
24,-1,1083.19,452.77,49.32,138.94,0.3198,-1,-1,-1
24,-1,1521.94,410.81,166.14,395.50,0.2770,-1,-1,-1
24,-1,1831.46,475.53,67.59,163.13,0.2637,-1,-1,-1
24,-1,1859.38,391.42,60.19,260.88,0.2389,-1,-1,-1
24,-1,689.35,449.03,41.85,123.51,0.2339,-1,-1,-1
24,-1,1882.45,400.47,36.87,242.72,0.2322,-1,-1,-1
24,-1,682.54,456.31,45.04,141.49,0.2052,-1,-1,-1
24,-1,662.23,453.12,64.29,195.35,0.1944,-1,-1,-1
24,-1,1891.53,414.17,27.88,221.76,0.1925,-1,-1,-1
24,-1,1835.08,439.12,81.25,207.78,0.1843,-1,-1,-1
24,-1,1417.93,434.09,54.35,125.94,0.1526,-1,-1,-1
24,-1,691.27,449.84,39.26,71.30,0.1467,-1,-1,-1
24,-1,1886.95,451.46,32.49,198.00,0.1460,-1,-1,-1
24,-1,1845.50,476.20,71.86,176.29,0.1280,-1,-1,-1
24,-1,1476.54,443.51,144.16,359.80,0.1239,-1,-1,-1
25,-1,1657.02,418.48,109.96,382.37,0.7640,-1,-1,-1
25,-1,584.71,444.65,101.17,266.18,0.7489,-1,-1,-1
25,-1,461.86,446.44,117.51,279.11,0.7222,-1,-1,-1
25,-1,1486.00,407.28,190.50,403.46,0.6747,-1,-1,-1
25,-1,1250.02,443.66,36.18,100.31,0.5406,-1,-1,-1
25,-1,718.40,465.93,49.33,107.63,0.5041,-1,-1,-1
25,-1,1455.45,464.22,35.01,92.78,0.4036,-1,-1,-1
25,-1,660.68,453.70,64.65,222.22,0.2905,-1,-1,-1
25,-1,1832.37,475.88,66.14,164.29,0.2753,-1,-1,-1
25,-1,1084.09,448.57,47.80,144.13,0.2676,-1,-1,-1
25,-1,1859.73,391.73,59.83,262.21,0.2113,-1,-1,-1
25,-1,1883.62,401.27,35.70,243.42,0.2017,-1,-1,-1
25,-1,651.28,458.70,65.65,248.32,0.1860,-1,-1,-1
25,-1,1835.52,451.63,80.01,195.45,0.1844,-1,-1,-1
25,-1,1892.58,423.62,26.82,214.51,0.1741,-1,-1,-1
25,-1,717.18,465.81,52.92,144.82,0.1696,-1,-1,-1
25,-1,688.59,448.61,42.04,115.73,0.1531,-1,-1,-1
25,-1,1888.63,459.33,30.80,191.80,0.1354,-1,-1,-1
25,-1,690.79,450.15,39.66,71.19,0.1300,-1,-1,-1
25,-1,679.20,457.58,47.15,148.29,0.1188,-1,-1,-1
25,-1,1851.67,483.36,61.36,172.62,0.1138,-1,-1,-1
25,-1,725.63,454.94,39.20,93.68,0.1128,-1,-1,-1
26,-1,1497.26,405.40,205.81,412.38,0.7715,-1,-1,-1
26,-1,464.33,446.31,121.10,281.67,0.7645,-1,-1,-1
26,-1,586.23,445.13,100.61,265.24,0.7325,-1,-1,-1
26,-1,1667.43,413.28,108.68,385.54,0.6866,-1,-1,-1
26,-1,1250.15,443.00,36.35,100.27,0.5508,-1,-1,-1
26,-1,717.20,465.59,52.51,108.76,0.4989,-1,-1,-1
26,-1,1459.50,458.69,36.95,99.71,0.4692,-1,-1,-1
26,-1,1083.82,450.49,49.73,142.07,0.3276,-1,-1,-1
26,-1,1832.02,475.65,65.53,163.93,0.3062,-1,-1,-1
26,-1,661.30,453.38,65.49,217.53,0.2759,-1,-1,-1
26,-1,723.14,453.22,40.56,116.92,0.2221,-1,-1,-1
26,-1,1858.03,390.12,61.52,263.37,0.2141,-1,-1,-1
26,-1,654.08,457.87,64.51,248.93,0.2136,-1,-1,-1
26,-1,1876.87,394.80,42.39,249.75,0.1828,-1,-1,-1
26,-1,687.89,448.68,42.69,113.55,0.1681,-1,-1,-1
26,-1,1834.43,446.64,80.38,199.44,0.1658,-1,-1,-1
26,-1,1846.91,477.25,65.43,175.56,0.1604,-1,-1,-1
26,-1,1452.09,455.41,38.72,104.13,0.1601,-1,-1,-1
26,-1,1425.49,448.83,41.84,109.51,0.1597,-1,-1,-1
26,-1,690.84,450.01,39.40,70.08,0.1567,-1,-1,-1
26,-1,1893.77,444.24,25.60,193.17,0.1485,-1,-1,-1
26,-1,1305.49,427.13,33.88,118.53,0.1473,-1,-1,-1
26,-1,676.74,455.97,51.40,155.95,0.1053,-1,-1,-1
26,-1,1882.49,461.16,36.87,192.30,0.1052,-1,-1,-1
26,-1,674.62,458.87,47.97,204.12,0.1020,-1,-1,-1
27,-1,1514.21,406.33,186.98,415.31,0.7731,-1,-1,-1
27,-1,464.47,446.26,119.41,279.61,0.7633,-1,-1,-1
27,-1,587.12,446.44,98.87,265.42,0.7593,-1,-1,-1
27,-1,1675.34,410.56,109.63,388.64,0.6887,-1,-1,-1
27,-1,1250.56,442.43,35.96,101.32,0.5342,-1,-1,-1
27,-1,719.92,465.41,49.58,105.31,0.4471,-1,-1,-1
27,-1,1463.93,455.04,35.00,102.35,0.4350,-1,-1,-1
27,-1,494.29,452.79,92.43,263.13,0.3656,-1,-1,-1
27,-1,1832.93,474.98,61.24,166.59,0.3188,-1,-1,-1
27,-1,663.79,453.94,63.73,204.90,0.2851,-1,-1,-1
27,-1,1084.76,451.39,48.51,140.65,0.2642,-1,-1,-1
27,-1,1426.52,442.54,51.72,115.42,0.2536,-1,-1,-1
27,-1,1857.81,392.36,61.71,262.76,0.2438,-1,-1,-1
27,-1,1851.45,479.36,54.00,176.49,0.2311,-1,-1,-1
27,-1,1445.80,447.15,40.49,112.15,0.2148,-1,-1,-1
27,-1,1553.89,449.85,30.05,108.01,0.2121,-1,-1,-1
27,-1,688.46,448.08,43.02,112.99,0.1642,-1,-1,-1
27,-1,691.54,449.52,39.27,65.79,0.1580,-1,-1,-1
27,-1,1884.14,457.00,35.15,196.10,0.1377,-1,-1,-1
27,-1,1877.57,396.68,41.71,249.21,0.1332,-1,-1,-1
27,-1,1305.78,428.53,33.28,117.74,0.1319,-1,-1,-1
27,-1,1533.51,446.35,22.38,63.48,0.1205,-1,-1,-1
27,-1,1895.33,450.58,24.00,188.53,0.1172,-1,-1,-1
27,-1,1079.97,471.22,43.75,119.36,0.1104,-1,-1,-1
27,-1,658.76,457.48,61.14,248.85,0.1068,-1,-1,-1
27,-1,726.10,454.55,39.42,93.82,0.1006,-1,-1,-1
28,-1,1534.96,411.53,170.60,409.15,0.7565,-1,-1,-1
28,-1,588.22,443.31,100.99,271.14,0.7553,-1,-1,-1
28,-1,1678.54,412.42,120.87,391.17,0.7528,-1,-1,-1
28,-1,467.01,445.46,117.71,282.90,0.7359,-1,-1,-1
28,-1,1250.61,441.22,34.16,106.30,0.5407,-1,-1,-1
28,-1,719.41,462.09,50.44,109.70,0.4663,-1,-1,-1
28,-1,497.39,452.49,89.73,264.12,0.4288,-1,-1,-1
28,-1,1423.66,440.38,54.53,119.01,0.4006,-1,-1,-1
28,-1,1551.92,441.58,34.43,115.64,0.3230,-1,-1,-1
28,-1,1469.08,456.55,32.26,101.17,0.3100,-1,-1,-1
28,-1,1086.92,446.28,49.34,143.61,0.2862,-1,-1,-1
28,-1,667.66,454.68,61.47,209.00,0.2801,-1,-1,-1
28,-1,1851.82,484.57,53.48,170.04,0.2532,-1,-1,-1
28,-1,1858.67,393.34,60.87,262.14,0.2514,-1,-1,-1
28,-1,1304.85,425.29,34.72,120.96,0.2499,-1,-1,-1
28,-1,1004.59,426.23,45.68,101.40,0.2422,-1,-1,-1
28,-1,1837.37,474.97,59.25,166.19,0.2297,-1,-1,-1
28,-1,1892.30,458.68,27.16,187.56,0.1862,-1,-1,-1
28,-1,658.91,457.22,61.61,253.04,0.1679,-1,-1,-1
28,-1,1879.09,400.66,40.17,240.15,0.1639,-1,-1,-1
28,-1,677.04,457.68,51.34,167.48,0.1523,-1,-1,-1
28,-1,688.01,449.23,43.44,113.92,0.1412,-1,-1,-1
28,-1,725.39,455.18,40.78,100.71,0.1333,-1,-1,-1
28,-1,690.75,450.16,39.33,55.74,0.1330,-1,-1,-1
28,-1,1540.77,443.05,34.07,111.99,0.1319,-1,-1,-1
28,-1,1300.39,414.04,44.93,138.47,0.1212,-1,-1,-1
28,-1,1534.97,443.80,22.74,106.09,0.1204,-1,-1,-1
28,-1,1862.31,462.92,56.98,192.50,0.1184,-1,-1,-1
28,-1,1079.05,461.37,46.15,128.80,0.1160,-1,-1,-1
28,-1,1581.02,410.74,117.34,398.85,0.1071,-1,-1,-1
29,-1,1557.20,395.32,156.69,426.97,0.8080,-1,-1,-1
29,-1,1675.73,430.67,139.63,368.02,0.7542,-1,-1,-1
29,-1,588.74,444.12,99.52,268.72,0.7448,-1,-1,-1
29,-1,468.10,444.48,118.56,283.33,0.7259,-1,-1,-1
29,-1,1429.03,436.87,55.88,122.55,0.5807,-1,-1,-1
29,-1,1250.40,441.66,34.23,106.50,0.5266,-1,-1,-1
29,-1,721.56,463.06,46.23,111.01,0.4951,-1,-1,-1
29,-1,500.72,453.87,87.63,263.03,0.4326,-1,-1,-1
29,-1,1442.19,441.03,49.32,117.72,0.3340,-1,-1,-1
29,-1,1554.85,455.36,34.70,109.67,0.3291,-1,-1,-1
29,-1,1086.51,446.68,49.42,144.37,0.3038,-1,-1,-1
29,-1,1460.79,440.78,36.05,118.30,0.2555,-1,-1,-1
29,-1,1851.31,486.21,56.39,169.74,0.2266,-1,-1,-1
29,-1,1828.26,476.19,61.34,162.91,0.2070,-1,-1,-1
29,-1,1005.09,435.39,45.35,92.61,0.2009,-1,-1,-1
29,-1,1857.00,395.34,62.53,260.93,0.2001,-1,-1,-1
29,-1,690.90,449.56,39.38,58.46,0.1960,-1,-1,-1
29,-1,1832.42,475.02,76.20,173.96,0.1810,-1,-1,-1
29,-1,1890.32,460.37,29.13,187.17,0.1799,-1,-1,-1
29,-1,1305.37,425.81,33.80,120.58,0.1743,-1,-1,-1
29,-1,671.81,455.56,59.26,193.67,0.1699,-1,-1,-1
29,-1,688.23,447.74,43.14,93.26,0.1664,-1,-1,-1
29,-1,1073.90,454.70,53.42,139.66,0.1384,-1,-1,-1
29,-1,678.72,459.28,52.19,152.80,0.1220,-1,-1,-1
29,-1,1879.45,404.90,39.84,231.32,0.1207,-1,-1,-1
29,-1,683.48,453.69,48.74,129.70,0.1197,-1,-1,-1
29,-1,1300.00,413.71,45.54,138.95,0.1044,-1,-1,-1
30,-1,1580.02,393.78,152.33,430.04,0.7766,-1,-1,-1
30,-1,589.46,442.79,101.27,270.22,0.7381,-1,-1,-1
30,-1,471.13,443.91,115.30,282.51,0.7340,-1,-1,-1
30,-1,1431.73,433.67,52.10,125.53,0.6979,-1,-1,-1
30,-1,1676.52,424.53,165.32,376.87,0.6553,-1,-1,-1
30,-1,1250.57,441.25,33.94,105.64,0.5184,-1,-1,-1
30,-1,720.62,462.02,45.58,111.54,0.4557,-1,-1,-1
30,-1,500.84,453.79,88.44,262.00,0.4026,-1,-1,-1
30,-1,1477.63,449.94,29.46,88.05,0.2987,-1,-1,-1
30,-1,1856.00,389.45,63.61,267.82,0.2898,-1,-1,-1
30,-1,1556.55,459.69,33.87,100.72,0.2738,-1,-1,-1
30,-1,1084.66,445.04,52.36,146.14,0.2604,-1,-1,-1
30,-1,691.02,449.16,39.42,63.24,0.2264,-1,-1,-1
30,-1,1876.42,393.28,42.88,256.79,0.2184,-1,-1,-1
30,-1,1827.38,478.38,70.19,161.71,0.2076,-1,-1,-1
30,-1,688.19,447.64,43.46,90.87,0.1947,-1,-1,-1
30,-1,1894.28,418.65,25.18,217.46,0.1504,-1,-1,-1
30,-1,1834.07,470.69,82.30,182.29,0.1495,-1,-1,-1
30,-1,1305.73,425.82,33.72,119.78,0.1411,-1,-1,-1
30,-1,1889.90,462.99,29.56,181.78,0.1329,-1,-1,-1
30,-1,1077.91,467.83,42.21,123.11,0.1134,-1,-1,-1
30,-1,809.78,479.28,27.70,67.62,0.1104,-1,-1,-1
30,-1,1549.30,445.06,37.85,115.03,0.1074,-1,-1,-1
30,-1,1006.13,441.55,42.41,86.53,0.1016,-1,-1,-1
31,-1,1599.17,396.04,154.55,426.40,0.7762,-1,-1,-1
31,-1,1678.00,411.32,214.96,399.28,0.7397,-1,-1,-1
31,-1,590.35,443.16,102.94,269.14,0.7184,-1,-1,-1
31,-1,471.80,443.86,115.16,286.87,0.7005,-1,-1,-1
31,-1,1441.99,434.19,43.56,124.92,0.5910,-1,-1,-1
31,-1,720.21,457.75,43.92,117.94,0.5102,-1,-1,-1
31,-1,1250.76,442.00,34.23,105.41,0.5061,-1,-1,-1
31,-1,1481.37,446.62,31.17,91.31,0.4289,-1,-1,-1
31,-1,501.24,454.13,87.72,267.32,0.3483,-1,-1,-1
31,-1,1857.58,386.90,61.97,268.00,0.3323,-1,-1,-1
31,-1,1082.67,441.27,53.86,151.44,0.2389,-1,-1,-1
31,-1,1884.28,392.85,35.01,255.09,0.2309,-1,-1,-1
31,-1,689.36,448.29,43.01,93.71,0.1978,-1,-1,-1
31,-1,1552.76,453.33,35.10,104.06,0.1800,-1,-1,-1
31,-1,691.92,450.86,39.18,54.67,0.1545,-1,-1,-1
31,-1,687.78,453.00,45.67,120.87,0.1477,-1,-1,-1
31,-1,809.22,479.23,28.65,68.20,0.1230,-1,-1,-1
31,-1,1100.52,438.05,37.61,131.67,0.1084,-1,-1,-1
31,-1,1827.99,476.87,78.37,167.18,0.1018,-1,-1,-1
31,-1,1006.06,442.16,43.23,86.56,0.1012,-1,-1,-1
32,-1,1606.22,398.15,167.47,436.84,0.8541,-1,-1,-1
32,-1,1716.68,415.64,192.35,392.68,0.7765,-1,-1,-1
32,-1,591.93,443.63,101.23,267.71,0.7406,-1,-1,-1
32,-1,480.75,444.39,105.85,296.29,0.6647,-1,-1,-1
32,-1,1447.29,433.74,40.48,125.73,0.5921,-1,-1,-1
32,-1,720.43,460.33,41.68,118.13,0.4858,-1,-1,-1
32,-1,1250.71,442.58,33.91,105.28,0.4732,-1,-1,-1
32,-1,1484.63,440.40,32.46,94.23,0.4674,-1,-1,-1
32,-1,1084.73,444.57,52.87,146.25,0.2794,-1,-1,-1
32,-1,1863.77,387.32,55.78,269.96,0.2291,-1,-1,-1
32,-1,692.33,449.52,39.36,84.22,0.2161,-1,-1,-1
32,-1,682.10,456.20,53.07,182.22,0.1905,-1,-1,-1
32,-1,686.73,450.71,47.56,135.01,0.1871,-1,-1,-1
32,-1,1850.78,486.74,63.54,170.35,0.1725,-1,-1,-1
32,-1,504.85,450.09,82.88,267.10,0.1430,-1,-1,-1
32,-1,1552.50,447.33,35.23,110.94,0.1321,-1,-1,-1
32,-1,1892.69,397.30,26.66,246.41,0.1320,-1,-1,-1
32,-1,1867.97,476.63,51.41,179.66,0.1119,-1,-1,-1
32,-1,809.86,479.34,27.59,68.10,0.1071,-1,-1,-1
32,-1,1898.91,470.35,20.48,168.35,0.1033,-1,-1,-1
32,-1,1885.44,476.29,34.00,176.77,0.1033,-1,-1,-1
32,-1,1843.03,477.09,53.84,166.67,0.1026,-1,-1,-1
33,-1,1608.93,394.39,178.92,447.29,0.8584,-1,-1,-1
33,-1,592.71,444.06,102.17,269.39,0.7802,-1,-1,-1
33,-1,1729.78,414.49,188.43,399.44,0.7137,-1,-1,-1
33,-1,470.02,443.29,117.21,295.16,0.6912,-1,-1,-1
33,-1,1449.57,434.20,38.79,123.58,0.5433,-1,-1,-1
33,-1,1250.54,442.64,34.34,105.86,0.5284,-1,-1,-1
33,-1,1486.38,439.17,34.13,105.46,0.4441,-1,-1,-1
33,-1,718.14,459.62,42.95,118.84,0.4330,-1,-1,-1
33,-1,1850.06,478.84,69.46,177.58,0.3002,-1,-1,-1
33,-1,683.51,454.97,52.79,198.64,0.2602,-1,-1,-1
33,-1,1086.28,440.23,51.16,149.15,0.2316,-1,-1,-1
33,-1,687.40,452.65,48.50,143.09,0.2158,-1,-1,-1
33,-1,501.40,452.56,88.17,275.79,0.1993,-1,-1,-1
33,-1,1005.79,432.47,42.54,95.64,0.1829,-1,-1,-1
33,-1,690.52,449.48,42.69,113.06,0.1826,-1,-1,-1
33,-1,1553.42,442.47,33.85,117.69,0.1821,-1,-1,-1
33,-1,725.07,453.58,37.13,105.48,0.1633,-1,-1,-1
33,-1,693.11,450.88,38.59,84.17,0.1612,-1,-1,-1
33,-1,1894.48,482.57,24.88,157.25,0.1468,-1,-1,-1
33,-1,1533.36,434.29,23.66,63.21,0.1244,-1,-1,-1
33,-1,692.61,451.28,38.53,57.68,0.1197,-1,-1,-1
33,-1,1306.28,427.92,33.33,117.85,0.1141,-1,-1,-1
33,-1,810.11,479.35,27.11,67.77,0.1095,-1,-1,-1
33,-1,1860.58,386.37,58.99,267.24,0.1078,-1,-1,-1
33,-1,685.74,522.45,44.77,129.94,0.1044,-1,-1,-1
33,-1,1101.97,438.39,35.41,122.22,0.1033,-1,-1,-1
34,-1,1615.22,395.88,189.40,450.24,0.8663,-1,-1,-1
34,-1,601.38,443.62,94.04,268.97,0.7574,-1,-1,-1
34,-1,477.72,443.39,109.23,296.83,0.7310,-1,-1,-1
34,-1,1453.24,432.94,40.38,125.18,0.5680,-1,-1,-1
34,-1,1251.20,441.27,33.98,106.86,0.5335,-1,-1,-1
34,-1,1736.02,432.00,182.66,386.35,0.4668,-1,-1,-1
34,-1,684.62,454.82,50.86,200.31,0.3890,-1,-1,-1
34,-1,1488.24,441.61,35.33,92.52,0.3662,-1,-1,-1
34,-1,717.46,459.41,42.16,122.39,0.3568,-1,-1,-1
34,-1,1080.84,433.56,56.04,157.75,0.2443,-1,-1,-1
34,-1,1100.07,435.91,38.22,145.19,0.1904,-1,-1,-1
34,-1,1881.75,453.18,37.53,195.71,0.1809,-1,-1,-1
34,-1,1005.36,436.48,43.09,90.30,0.1686,-1,-1,-1
34,-1,688.70,450.26,45.25,131.67,0.1601,-1,-1,-1
34,-1,1753.45,453.19,90.09,207.29,0.1549,-1,-1,-1
34,-1,1305.62,427.45,33.31,118.28,0.1479,-1,-1,-1
34,-1,1553.50,443.79,31.72,115.89,0.1417,-1,-1,-1
34,-1,809.97,479.92,27.27,67.58,0.1111,-1,-1,-1
34,-1,685.46,499.18,42.72,153.69,0.1066,-1,-1,-1
34,-1,1867.47,387.27,52.06,267.06,0.1060,-1,-1,-1
34,-1,576.59,458.60,40.43,133.68,0.1038,-1,-1,-1
34,-1,1530.81,436.99,24.73,59.77,0.1023,-1,-1,-1
34,-1,726.32,453.68,35.78,90.26,0.1020,-1,-1,-1
35,-1,1618.40,395.39,199.06,447.01,0.8448,-1,-1,-1
35,-1,1759.71,437.25,157.80,391.49,0.7803,-1,-1,-1
35,-1,603.21,442.62,94.80,268.94,0.7482,-1,-1,-1
35,-1,472.96,443.47,113.77,297.77,0.7014,-1,-1,-1
35,-1,1455.52,434.06,38.87,122.24,0.5466,-1,-1,-1
35,-1,1251.65,440.66,33.52,107.31,0.5172,-1,-1,-1
35,-1,685.42,453.43,49.76,204.50,0.3621,-1,-1,-1
35,-1,1492.67,443.90,31.41,92.16,0.2716,-1,-1,-1
35,-1,500.59,450.77,88.84,274.04,0.2677,-1,-1,-1
35,-1,717.00,459.98,41.99,119.83,0.2667,-1,-1,-1
35,-1,1891.72,467.17,27.52,178.38,0.2373,-1,-1,-1
35,-1,1471.03,439.14,35.21,109.71,0.2261,-1,-1,-1
35,-1,1078.66,441.10,54.23,151.68,0.2112,-1,-1,-1
35,-1,1868.45,390.35,51.06,266.91,0.1936,-1,-1,-1
35,-1,1304.99,425.64,34.50,120.21,0.1884,-1,-1,-1
35,-1,691.13,450.11,42.29,128.53,0.1491,-1,-1,-1
35,-1,1004.45,435.39,42.94,89.38,0.1368,-1,-1,-1
35,-1,576.06,452.45,41.53,140.15,0.1268,-1,-1,-1
35,-1,1760.60,446.34,120.49,226.86,0.1243,-1,-1,-1
35,-1,1301.09,413.41,44.84,140.03,0.1067,-1,-1,-1
35,-1,1528.37,435.73,29.15,62.57,0.1054,-1,-1,-1
35,-1,1075.57,470.50,39.76,119.61,0.1005,-1,-1,-1
36,-1,1623.10,395.40,228.99,466.53,0.8277,-1,-1,-1
36,-1,604.46,444.95,93.42,268.00,0.7721,-1,-1,-1
36,-1,1772.03,416.43,144.70,408.27,0.7702,-1,-1,-1
36,-1,474.29,443.77,112.69,297.42,0.6540,-1,-1,-1
36,-1,1458.39,434.53,39.16,125.59,0.5638,-1,-1,-1
36,-1,1251.65,440.03,33.82,108.55,0.5210,-1,-1,-1
36,-1,685.37,455.63,52.58,199.85,0.3953,-1,-1,-1
36,-1,502.67,450.76,87.69,275.38,0.2999,-1,-1,-1
36,-1,717.18,460.21,42.17,118.55,0.2795,-1,-1,-1
36,-1,1862.66,384.81,56.89,334.67,0.2265,-1,-1,-1
36,-1,1497.12,442.78,30.85,63.37,0.2062,-1,-1,-1
36,-1,1305.12,425.02,34.22,121.08,0.1814,-1,-1,-1
36,-1,1555.37,441.71,30.15,117.77,0.1810,-1,-1,-1
36,-1,1081.14,439.08,51.98,152.21,0.1668,-1,-1,-1
36,-1,1894.61,445.24,24.77,202.78,0.1481,-1,-1,-1
36,-1,576.34,448.95,42.20,141.14,0.1389,-1,-1,-1
36,-1,690.33,452.88,43.69,125.91,0.1356,-1,-1,-1
36,-1,1301.50,413.38,43.43,139.54,0.1200,-1,-1,-1
36,-1,1530.25,436.43,26.54,63.54,0.1169,-1,-1,-1
36,-1,725.44,452.88,36.06,97.24,0.1022,-1,-1,-1
36,-1,1547.38,424.70,35.71,132.13,0.1017,-1,-1,-1
37,-1,1629.73,398.82,256.58,469.99,0.8470,-1,-1,-1
37,-1,609.08,445.21,88.21,267.31,0.7774,-1,-1,-1
37,-1,469.77,445.24,118.29,294.72,0.6611,-1,-1,-1
37,-1,1461.16,434.61,40.57,124.86,0.6546,-1,-1,-1
37,-1,1251.66,438.72,34.54,108.85,0.5208,-1,-1,-1
37,-1,1784.73,455.64,131.76,361.44,0.4391,-1,-1,-1
37,-1,684.18,461.14,56.40,190.38,0.3146,-1,-1,-1
37,-1,685.42,510.29,52.62,143.44,0.2485,-1,-1,-1
37,-1,504.69,452.72,86.03,274.11,0.2224,-1,-1,-1
37,-1,1081.80,441.07,48.67,150.42,0.1794,-1,-1,-1
37,-1,1006.40,440.34,37.88,84.90,0.1787,-1,-1,-1
37,-1,1837.75,435.75,81.85,387.63,0.1701,-1,-1,-1
37,-1,1868.70,391.57,50.90,425.28,0.1622,-1,-1,-1
37,-1,713.28,455.46,44.32,115.42,0.1563,-1,-1,-1
37,-1,1305.59,426.33,34.39,118.72,0.1470,-1,-1,-1
37,-1,1500.27,442.59,31.33,59.11,0.1469,-1,-1,-1
37,-1,1080.49,475.02,47.15,113.55,0.1349,-1,-1,-1
37,-1,1469.50,436.51,38.31,122.65,0.1239,-1,-1,-1
37,-1,576.69,452.34,43.51,139.92,0.1166,-1,-1,-1
37,-1,1865.90,388.85,53.21,168.56,0.1106,-1,-1,-1
37,-1,698.20,452.58,36.07,101.48,0.1001,-1,-1,-1
38,-1,1628.34,398.64,279.15,475.28,0.8508,-1,-1,-1
38,-1,611.60,446.79,85.71,266.71,0.8070,-1,-1,-1
38,-1,1463.64,432.16,39.59,123.68,0.7040,-1,-1,-1
38,-1,466.62,445.46,122.33,290.41,0.6353,-1,-1,-1
38,-1,1252.03,434.82,35.59,112.29,0.5174,-1,-1,-1
38,-1,1803.81,432.76,115.77,385.16,0.4086,-1,-1,-1
38,-1,685.83,465.79,56.60,188.71,0.3671,-1,-1,-1
38,-1,1838.48,428.20,81.08,389.56,0.2971,-1,-1,-1
38,-1,505.17,451.92,86.19,274.88,0.2902,-1,-1,-1
38,-1,1868.83,419.07,50.69,406.49,0.2373,-1,-1,-1
38,-1,686.23,518.67,52.81,136.65,0.1955,-1,-1,-1
38,-1,1079.98,443.81,48.70,150.15,0.1873,-1,-1,-1
38,-1,1503.62,442.42,33.30,62.78,0.1792,-1,-1,-1
38,-1,719.69,466.79,39.27,111.46,0.1733,-1,-1,-1
38,-1,1305.18,425.49,35.33,119.62,0.1682,-1,-1,-1
38,-1,577.43,449.15,42.69,141.47,0.1642,-1,-1,-1
38,-1,1794.53,445.32,95.48,227.47,0.1439,-1,-1,-1
38,-1,1104.72,443.73,31.48,133.24,0.1064,-1,-1,-1
38,-1,1091.15,439.64,46.52,145.57,0.1046,-1,-1,-1
38,-1,1300.35,415.05,45.04,137.83,0.1029,-1,-1,-1
38,-1,808.66,481.64,30.37,66.80,0.1011,-1,-1,-1
39,-1,1629.29,403.69,271.31,470.53,0.8481,-1,-1,-1
39,-1,612.34,446.40,86.85,267.01,0.8095,-1,-1,-1
39,-1,1462.74,432.81,43.13,123.70,0.7212,-1,-1,-1
39,-1,1812.10,443.92,107.27,370.47,0.6834,-1,-1,-1
39,-1,467.84,446.41,122.23,292.44,0.6662,-1,-1,-1
39,-1,1253.27,430.25,39.47,117.47,0.5323,-1,-1,-1
39,-1,686.55,458.89,56.81,197.68,0.3599,-1,-1,-1
39,-1,1082.22,442.06,49.87,150.39,0.2013,-1,-1,-1
39,-1,714.18,459.21,42.56,122.05,0.1870,-1,-1,-1
39,-1,578.91,449.31,42.66,140.17,0.1556,-1,-1,-1
39,-1,1304.22,422.72,38.62,122.39,0.1530,-1,-1,-1
39,-1,513.33,458.57,76.89,259.13,0.1520,-1,-1,-1
39,-1,726.69,458.07,36.49,114.32,0.1285,-1,-1,-1
39,-1,703.55,453.20,47.93,120.96,0.1168,-1,-1,-1
39,-1,700.98,458.55,55.94,186.25,0.1109,-1,-1,-1
39,-1,1080.75,482.90,43.98,107.38,0.1045,-1,-1,-1
40,-1,1629.05,401.88,274.93,470.83,0.8600,-1,-1,-1
40,-1,612.40,446.42,89.36,267.60,0.7844,-1,-1,-1
40,-1,1820.07,438.65,99.46,382.24,0.6968,-1,-1,-1
40,-1,1464.29,432.11,50.32,124.27,0.6753,-1,-1,-1
40,-1,462.84,448.58,128.39,296.53,0.6431,-1,-1,-1
40,-1,1254.44,426.47,39.74,120.73,0.5318,-1,-1,-1
40,-1,687.12,471.83,57.44,187.83,0.3271,-1,-1,-1
40,-1,515.19,459.92,76.47,255.98,0.1971,-1,-1,-1
40,-1,708.28,453.43,49.36,122.27,0.1801,-1,-1,-1
40,-1,1082.45,441.43,48.70,149.69,0.1732,-1,-1,-1
40,-1,1874.21,426.36,45.01,402.66,0.1654,-1,-1,-1
40,-1,575.34,443.62,45.89,146.98,0.1572,-1,-1,-1
40,-1,1301.15,413.45,43.09,133.69,0.1324,-1,-1,-1
40,-1,1821.57,445.43,94.42,204.33,0.1299,-1,-1,-1
40,-1,1081.17,480.86,48.68,109.45,0.1257,-1,-1,-1
40,-1,700.61,457.13,55.42,191.01,0.1252,-1,-1,-1
40,-1,724.14,454.84,37.85,118.96,0.1146,-1,-1,-1
40,-1,717.15,452.90,40.35,81.93,0.1010,-1,-1,-1
41,-1,1635.53,404.50,265.45,470.69,0.8546,-1,-1,-1
41,-1,613.27,447.05,89.30,266.93,0.7962,-1,-1,-1
41,-1,1828.50,407.62,90.97,416.03,0.7277,-1,-1,-1
41,-1,1462.58,430.43,53.41,125.83,0.6940,-1,-1,-1
41,-1,473.23,449.80,118.91,294.31,0.6487,-1,-1,-1
41,-1,1254.79,428.16,38.88,118.86,0.5610,-1,-1,-1
41,-1,691.20,465.81,55.06,196.01,0.3728,-1,-1,-1
41,-1,724.23,458.05,35.95,117.32,0.1951,-1,-1,-1
41,-1,510.20,456.36,83.40,276.33,0.1865,-1,-1,-1
41,-1,712.50,452.37,46.20,122.70,0.1667,-1,-1,-1
41,-1,575.32,438.20,47.83,151.76,0.1613,-1,-1,-1
41,-1,1303.45,420.46,38.17,125.31,0.1581,-1,-1,-1
41,-1,1082.40,444.16,48.36,147.66,0.1510,-1,-1,-1
41,-1,1079.86,482.39,49.32,107.93,0.1163,-1,-1,-1
41,-1,808.12,480.40,29.39,66.95,0.1080,-1,-1,-1
41,-1,1005.98,437.20,42.16,89.10,0.1075,-1,-1,-1
42,-1,1644.05,401.36,257.23,472.82,0.8453,-1,-1,-1
42,-1,614.41,445.61,89.13,267.80,0.8101,-1,-1,-1
42,-1,1843.09,404.44,76.46,422.55,0.7689,-1,-1,-1
42,-1,1466.53,429.91,50.57,126.10,0.6918,-1,-1,-1
42,-1,478.35,448.84,113.68,304.93,0.6554,-1,-1,-1
42,-1,1254.07,428.49,37.75,119.44,0.5202,-1,-1,-1
42,-1,692.58,461.62,53.04,197.18,0.2727,-1,-1,-1
42,-1,1081.10,442.36,50.83,149.78,0.2198,-1,-1,-1
42,-1,1005.54,436.08,43.81,90.91,0.2095,-1,-1,-1
42,-1,1304.83,420.67,37.41,125.21,0.1863,-1,-1,-1
42,-1,726.96,459.83,33.55,114.01,0.1816,-1,-1,-1
42,-1,576.41,438.47,47.63,151.12,0.1733,-1,-1,-1
42,-1,1669.15,437.81,62.40,146.80,0.1562,-1,-1,-1
42,-1,513.00,459.05,78.70,260.21,0.1496,-1,-1,-1
42,-1,713.86,452.94,43.54,120.45,0.1473,-1,-1,-1
42,-1,694.90,466.69,50.86,136.56,0.1392,-1,-1,-1
42,-1,917.90,447.21,57.20,140.93,0.1235,-1,-1,-1
42,-1,702.75,457.07,46.17,129.98,0.1190,-1,-1,-1
42,-1,1089.67,438.95,47.59,140.15,0.1094,-1,-1,-1
42,-1,915.49,483.06,62.81,104.46,0.1036,-1,-1,-1
43,-1,1650.45,399.54,261.48,483.81,0.8748,-1,-1,-1
43,-1,616.54,446.39,88.73,267.44,0.8065,-1,-1,-1
43,-1,1470.05,428.25,49.26,127.53,0.7378,-1,-1,-1
43,-1,460.17,446.72,131.82,310.76,0.7191,-1,-1,-1
43,-1,1851.78,409.83,67.76,410.17,0.6942,-1,-1,-1
43,-1,1254.25,424.26,43.58,124.10,0.5515,-1,-1,-1
43,-1,693.23,454.26,55.40,208.71,0.4181,-1,-1,-1
43,-1,1004.89,439.58,46.26,87.92,0.2579,-1,-1,-1
43,-1,1304.46,420.20,37.25,125.44,0.2350,-1,-1,-1
43,-1,1082.67,442.16,49.81,151.78,0.2162,-1,-1,-1
43,-1,576.53,442.76,44.46,147.05,0.2071,-1,-1,-1
43,-1,1671.61,436.40,58.86,153.93,0.1730,-1,-1,-1
43,-1,712.69,453.14,44.38,122.67,0.1599,-1,-1,-1
43,-1,726.50,461.30,34.23,112.27,0.1505,-1,-1,-1
43,-1,512.78,459.56,78.42,259.83,0.1038,-1,-1,-1
43,-1,700.28,455.55,50.63,140.01,0.1031,-1,-1,-1
44,-1,1668.43,396.69,249.44,488.27,0.8741,-1,-1,-1
44,-1,616.38,447.14,90.01,266.37,0.7975,-1,-1,-1
44,-1,1475.34,428.14,45.22,127.85,0.6956,-1,-1,-1
44,-1,461.17,446.33,130.80,315.16,0.6797,-1,-1,-1
44,-1,1254.42,424.79,42.40,123.97,0.5410,-1,-1,-1
44,-1,1863.54,409.95,55.97,430.59,0.4689,-1,-1,-1
44,-1,694.13,454.31,55.95,207.73,0.3772,-1,-1,-1
44,-1,1005.62,445.51,45.29,80.91,0.2578,-1,-1,-1
44,-1,1081.66,443.35,50.47,151.20,0.2178,-1,-1,-1
44,-1,1304.20,419.83,37.68,125.87,0.2079,-1,-1,-1
44,-1,728.62,462.27,32.55,109.98,0.1606,-1,-1,-1
44,-1,576.40,438.64,48.43,148.74,0.1487,-1,-1,-1
44,-1,708.54,452.06,48.16,122.74,0.1453,-1,-1,-1
44,-1,1864.71,416.77,54.60,173.49,0.1137,-1,-1,-1
44,-1,1254.40,420.01,57.98,131.09,0.1113,-1,-1,-1
44,-1,704.03,456.56,56.41,205.09,0.1066,-1,-1,-1
44,-1,1478.32,431.26,66.79,124.13,0.1026,-1,-1,-1
45,-1,616.47,443.79,92.88,270.54,0.8292,-1,-1,-1
45,-1,1691.96,397.43,218.97,482.95,0.8077,-1,-1,-1
45,-1,461.75,445.47,129.85,316.73,0.7271,-1,-1,-1
45,-1,1480.51,429.29,39.84,126.83,0.6972,-1,-1,-1
45,-1,1255.06,424.05,45.49,124.19,0.5645,-1,-1,-1
45,-1,697.55,453.87,52.85,208.88,0.4963,-1,-1,-1
45,-1,1869.25,397.79,50.26,452.70,0.3516,-1,-1,-1
45,-1,1875.38,396.72,43.98,185.05,0.2667,-1,-1,-1
45,-1,1081.40,448.68,50.48,146.01,0.2458,-1,-1,-1
45,-1,1514.00,439.52,37.06,114.07,0.2078,-1,-1,-1
45,-1,1304.66,422.09,37.05,123.30,0.1993,-1,-1,-1
45,-1,1483.08,431.76,68.19,124.09,0.1833,-1,-1,-1
45,-1,1873.74,390.07,45.74,357.14,0.1480,-1,-1,-1
45,-1,1006.19,451.27,41.65,74.08,0.1388,-1,-1,-1
45,-1,575.62,452.27,44.77,137.70,0.1330,-1,-1,-1
45,-1,730.52,456.69,32.74,106.66,0.1176,-1,-1,-1
45,-1,808.08,480.07,30.55,67.22,0.1155,-1,-1,-1
45,-1,1078.72,478.90,45.35,111.24,0.1150,-1,-1,-1
45,-1,702.13,450.28,47.70,122.71,0.1040,-1,-1,-1
46,-1,616.99,444.02,93.57,272.11,0.8467,-1,-1,-1
46,-1,1712.04,388.51,196.71,491.89,0.7953,-1,-1,-1
46,-1,459.57,444.66,131.97,320.65,0.7886,-1,-1,-1
46,-1,1486.08,433.37,34.80,122.72,0.7173,-1,-1,-1
46,-1,1255.38,423.41,44.39,124.93,0.5765,-1,-1,-1
46,-1,698.33,449.18,51.11,215.62,0.4203,-1,-1,-1
46,-1,1880.35,395.36,38.94,182.84,0.2569,-1,-1,-1
46,-1,1688.61,435.39,84.63,203.99,0.2515,-1,-1,-1
46,-1,1875.79,398.51,43.54,458.98,0.2290,-1,-1,-1
46,-1,729.99,452.80,34.52,111.48,0.2182,-1,-1,-1
46,-1,1082.85,442.14,49.62,151.58,0.1828,-1,-1,-1
46,-1,1487.12,435.28,47.50,120.18,0.1826,-1,-1,-1
46,-1,710.02,451.69,38.48,115.14,0.1765,-1,-1,-1
46,-1,1304.20,419.06,37.21,126.27,0.1572,-1,-1,-1
46,-1,1516.30,439.34,34.28,106.28,0.1532,-1,-1,-1
46,-1,1497.74,435.53,50.90,118.14,0.1339,-1,-1,-1
46,-1,1006.93,448.91,40.06,75.91,0.1213,-1,-1,-1
46,-1,579.28,444.32,48.73,143.89,0.1153,-1,-1,-1
47,-1,616.57,442.94,94.69,273.24,0.8616,-1,-1,-1
47,-1,459.17,444.26,131.92,320.66,0.7993,-1,-1,-1
47,-1,1749.28,389.01,168.18,495.52,0.7897,-1,-1,-1
47,-1,1490.24,431.74,33.55,122.70,0.7061,-1,-1,-1
47,-1,1256.04,426.10,43.49,121.34,0.5797,-1,-1,-1
47,-1,698.99,455.28,56.55,207.64,0.5166,-1,-1,-1
47,-1,1302.66,415.20,41.25,131.42,0.2187,-1,-1,-1
47,-1,1492.30,433.59,46.04,120.55,0.2078,-1,-1,-1
47,-1,1081.70,444.32,51.15,147.30,0.2018,-1,-1,-1
47,-1,576.94,444.75,49.75,143.57,0.1742,-1,-1,-1
47,-1,1515.59,436.63,34.26,115.20,0.1583,-1,-1,-1
47,-1,1006.67,447.00,39.77,79.32,0.1504,-1,-1,-1
47,-1,729.95,453.18,34.32,110.82,0.1492,-1,-1,-1
47,-1,712.17,450.81,44.27,114.03,0.1230,-1,-1,-1
47,-1,1876.81,399.14,42.42,455.04,0.1227,-1,-1,-1
48,-1,618.21,443.98,95.20,271.43,0.8396,-1,-1,-1
48,-1,1780.24,386.16,139.02,483.48,0.8291,-1,-1,-1
48,-1,460.33,443.81,130.41,319.07,0.7806,-1,-1,-1
48,-1,1256.45,424.93,44.23,122.72,0.5693,-1,-1,-1
48,-1,1495.97,433.66,35.67,122.74,0.5342,-1,-1,-1
48,-1,699.75,450.06,51.81,214.70,0.3950,-1,-1,-1
48,-1,1508.96,435.96,38.17,118.62,0.3046,-1,-1,-1
48,-1,1302.36,415.95,41.95,131.54,0.2456,-1,-1,-1
48,-1,579.24,441.69,53.94,144.76,0.2103,-1,-1,-1
48,-1,734.01,455.48,36.63,110.99,0.1610,-1,-1,-1
48,-1,1078.59,450.45,52.41,143.86,0.1452,-1,-1,-1
48,-1,1006.91,444.11,39.96,83.18,0.1422,-1,-1,-1
48,-1,597.72,440.44,40.99,148.88,0.1198,-1,-1,-1
49,-1,1793.56,384.80,125.61,489.05,0.8415,-1,-1,-1
49,-1,618.65,443.90,96.59,271.17,0.8370,-1,-1,-1
49,-1,463.20,443.02,127.02,319.00,0.7935,-1,-1,-1
49,-1,1256.52,426.86,44.19,120.69,0.5815,-1,-1,-1
49,-1,698.86,459.08,58.34,203.23,0.4736,-1,-1,-1
49,-1,580.83,444.33,54.50,141.81,0.2252,-1,-1,-1
49,-1,1302.47,416.12,42.27,131.38,0.2233,-1,-1,-1
49,-1,1078.00,457.60,52.50,136.60,0.1475,-1,-1,-1
49,-1,1500.20,441.54,32.52,112.74,0.1355,-1,-1,-1
49,-1,1509.26,439.95,39.36,112.42,0.1339,-1,-1,-1
49,-1,598.25,442.21,41.99,146.31,0.1180,-1,-1,-1
49,-1,736.71,457.94,34.00,110.25,0.1072,-1,-1,-1
49,-1,1517.19,440.35,35.24,98.52,0.1046,-1,-1,-1
49,-1,808.61,479.36,31.24,68.40,0.1045,-1,-1,-1
50,-1,618.04,442.58,98.83,273.38,0.8305,-1,-1,-1
50,-1,1807.39,385.37,111.71,491.76,0.8106,-1,-1,-1
50,-1,463.35,442.50,126.61,319.45,0.7895,-1,-1,-1
50,-1,1256.88,427.96,41.54,119.61,0.5609,-1,-1,-1
50,-1,701.33,452.90,61.18,210.97,0.4060,-1,-1,-1
50,-1,1497.84,433.06,40.63,125.10,0.3614,-1,-1,-1
50,-1,1511.97,435.19,33.23,122.26,0.2449,-1,-1,-1
50,-1,583.42,440.92,53.20,145.49,0.2330,-1,-1,-1
50,-1,1302.12,417.32,43.41,130.17,0.1754,-1,-1,-1
50,-1,598.03,439.67,42.73,148.89,0.1606,-1,-1,-1
50,-1,1081.06,446.41,52.05,145.99,0.1489,-1,-1,-1
50,-1,737.14,455.30,36.47,112.93,0.1293,-1,-1,-1
50,-1,807.71,478.47,32.08,70.52,0.1079,-1,-1,-1
50,-1,1258.13,418.88,51.85,132.01,0.1053,-1,-1,-1
51,-1,618.61,444.41,97.40,272.52,0.8408,-1,-1,-1
51,-1,1815.08,380.83,103.90,494.86,0.8014,-1,-1,-1
51,-1,457.04,442.38,132.75,319.97,0.7953,-1,-1,-1
51,-1,1257.11,426.83,44.24,121.18,0.6222,-1,-1,-1
51,-1,699.30,454.73,61.09,208.18,0.4831,-1,-1,-1
51,-1,1510.13,432.10,37.81,122.94,0.4388,-1,-1,-1
51,-1,1498.83,436.49,39.60,119.35,0.3851,-1,-1,-1
51,-1,581.71,439.53,54.98,148.06,0.2813,-1,-1,-1
51,-1,597.99,440.33,42.55,148.07,0.2419,-1,-1,-1
51,-1,1304.66,421.01,38.19,125.25,0.1749,-1,-1,-1
51,-1,1520.55,433.93,37.84,106.39,0.1619,-1,-1,-1
51,-1,1007.66,439.81,47.49,88.85,0.1617,-1,-1,-1
51,-1,1671.84,408.36,114.63,230.09,0.1450,-1,-1,-1
51,-1,1079.08,445.41,54.54,146.67,0.1385,-1,-1,-1
52,-1,619.09,444.75,97.64,273.19,0.8436,-1,-1,-1
52,-1,466.99,441.75,122.41,320.49,0.7828,-1,-1,-1
52,-1,1821.34,381.86,98.21,491.89,0.7580,-1,-1,-1
52,-1,1256.77,426.51,43.60,121.73,0.5969,-1,-1,-1
52,-1,699.91,454.45,61.15,206.77,0.5046,-1,-1,-1
52,-1,1516.80,435.89,35.32,119.07,0.4060,-1,-1,-1
52,-1,1499.32,438.91,40.77,116.92,0.3406,-1,-1,-1
52,-1,593.06,441.42,45.05,145.25,0.2881,-1,-1,-1
52,-1,1082.32,449.34,51.17,142.32,0.2309,-1,-1,-1
52,-1,1671.04,407.40,116.65,229.85,0.2301,-1,-1,-1
52,-1,1495.96,437.72,33.12,117.83,0.2010,-1,-1,-1
52,-1,1304.46,419.55,38.22,126.31,0.1747,-1,-1,-1
52,-1,575.50,441.92,56.22,146.06,0.1545,-1,-1,-1
52,-1,1008.14,442.02,46.44,86.62,0.1046,-1,-1,-1
53,-1,620.90,444.67,96.67,272.91,0.8496,-1,-1,-1
53,-1,1821.11,386.77,98.42,492.05,0.7926,-1,-1,-1
53,-1,469.47,441.20,119.76,320.75,0.7683,-1,-1,-1
53,-1,1257.00,427.29,44.17,121.51,0.6089,-1,-1,-1
53,-1,698.37,455.30,65.32,207.21,0.5686,-1,-1,-1
53,-1,1496.55,435.04,55.26,121.98,0.3274,-1,-1,-1
53,-1,1082.98,448.76,50.19,140.77,0.2937,-1,-1,-1
53,-1,1495.83,435.01,37.12,121.73,0.2639,-1,-1,-1
53,-1,1521.38,435.07,35.68,120.66,0.2535,-1,-1,-1
53,-1,1671.42,404.99,114.36,231.37,0.2210,-1,-1,-1
53,-1,588.37,443.62,48.95,142.79,0.2125,-1,-1,-1
53,-1,1304.25,420.71,38.25,125.02,0.2040,-1,-1,-1
53,-1,600.99,441.50,39.46,146.68,0.1420,-1,-1,-1
53,-1,573.56,446.79,55.53,141.10,0.1268,-1,-1,-1
53,-1,1007.55,452.08,41.46,76.09,0.1197,-1,-1,-1
53,-1,1081.33,470.42,45.96,109.11,0.1068,-1,-1,-1
54,-1,621.69,443.57,94.61,275.66,0.8320,-1,-1,-1
54,-1,1815.88,393.79,103.64,482.06,0.7704,-1,-1,-1
54,-1,469.11,442.65,120.19,318.74,0.7675,-1,-1,-1
54,-1,1257.26,426.09,44.73,121.82,0.6141,-1,-1,-1
54,-1,695.46,454.86,70.44,206.12,0.5342,-1,-1,-1
54,-1,1524.39,437.29,37.33,116.73,0.3951,-1,-1,-1
54,-1,1082.60,448.65,49.96,141.35,0.2661,-1,-1,-1
54,-1,1496.26,441.19,32.55,114.98,0.2259,-1,-1,-1
54,-1,1496.74,441.33,53.62,114.94,0.2257,-1,-1,-1
54,-1,581.85,443.31,54.28,143.45,0.2194,-1,-1,-1
54,-1,1303.98,420.52,37.76,125.03,0.2050,-1,-1,-1
54,-1,1671.40,406.95,114.27,228.18,0.1833,-1,-1,-1
54,-1,594.76,440.78,44.86,148.35,0.1302,-1,-1,-1
54,-1,1092.20,446.46,42.91,124.69,0.1086,-1,-1,-1
55,-1,622.99,445.24,92.33,275.03,0.8344,-1,-1,-1
55,-1,468.47,441.04,120.52,320.94,0.7591,-1,-1,-1
55,-1,1819.18,408.36,100.37,466.45,0.7492,-1,-1,-1
55,-1,1258.00,426.89,44.05,121.13,0.6103,-1,-1,-1
55,-1,693.83,459.76,73.27,200.50,0.5581,-1,-1,-1
55,-1,1528.39,432.32,40.34,120.14,0.5157,-1,-1,-1
55,-1,1496.34,438.49,47.90,116.18,0.3533,-1,-1,-1
55,-1,572.91,441.64,55.87,146.34,0.2579,-1,-1,-1
55,-1,1670.43,405.58,116.12,230.26,0.2567,-1,-1,-1
55,-1,1083.01,451.27,49.89,139.23,0.2314,-1,-1,-1
55,-1,1303.95,420.24,38.34,125.36,0.2056,-1,-1,-1
55,-1,589.17,440.01,49.83,149.48,0.1604,-1,-1,-1
55,-1,511.18,454.74,77.19,290.61,0.1122,-1,-1,-1
55,-1,1534.18,428.13,45.15,124.81,0.1066,-1,-1,-1
56,-1,623.63,443.73,90.32,276.94,0.8187,-1,-1,-1
56,-1,470.91,441.26,118.91,319.80,0.7540,-1,-1,-1
56,-1,1821.60,387.13,98.11,497.51,0.6857,-1,-1,-1
56,-1,1531.21,435.71,35.75,117.16,0.6127,-1,-1,-1
56,-1,1258.56,425.50,43.81,121.72,0.6085,-1,-1,-1
56,-1,698.69,460.91,65.97,199.39,0.5092,-1,-1,-1
56,-1,1669.63,406.29,117.28,230.80,0.3807,-1,-1,-1
56,-1,1496.89,442.29,35.06,111.97,0.3013,-1,-1,-1
56,-1,579.23,443.13,56.92,144.85,0.2734,-1,-1,-1
56,-1,1081.99,452.26,50.87,139.14,0.2555,-1,-1,-1
56,-1,595.34,441.97,44.50,146.76,0.2285,-1,-1,-1
56,-1,1302.79,416.67,41.19,130.14,0.1774,-1,-1,-1
56,-1,513.11,454.92,76.77,288.46,0.1528,-1,-1,-1
56,-1,705.28,456.88,54.51,174.63,0.1101,-1,-1,-1
56,-1,609.43,446.36,31.62,74.00,0.1076,-1,-1,-1
56,-1,610.44,443.37,32.05,59.84,0.1066,-1,-1,-1
57,-1,624.71,445.35,90.77,277.86,0.8102,-1,-1,-1
57,-1,468.83,439.77,120.65,322.53,0.7457,-1,-1,-1
57,-1,1258.76,427.43,42.42,119.95,0.6146,-1,-1,-1
57,-1,1534.03,436.66,35.55,115.44,0.5812,-1,-1,-1
57,-1,1823.51,383.29,96.16,499.71,0.5677,-1,-1,-1
57,-1,698.01,467.34,66.30,195.56,0.5009,-1,-1,-1
57,-1,575.83,439.41,61.11,149.03,0.2763,-1,-1,-1
57,-1,1670.87,409.60,116.11,228.13,0.2486,-1,-1,-1
57,-1,1302.98,420.17,40.03,124.60,0.2178,-1,-1,-1
57,-1,596.55,438.71,44.38,150.67,0.2071,-1,-1,-1
57,-1,1082.39,450.07,51.13,141.47,0.2001,-1,-1,-1
57,-1,1542.05,444.49,34.77,108.65,0.1412,-1,-1,-1
57,-1,1496.81,438.20,34.18,114.69,0.1370,-1,-1,-1
57,-1,515.18,455.75,73.41,294.56,0.1213,-1,-1,-1
57,-1,609.37,440.41,33.85,61.50,0.1165,-1,-1,-1
57,-1,1007.66,455.67,36.21,71.04,0.1093,-1,-1,-1
58,-1,625.40,443.92,89.96,278.18,0.7919,-1,-1,-1
58,-1,475.52,443.22,114.30,318.85,0.6846,-1,-1,-1
58,-1,1259.53,428.62,41.53,118.79,0.6194,-1,-1,-1
58,-1,1534.65,435.35,35.96,115.42,0.5881,-1,-1,-1
58,-1,699.05,486.35,65.76,178.63,0.3603,-1,-1,-1
58,-1,1829.12,405.89,90.51,481.06,0.2866,-1,-1,-1
58,-1,578.63,440.41,57.79,147.97,0.2536,-1,-1,-1
58,-1,1671.14,413.42,115.14,223.94,0.2343,-1,-1,-1
58,-1,514.70,454.26,74.73,291.82,0.2332,-1,-1,-1
58,-1,1081.83,453.71,52.41,138.69,0.2166,-1,-1,-1
58,-1,1303.09,420.66,39.63,124.44,0.2113,-1,-1,-1
58,-1,1538.87,435.12,40.47,113.11,0.1856,-1,-1,-1
58,-1,597.75,439.75,43.51,148.93,0.1820,-1,-1,-1
58,-1,1499.17,438.22,32.72,114.99,0.1698,-1,-1,-1
58,-1,1865.33,389.90,54.24,261.70,0.1174,-1,-1,-1
58,-1,1878.21,398.39,41.16,212.86,0.1119,-1,-1,-1
58,-1,610.11,440.98,33.37,60.65,0.1073,-1,-1,-1
59,-1,625.77,442.33,89.45,281.25,0.8171,-1,-1,-1
59,-1,489.97,441.85,103.52,317.39,0.6612,-1,-1,-1
59,-1,1259.49,430.41,42.24,117.51,0.6311,-1,-1,-1
59,-1,1538.64,435.93,35.80,114.06,0.6054,-1,-1,-1
59,-1,703.61,456.85,70.42,211.43,0.5007,-1,-1,-1
59,-1,1876.01,391.89,43.30,221.37,0.2900,-1,-1,-1
59,-1,1501.35,437.59,41.50,118.17,0.2854,-1,-1,-1
59,-1,578.68,445.27,52.16,141.67,0.2396,-1,-1,-1
59,-1,1303.50,420.79,40.44,124.08,0.2225,-1,-1,-1
59,-1,512.33,455.04,77.76,294.13,0.2129,-1,-1,-1
59,-1,1830.36,392.55,89.39,495.42,0.2118,-1,-1,-1
59,-1,1861.90,388.63,57.66,260.35,0.1894,-1,-1,-1
59,-1,1084.25,446.58,51.87,141.21,0.1862,-1,-1,-1
59,-1,1670.18,415.75,118.32,219.99,0.1537,-1,-1,-1
59,-1,1006.61,448.98,35.32,76.69,0.1410,-1,-1,-1
59,-1,1497.28,436.26,34.68,117.14,0.1314,-1,-1,-1
59,-1,595.39,443.87,41.40,144.04,0.1257,-1,-1,-1
60,-1,625.52,443.04,88.81,282.01,0.8252,-1,-1,-1
60,-1,489.28,441.40,111.50,317.65,0.6692,-1,-1,-1
60,-1,1259.43,428.06,43.69,119.72,0.6301,-1,-1,-1
60,-1,1541.75,436.15,32.30,113.74,0.5547,-1,-1,-1
60,-1,703.16,454.91,68.26,217.40,0.5115,-1,-1,-1
60,-1,1537.54,437.08,29.39,113.58,0.2801,-1,-1,-1
60,-1,1877.07,396.79,42.27,243.74,0.2620,-1,-1,-1
60,-1,1085.04,445.45,52.14,145.33,0.2607,-1,-1,-1
60,-1,1303.68,420.38,39.28,124.86,0.2447,-1,-1,-1
60,-1,1533.19,434.15,27.48,117.09,0.2111,-1,-1,-1
60,-1,575.35,443.99,53.03,144.06,0.2075,-1,-1,-1
60,-1,515.91,452.52,77.39,298.83,0.2060,-1,-1,-1
60,-1,1859.89,389.98,59.66,258.73,0.1970,-1,-1,-1
60,-1,1672.27,413.97,114.68,222.38,0.1826,-1,-1,-1
60,-1,1506.40,437.36,44.85,115.10,0.1666,-1,-1,-1
60,-1,1005.38,437.55,37.41,88.28,0.1413,-1,-1,-1
60,-1,697.96,447.90,54.67,222.82,0.1104,-1,-1,-1
60,-1,1498.39,437.29,33.78,111.05,0.1060,-1,-1,-1
61,-1,623.85,443.93,90.80,284.62,0.8330,-1,-1,-1
61,-1,483.17,441.04,126.80,322.03,0.7062,-1,-1,-1
61,-1,1259.35,428.04,43.55,119.36,0.6196,-1,-1,-1
61,-1,705.35,455.08,71.57,215.10,0.4527,-1,-1,-1
61,-1,1544.94,435.46,32.99,114.26,0.4485,-1,-1,-1
61,-1,1302.54,418.73,41.50,127.43,0.2533,-1,-1,-1
61,-1,1082.53,444.98,52.30,149.05,0.2485,-1,-1,-1
61,-1,1538.71,437.45,34.21,113.48,0.2410,-1,-1,-1
61,-1,573.53,442.53,53.19,146.30,0.2362,-1,-1,-1
61,-1,1005.92,441.93,34.95,83.82,0.2220,-1,-1,-1
61,-1,1884.91,399.29,34.41,242.80,0.2036,-1,-1,-1
61,-1,1528.37,427.80,34.86,124.07,0.1665,-1,-1,-1
61,-1,519.59,453.44,75.56,296.37,0.1602,-1,-1,-1
61,-1,1858.39,386.30,61.18,268.07,0.1572,-1,-1,-1
61,-1,1670.45,414.26,115.20,221.06,0.1455,-1,-1,-1
61,-1,1893.82,442.11,25.58,194.41,0.1405,-1,-1,-1
61,-1,1829.46,477.03,70.83,159.45,0.1356,-1,-1,-1
61,-1,698.49,448.30,52.00,223.28,0.1141,-1,-1,-1
61,-1,1874.48,465.45,44.91,190.69,0.1019,-1,-1,-1
62,-1,622.79,444.51,89.45,280.28,0.8275,-1,-1,-1
62,-1,480.90,441.17,138.99,324.70,0.7919,-1,-1,-1
62,-1,1258.75,429.22,42.88,117.87,0.6279,-1,-1,-1
62,-1,704.19,457.24,68.11,212.81,0.5348,-1,-1,-1
62,-1,1546.09,444.38,33.71,106.53,0.4578,-1,-1,-1
62,-1,1540.82,447.71,30.28,103.92,0.2864,-1,-1,-1
62,-1,1670.41,419.12,114.03,216.98,0.2589,-1,-1,-1
62,-1,1303.58,419.49,39.11,124.91,0.2348,-1,-1,-1
62,-1,1006.04,446.79,32.94,78.83,0.2152,-1,-1,-1
62,-1,1828.98,476.05,66.32,160.90,0.2147,-1,-1,-1
62,-1,1085.19,448.06,45.41,142.12,0.2093,-1,-1,-1
62,-1,1879.69,400.28,39.63,239.50,0.2073,-1,-1,-1
62,-1,1854.72,476.89,64.82,179.47,0.2013,-1,-1,-1
62,-1,700.73,449.77,52.33,218.40,0.1750,-1,-1,-1
62,-1,1858.09,387.74,61.48,263.65,0.1612,-1,-1,-1
62,-1,747.39,470.89,36.64,98.54,0.1571,-1,-1,-1
62,-1,1528.63,446.41,28.56,105.51,0.1566,-1,-1,-1
62,-1,1888.48,447.66,30.89,193.27,0.1434,-1,-1,-1
62,-1,578.19,446.59,49.76,143.32,0.1318,-1,-1,-1
62,-1,810.63,479.52,27.54,69.63,0.1147,-1,-1,-1
63,-1,621.46,445.64,91.09,277.83,0.8420,-1,-1,-1
63,-1,477.07,443.18,141.37,318.54,0.7674,-1,-1,-1
63,-1,1258.79,428.14,43.76,118.61,0.6130,-1,-1,-1
63,-1,700.87,458.37,65.16,214.12,0.6031,-1,-1,-1
63,-1,1536.02,441.92,30.31,109.94,0.3908,-1,-1,-1
63,-1,1544.97,439.53,32.32,111.94,0.3848,-1,-1,-1
63,-1,1552.04,439.39,29.96,109.52,0.2626,-1,-1,-1
63,-1,1830.33,475.84,67.08,161.75,0.2555,-1,-1,-1
63,-1,1525.32,439.86,34.23,112.76,0.2426,-1,-1,-1
63,-1,1303.12,419.41,40.31,125.79,0.2389,-1,-1,-1
63,-1,1085.43,449.14,45.50,141.80,0.2252,-1,-1,-1
63,-1,1854.53,471.08,65.00,184.29,0.2236,-1,-1,-1
63,-1,1670.26,425.83,113.40,209.71,0.2213,-1,-1,-1
63,-1,1876.75,398.19,42.53,242.96,0.2155,-1,-1,-1
63,-1,1857.12,387.70,62.44,263.62,0.1965,-1,-1,-1
63,-1,1890.72,448.84,28.63,190.55,0.1574,-1,-1,-1
63,-1,1005.33,451.56,33.23,74.23,0.1468,-1,-1,-1
63,-1,1664.60,442.10,50.65,147.78,0.1238,-1,-1,-1
63,-1,754.54,482.50,29.05,85.61,0.1176,-1,-1,-1
63,-1,1037.31,457.04,29.65,72.73,0.1127,-1,-1,-1
63,-1,810.06,479.94,25.71,69.44,0.1122,-1,-1,-1
63,-1,1092.74,445.30,42.92,112.52,0.1009,-1,-1,-1
64,-1,619.96,446.64,93.46,274.92,0.8109,-1,-1,-1
64,-1,476.54,445.09,148.68,316.01,0.8060,-1,-1,-1
64,-1,1258.29,426.33,44.35,119.99,0.6304,-1,-1,-1
64,-1,698.37,458.40,73.16,213.66,0.5489,-1,-1,-1
64,-1,1671.70,426.71,110.71,210.31,0.3810,-1,-1,-1
64,-1,1531.10,439.48,32.43,112.30,0.3534,-1,-1,-1
64,-1,1543.27,435.75,32.67,116.36,0.2580,-1,-1,-1
64,-1,1302.39,418.24,38.84,126.51,0.2367,-1,-1,-1
64,-1,1084.75,447.82,45.00,142.29,0.2198,-1,-1,-1
64,-1,1853.41,473.28,66.13,182.22,0.2148,-1,-1,-1
64,-1,1882.85,403.65,36.44,238.89,0.2065,-1,-1,-1
64,-1,1829.02,473.41,74.28,164.86,0.1950,-1,-1,-1
64,-1,1855.38,386.68,64.19,264.54,0.1789,-1,-1,-1
64,-1,1555.05,434.62,28.62,114.11,0.1742,-1,-1,-1
64,-1,1890.83,441.10,28.48,198.41,0.1581,-1,-1,-1
64,-1,1869.85,457.77,49.52,195.82,0.1216,-1,-1,-1
64,-1,1700.33,433.48,81.65,186.50,0.1135,-1,-1,-1
64,-1,1683.42,434.25,93.28,156.75,0.1119,-1,-1,-1
64,-1,810.31,479.43,25.05,69.21,0.1048,-1,-1,-1
64,-1,1035.53,450.87,31.41,78.39,0.1005,-1,-1,-1
65,-1,619.76,448.33,92.22,277.03,0.8334,-1,-1,-1
65,-1,490.31,444.78,134.82,317.24,0.8205,-1,-1,-1
65,-1,697.75,458.13,69.55,218.58,0.6669,-1,-1,-1
65,-1,1257.52,423.92,45.29,122.59,0.5902,-1,-1,-1
65,-1,1671.29,419.64,110.01,216.55,0.3473,-1,-1,-1
65,-1,1081.71,448.54,49.28,142.42,0.3149,-1,-1,-1
65,-1,1302.92,419.92,39.45,125.12,0.2310,-1,-1,-1
65,-1,1546.72,433.55,31.26,116.76,0.2093,-1,-1,-1
65,-1,1003.56,444.15,33.05,82.17,0.1941,-1,-1,-1
65,-1,1827.86,473.18,77.85,165.34,0.1916,-1,-1,-1
65,-1,1878.47,401.18,40.84,234.41,0.1881,-1,-1,-1
65,-1,1843.77,463.91,74.76,187.45,0.1801,-1,-1,-1
65,-1,1857.37,383.41,62.20,264.98,0.1717,-1,-1,-1
65,-1,702.50,454.91,51.64,208.49,0.1682,-1,-1,-1
65,-1,1525.66,436.88,33.67,114.16,0.1573,-1,-1,-1
65,-1,1539.47,437.18,27.82,114.03,0.1545,-1,-1,-1
65,-1,1891.41,452.40,27.90,181.55,0.1447,-1,-1,-1
65,-1,1555.99,424.54,24.90,125.30,0.1427,-1,-1,-1
65,-1,1876.58,457.83,42.80,193.98,0.1145,-1,-1,-1
65,-1,1837.12,473.57,53.86,138.90,0.1101,-1,-1,-1
65,-1,456.75,455.02,88.75,196.00,0.1005,-1,-1,-1
66,-1,486.64,445.08,143.38,317.44,0.8419,-1,-1,-1
66,-1,619.88,448.42,91.20,279.14,0.8268,-1,-1,-1
66,-1,700.12,459.82,69.18,214.99,0.6716,-1,-1,-1
66,-1,1257.78,423.78,45.36,122.58,0.5980,-1,-1,-1
66,-1,1545.28,429.42,36.44,121.48,0.4767,-1,-1,-1
66,-1,1669.75,417.81,111.86,218.29,0.3361,-1,-1,-1
66,-1,1082.42,445.28,48.84,144.95,0.2824,-1,-1,-1
66,-1,1303.40,420.18,39.36,124.88,0.2532,-1,-1,-1
66,-1,1877.81,399.86,41.50,238.07,0.2021,-1,-1,-1
66,-1,1005.55,445.64,32.95,81.21,0.1987,-1,-1,-1
66,-1,1538.78,430.43,32.51,120.52,0.1974,-1,-1,-1
66,-1,1528.43,433.98,31.93,117.25,0.1910,-1,-1,-1
66,-1,1854.97,383.46,64.60,265.83,0.1875,-1,-1,-1
66,-1,1852.23,471.83,67.32,182.23,0.1643,-1,-1,-1
66,-1,1826.31,473.34,79.44,165.45,0.1567,-1,-1,-1
66,-1,1891.56,445.62,27.79,188.91,0.1302,-1,-1,-1
66,-1,1091.66,443.15,42.28,132.02,0.1197,-1,-1,-1
66,-1,1553.48,417.84,29.55,136.67,0.1135,-1,-1,-1
66,-1,703.22,458.43,48.40,186.08,0.1100,-1,-1,-1
66,-1,1836.13,473.44,55.31,150.89,0.1091,-1,-1,-1
66,-1,1878.60,461.11,40.80,190.64,0.1024,-1,-1,-1
67,-1,618.15,448.64,93.42,280.85,0.8227,-1,-1,-1
67,-1,487.42,446.53,144.26,316.31,0.7538,-1,-1,-1
67,-1,701.25,460.83,68.82,214.05,0.6831,-1,-1,-1
67,-1,1258.57,424.76,44.26,121.05,0.5722,-1,-1,-1
67,-1,1546.45,428.03,36.41,121.93,0.5024,-1,-1,-1
67,-1,1670.48,415.15,112.00,221.80,0.3627,-1,-1,-1
67,-1,1084.06,440.39,47.30,150.91,0.2682,-1,-1,-1
67,-1,1003.66,443.30,31.56,82.72,0.2518,-1,-1,-1
67,-1,1303.24,419.99,39.58,124.85,0.2504,-1,-1,-1
67,-1,1828.74,473.04,75.48,165.31,0.1879,-1,-1,-1
67,-1,1855.02,389.81,64.54,259.93,0.1856,-1,-1,-1
67,-1,1878.53,408.99,40.78,230.13,0.1856,-1,-1,-1
67,-1,1846.04,461.32,72.40,190.28,0.1811,-1,-1,-1
67,-1,1889.66,444.12,29.67,194.58,0.1521,-1,-1,-1
67,-1,1836.67,473.28,54.22,159.16,0.1395,-1,-1,-1
67,-1,1096.26,442.82,37.23,124.91,0.1344,-1,-1,-1
67,-1,1539.59,431.05,37.18,119.87,0.1303,-1,-1,-1
67,-1,1037.10,441.64,31.33,86.35,0.1298,-1,-1,-1
67,-1,1874.22,454.27,45.17,198.28,0.1208,-1,-1,-1
67,-1,809.99,478.82,25.84,70.19,0.1035,-1,-1,-1
67,-1,703.84,458.28,50.11,194.20,0.1018,-1,-1,-1
68,-1,616.57,448.09,95.71,281.52,0.8217,-1,-1,-1
68,-1,487.33,445.61,150.15,318.12,0.7576,-1,-1,-1
68,-1,699.82,460.66,71.20,215.11,0.7443,-1,-1,-1
68,-1,1259.08,424.99,44.45,121.23,0.5800,-1,-1,-1
68,-1,1545.44,430.31,37.38,119.81,0.5645,-1,-1,-1
68,-1,1670.94,420.18,111.61,215.98,0.2604,-1,-1,-1
68,-1,1003.28,438.34,34.43,87.52,0.2596,-1,-1,-1
68,-1,1303.41,419.07,38.74,125.54,0.2578,-1,-1,-1
68,-1,1082.71,442.04,48.89,148.16,0.2428,-1,-1,-1
68,-1,1827.18,475.05,74.59,163.24,0.2365,-1,-1,-1
68,-1,1883.75,401.86,35.53,236.41,0.2166,-1,-1,-1
68,-1,1856.80,385.03,62.78,263.69,0.1846,-1,-1,-1
68,-1,1891.02,433.09,28.31,203.93,0.1722,-1,-1,-1
68,-1,1852.40,473.34,67.15,180.92,0.1470,-1,-1,-1
68,-1,1879.10,464.20,40.28,187.00,0.1182,-1,-1,-1
68,-1,1664.64,438.39,46.65,149.59,0.1173,-1,-1,-1
68,-1,703.17,459.37,56.64,183.57,0.1083,-1,-1,-1
68,-1,1036.51,440.87,33.97,86.94,0.1050,-1,-1,-1
69,-1,615.88,448.93,96.99,281.21,0.8193,-1,-1,-1
69,-1,487.90,443.33,147.34,319.81,0.7739,-1,-1,-1
69,-1,699.42,460.87,73.23,216.80,0.7490,-1,-1,-1
69,-1,1259.03,425.72,44.47,120.18,0.5833,-1,-1,-1
69,-1,1543.84,425.22,38.42,125.35,0.5562,-1,-1,-1
69,-1,1303.44,419.56,39.10,125.06,0.2525,-1,-1,-1
69,-1,1005.46,439.85,33.99,86.05,0.2371,-1,-1,-1
69,-1,1084.07,446.04,46.82,144.31,0.2315,-1,-1,-1
69,-1,1882.43,401.11,36.86,236.04,0.2230,-1,-1,-1
69,-1,1671.30,421.58,112.61,214.87,0.2080,-1,-1,-1
69,-1,1828.15,475.85,71.43,161.72,0.2020,-1,-1,-1
69,-1,1857.89,384.84,61.69,262.81,0.1870,-1,-1,-1
69,-1,547.49,455.36,81.48,299.27,0.1803,-1,-1,-1
69,-1,1890.08,431.01,29.28,205.77,0.1690,-1,-1,-1
69,-1,1835.80,475.90,51.24,146.35,0.1436,-1,-1,-1
69,-1,1093.62,443.35,40.21,135.01,0.1296,-1,-1,-1
69,-1,1844.76,473.43,73.86,178.87,0.1256,-1,-1,-1
69,-1,702.60,459.95,55.50,190.69,0.1246,-1,-1,-1
69,-1,811.17,480.00,25.08,68.59,0.1061,-1,-1,-1
69,-1,1876.63,462.56,42.76,188.93,0.1057,-1,-1,-1
70,-1,612.43,451.07,97.73,278.55,0.8150,-1,-1,-1
70,-1,489.71,443.17,145.72,319.74,0.7887,-1,-1,-1
70,-1,700.31,463.87,70.99,213.32,0.6780,-1,-1,-1
70,-1,1258.87,425.95,44.46,120.19,0.5896,-1,-1,-1
70,-1,1544.48,422.70,41.80,129.20,0.5812,-1,-1,-1
70,-1,1672.73,425.69,111.81,210.10,0.2891,-1,-1,-1
70,-1,1004.49,439.13,35.25,87.20,0.2867,-1,-1,-1
70,-1,1082.65,444.58,48.69,145.79,0.2436,-1,-1,-1
70,-1,1303.46,419.27,39.45,125.41,0.2377,-1,-1,-1
70,-1,1828.73,475.73,66.33,161.64,0.2328,-1,-1,-1
70,-1,547.76,454.64,82.56,303.75,0.2178,-1,-1,-1
70,-1,1882.70,403.64,36.60,234.62,0.2008,-1,-1,-1
70,-1,1858.39,386.39,61.18,263.02,0.1765,-1,-1,-1
70,-1,1890.94,444.80,28.41,192.70,0.1677,-1,-1,-1
70,-1,1836.19,476.06,49.10,149.18,0.1604,-1,-1,-1
70,-1,1852.71,472.98,66.83,181.22,0.1441,-1,-1,-1
70,-1,1092.80,443.33,41.04,135.96,0.1254,-1,-1,-1
70,-1,1877.22,465.02,42.17,186.50,0.1198,-1,-1,-1
70,-1,1832.17,474.09,83.14,172.48,0.1106,-1,-1,-1
70,-1,703.60,462.58,53.17,182.09,0.1091,-1,-1,-1
70,-1,811.00,480.57,24.52,67.81,0.1048,-1,-1,-1
71,-1,611.64,448.50,99.15,281.85,0.8059,-1,-1,-1
71,-1,491.06,441.87,145.72,322.60,0.7791,-1,-1,-1
71,-1,700.63,457.39,74.54,219.85,0.7042,-1,-1,-1
71,-1,1258.99,425.96,44.48,120.48,0.5870,-1,-1,-1
71,-1,1544.68,424.69,41.03,126.92,0.5467,-1,-1,-1
71,-1,1004.79,438.45,35.18,88.59,0.3114,-1,-1,-1
71,-1,1673.58,426.87,109.81,209.42,0.3043,-1,-1,-1
71,-1,1830.61,474.00,70.79,165.18,0.3001,-1,-1,-1
71,-1,1078.97,446.82,50.40,143.79,0.2182,-1,-1,-1
71,-1,1843.70,470.00,70.66,182.25,0.2139,-1,-1,-1
71,-1,1880.09,399.79,39.22,240.89,0.2065,-1,-1,-1
71,-1,1303.72,419.65,37.77,124.98,0.1912,-1,-1,-1
71,-1,1891.47,446.36,27.84,188.94,0.1738,-1,-1,-1
71,-1,1861.23,386.29,58.33,261.87,0.1723,-1,-1,-1
71,-1,1883.72,464.42,35.66,186.09,0.1361,-1,-1,-1
71,-1,553.23,450.45,79.13,307.28,0.1167,-1,-1,-1
71,-1,1536.49,429.11,37.35,121.01,0.1167,-1,-1,-1
71,-1,1681.29,433.36,96.26,158.29,0.1080,-1,-1,-1
72,-1,613.19,447.42,95.40,282.93,0.8047,-1,-1,-1
72,-1,492.35,438.51,145.49,326.95,0.7803,-1,-1,-1
72,-1,700.89,455.03,76.40,223.07,0.7279,-1,-1,-1
72,-1,1259.11,423.69,44.64,122.67,0.5783,-1,-1,-1
72,-1,1544.37,425.05,41.09,126.63,0.5673,-1,-1,-1
72,-1,1670.57,426.69,111.89,209.37,0.2529,-1,-1,-1
72,-1,1829.02,474.69,74.53,165.05,0.2477,-1,-1,-1
72,-1,1081.95,445.60,49.67,144.89,0.2420,-1,-1,-1
72,-1,1879.77,396.47,39.55,245.30,0.2216,-1,-1,-1
72,-1,1303.48,419.75,37.43,124.89,0.1949,-1,-1,-1
72,-1,1844.74,470.81,71.57,181.41,0.1938,-1,-1,-1
72,-1,1856.81,384.45,62.76,265.70,0.1922,-1,-1,-1
72,-1,1005.06,444.65,34.18,81.44,0.1619,-1,-1,-1
72,-1,1891.13,429.24,28.19,209.06,0.1579,-1,-1,-1
72,-1,1836.85,474.93,53.17,154.28,0.1557,-1,-1,-1
72,-1,1664.66,437.60,53.08,151.14,0.1352,-1,-1,-1
72,-1,1074.17,471.67,53.78,120.13,0.1228,-1,-1,-1
72,-1,1095.45,444.58,38.02,137.38,0.1182,-1,-1,-1
72,-1,1877.64,459.06,41.72,193.93,0.1135,-1,-1,-1
72,-1,812.73,480.40,24.98,67.76,0.1080,-1,-1,-1
73,-1,498.65,437.82,139.43,328.78,0.8150,-1,-1,-1
73,-1,616.01,446.15,96.71,289.90,0.7810,-1,-1,-1
73,-1,701.24,456.96,76.93,221.12,0.6329,-1,-1,-1
73,-1,1258.89,422.60,45.30,123.25,0.5790,-1,-1,-1
73,-1,1545.90,423.72,41.71,129.41,0.5328,-1,-1,-1
73,-1,1828.88,475.11,74.81,164.49,0.2874,-1,-1,-1
73,-1,1082.06,444.81,49.58,145.66,0.2814,-1,-1,-1
73,-1,1671.76,427.52,111.90,208.73,0.2517,-1,-1,-1
73,-1,1879.88,398.67,39.44,241.70,0.2118,-1,-1,-1
73,-1,1844.10,470.65,71.57,181.74,0.1977,-1,-1,-1
73,-1,1859.22,385.97,60.35,264.15,0.1836,-1,-1,-1
73,-1,1003.62,442.14,35.94,84.09,0.1763,-1,-1,-1
73,-1,1303.31,417.86,36.80,126.55,0.1735,-1,-1,-1
73,-1,1891.00,427.79,28.29,210.36,0.1728,-1,-1,-1
73,-1,1836.67,475.39,53.76,155.77,0.1667,-1,-1,-1
73,-1,1664.56,437.51,53.63,152.04,0.1450,-1,-1,-1
73,-1,1882.05,458.41,37.31,193.48,0.1218,-1,-1,-1
73,-1,1074.68,468.03,54.15,123.61,0.1178,-1,-1,-1
73,-1,812.07,480.71,24.43,67.08,0.1006,-1,-1,-1
74,-1,505.80,436.86,133.68,330.33,0.7852,-1,-1,-1
74,-1,618.42,445.07,95.47,291.27,0.7775,-1,-1,-1
74,-1,701.83,455.08,80.12,223.70,0.7191,-1,-1,-1
74,-1,1259.33,423.70,44.86,122.03,0.5921,-1,-1,-1
74,-1,1081.31,443.76,48.94,149.29,0.3695,-1,-1,-1
74,-1,1548.01,421.17,37.57,129.83,0.2874,-1,-1,-1
74,-1,1074.78,471.95,52.73,120.78,0.2715,-1,-1,-1
74,-1,1877.46,398.44,41.87,242.11,0.2421,-1,-1,-1
74,-1,1854.89,384.31,64.68,263.95,0.2120,-1,-1,-1
74,-1,1303.85,417.92,37.41,125.65,0.1887,-1,-1,-1
74,-1,1669.37,425.81,113.19,199.15,0.1789,-1,-1,-1
74,-1,1665.46,438.69,54.67,150.69,0.1785,-1,-1,-1
74,-1,1826.99,473.87,81.39,165.24,0.1657,-1,-1,-1
74,-1,1842.29,468.23,76.34,183.80,0.1453,-1,-1,-1
74,-1,1004.43,445.15,34.23,80.98,0.1274,-1,-1,-1
74,-1,1096.25,439.84,37.02,115.34,0.1004,-1,-1,-1
75,-1,618.24,445.95,94.70,290.25,0.7629,-1,-1,-1
75,-1,507.19,438.96,132.62,327.14,0.7280,-1,-1,-1
75,-1,1258.68,422.94,45.34,124.59,0.6215,-1,-1,-1
75,-1,702.93,454.46,74.63,219.89,0.5486,-1,-1,-1
75,-1,1077.80,467.73,50.53,124.30,0.4120,-1,-1,-1
75,-1,1669.93,422.92,113.58,210.10,0.2391,-1,-1,-1
75,-1,1303.09,414.95,38.27,129.05,0.2326,-1,-1,-1
75,-1,1827.91,472.90,79.44,175.68,0.2253,-1,-1,-1
75,-1,1852.58,468.61,66.98,186.98,0.2176,-1,-1,-1
75,-1,1877.68,400.42,41.63,243.58,0.1861,-1,-1,-1
75,-1,1854.27,386.34,65.30,265.97,0.1743,-1,-1,-1
75,-1,470.50,442.22,57.28,130.61,0.1668,-1,-1,-1
75,-1,1088.52,446.18,44.52,143.39,0.1556,-1,-1,-1
75,-1,1892.19,449.07,27.08,192.54,0.1387,-1,-1,-1
75,-1,1665.11,440.11,46.73,148.67,0.1316,-1,-1,-1
75,-1,478.75,447.75,54.13,108.52,0.1097,-1,-1,-1
75,-1,1836.62,473.73,56.19,158.47,0.1057,-1,-1,-1
76,-1,621.36,445.43,92.09,289.28,0.7556,-1,-1,-1
76,-1,517.81,444.00,122.31,322.78,0.6887,-1,-1,-1
76,-1,1259.17,422.64,46.20,124.57,0.6127,-1,-1,-1
76,-1,701.79,454.45,59.02,215.95,0.4979,-1,-1,-1
76,-1,701.95,457.96,82.39,217.70,0.4602,-1,-1,-1
76,-1,726.50,455.31,69.36,218.24,0.4187,-1,-1,-1
76,-1,1078.12,467.37,50.25,124.36,0.3736,-1,-1,-1
76,-1,510.18,443.90,80.07,322.34,0.2800,-1,-1,-1
76,-1,1669.90,424.00,112.81,207.50,0.2385,-1,-1,-1
76,-1,1852.07,469.75,67.48,186.40,0.2284,-1,-1,-1
76,-1,998.49,438.18,40.73,87.09,0.2129,-1,-1,-1
76,-1,1827.84,473.17,79.62,175.88,0.2054,-1,-1,-1
76,-1,1303.76,415.28,37.73,128.57,0.2046,-1,-1,-1
76,-1,1877.33,400.37,41.97,243.50,0.1898,-1,-1,-1
76,-1,1853.02,386.63,66.54,266.24,0.1767,-1,-1,-1
76,-1,1665.42,439.11,48.93,149.56,0.1745,-1,-1,-1
76,-1,1088.05,444.11,45.11,144.84,0.1467,-1,-1,-1
76,-1,1892.05,447.38,27.22,194.40,0.1359,-1,-1,-1
76,-1,470.18,446.09,56.79,123.43,0.1172,-1,-1,-1
76,-1,1871.54,460.07,47.78,193.91,0.1120,-1,-1,-1
76,-1,1042.35,443.03,48.65,128.54,0.1047,-1,-1,-1
76,-1,1836.17,473.60,56.51,159.27,0.1017,-1,-1,-1
77,-1,622.70,444.80,89.67,287.87,0.7450,-1,-1,-1
77,-1,520.14,441.69,121.23,325.44,0.6976,-1,-1,-1
77,-1,1259.16,422.73,46.26,124.42,0.6106,-1,-1,-1
77,-1,703.17,455.22,56.72,219.19,0.4662,-1,-1,-1
77,-1,733.83,458.22,63.24,215.54,0.4564,-1,-1,-1
77,-1,998.85,440.56,40.76,85.28,0.3986,-1,-1,-1
77,-1,704.64,457.55,89.16,217.95,0.3868,-1,-1,-1
77,-1,1076.05,471.83,51.80,120.38,0.3383,-1,-1,-1
77,-1,515.33,444.36,76.35,322.53,0.2277,-1,-1,-1
77,-1,1852.34,470.12,67.22,185.94,0.2269,-1,-1,-1
77,-1,1669.52,424.55,112.91,203.91,0.2103,-1,-1,-1
77,-1,1303.76,415.31,37.39,128.47,0.2026,-1,-1,-1
77,-1,1825.34,473.50,80.93,167.16,0.1964,-1,-1,-1
77,-1,1877.42,400.42,41.89,242.70,0.1889,-1,-1,-1
77,-1,1665.55,439.07,50.74,149.67,0.1811,-1,-1,-1
77,-1,1853.06,386.21,66.51,266.16,0.1689,-1,-1,-1
77,-1,470.99,443.20,54.15,129.54,0.1583,-1,-1,-1
77,-1,1891.68,448.48,27.59,193.01,0.1360,-1,-1,-1
77,-1,1044.87,443.44,45.61,123.55,0.1180,-1,-1,-1
77,-1,1097.53,444.16,35.37,135.77,0.1037,-1,-1,-1
78,-1,624.40,444.20,85.46,286.16,0.7424,-1,-1,-1
78,-1,522.50,440.27,120.76,327.28,0.7026,-1,-1,-1
78,-1,1259.22,427.21,43.24,118.66,0.5779,-1,-1,-1
78,-1,1000.39,442.01,39.36,85.39,0.4982,-1,-1,-1
78,-1,735.75,455.88,60.35,219.25,0.4633,-1,-1,-1
78,-1,703.70,453.32,59.41,222.55,0.4575,-1,-1,-1
78,-1,703.21,457.87,91.45,218.17,0.4475,-1,-1,-1
78,-1,1671.62,432.15,110.82,200.83,0.3616,-1,-1,-1
78,-1,1075.77,453.04,55.82,140.81,0.3339,-1,-1,-1
78,-1,512.88,443.42,80.45,322.70,0.2569,-1,-1,-1
78,-1,1302.93,417.64,38.44,126.72,0.2414,-1,-1,-1
78,-1,1876.60,398.42,42.71,238.64,0.2402,-1,-1,-1
78,-1,1828.68,475.40,76.42,162.80,0.2108,-1,-1,-1
78,-1,1859.25,384.26,60.31,260.00,0.1909,-1,-1,-1
78,-1,1045.74,449.04,47.14,127.27,0.1872,-1,-1,-1
78,-1,468.55,436.31,55.03,138.55,0.1846,-1,-1,-1
78,-1,1681.91,435.94,99.40,155.73,0.1753,-1,-1,-1
78,-1,1837.75,473.71,79.67,178.08,0.1696,-1,-1,-1
78,-1,1891.13,444.00,28.21,187.38,0.1484,-1,-1,-1
78,-1,564.15,449.44,79.66,295.71,0.1441,-1,-1,-1
78,-1,484.40,444.83,50.22,126.30,0.1346,-1,-1,-1
78,-1,1049.95,444.92,41.72,92.30,0.1185,-1,-1,-1
78,-1,1836.06,475.44,53.35,146.13,0.1064,-1,-1,-1
78,-1,1883.57,468.90,35.81,180.26,0.1020,-1,-1,-1
78,-1,1092.84,455.02,40.23,135.09,0.1010,-1,-1,-1
79,-1,627.80,443.80,82.02,286.97,0.7526,-1,-1,-1
79,-1,537.15,444.71,109.15,324.92,0.6808,-1,-1,-1
79,-1,1259.26,425.22,44.73,120.80,0.5707,-1,-1,-1
79,-1,999.83,439.90,40.08,87.56,0.5135,-1,-1,-1
79,-1,702.44,458.57,92.80,218.96,0.5038,-1,-1,-1
79,-1,704.20,455.64,64.02,218.84,0.4591,-1,-1,-1
79,-1,1671.50,433.30,110.75,200.09,0.3695,-1,-1,-1
79,-1,728.71,454.15,69.09,221.96,0.3614,-1,-1,-1
79,-1,1078.57,452.59,51.51,141.97,0.3380,-1,-1,-1
79,-1,511.64,445.86,82.88,316.57,0.2805,-1,-1,-1
79,-1,567.64,454.36,76.66,292.47,0.2678,-1,-1,-1
79,-1,1876.97,398.26,42.37,239.49,0.2517,-1,-1,-1
79,-1,1303.61,418.65,38.25,125.78,0.2444,-1,-1,-1
79,-1,1859.96,384.78,59.61,260.00,0.1974,-1,-1,-1
79,-1,1827.18,475.91,76.48,161.88,0.1857,-1,-1,-1
79,-1,1890.50,427.71,28.86,206.96,0.1721,-1,-1,-1
79,-1,743.37,476.94,55.83,198.11,0.1672,-1,-1,-1
79,-1,1682.29,436.69,98.51,154.25,0.1630,-1,-1,-1
79,-1,470.59,444.65,50.07,130.16,0.1405,-1,-1,-1
79,-1,1841.68,474.53,76.64,176.73,0.1346,-1,-1,-1
79,-1,1880.86,461.12,38.53,189.48,0.1075,-1,-1,-1
79,-1,1666.88,440.87,44.62,147.68,0.1037,-1,-1,-1
79,-1,1047.54,448.46,45.68,130.29,0.1029,-1,-1,-1
79,-1,1879.29,396.79,40.05,98.88,0.1015,-1,-1,-1
80,-1,629.23,444.68,82.23,285.26,0.7339,-1,-1,-1
80,-1,706.49,458.51,96.12,220.81,0.6161,-1,-1,-1
80,-1,1259.64,424.74,44.90,121.58,0.5908,-1,-1,-1
80,-1,540.60,445.26,109.33,326.31,0.5678,-1,-1,-1
80,-1,999.92,440.75,40.23,86.79,0.4056,-1,-1,-1
80,-1,1670.35,429.45,112.67,189.72,0.3411,-1,-1,-1
80,-1,507.59,446.84,88.64,316.24,0.3324,-1,-1,-1
80,-1,1077.76,451.92,52.40,142.21,0.3054,-1,-1,-1
80,-1,569.86,440.89,78.65,309.49,0.2984,-1,-1,-1
80,-1,706.20,456.45,65.28,221.88,0.2914,-1,-1,-1
80,-1,1877.21,397.99,42.13,238.39,0.2484,-1,-1,-1
80,-1,1303.63,419.06,37.48,125.48,0.2402,-1,-1,-1
80,-1,1856.31,384.76,63.26,259.19,0.2090,-1,-1,-1
80,-1,731.96,471.58,71.96,205.58,0.1814,-1,-1,-1
80,-1,1827.55,475.82,76.84,161.62,0.1756,-1,-1,-1
80,-1,1888.09,424.07,31.26,210.72,0.1547,-1,-1,-1
80,-1,496.68,480.18,149.63,285.07,0.1460,-1,-1,-1
80,-1,1835.38,475.49,52.18,147.89,0.1204,-1,-1,-1
80,-1,1841.31,474.53,77.39,177.14,0.1170,-1,-1,-1
81,-1,634.67,446.31,80.66,282.15,0.6933,-1,-1,-1
81,-1,547.61,445.11,104.71,333.19,0.5934,-1,-1,-1
81,-1,1259.65,425.64,44.36,121.07,0.5853,-1,-1,-1
81,-1,710.58,457.95,95.88,220.12,0.5837,-1,-1,-1
81,-1,708.01,454.90,69.03,224.49,0.5023,-1,-1,-1
81,-1,509.38,446.22,87.18,317.53,0.3349,-1,-1,-1
81,-1,999.54,441.43,41.42,85.93,0.3221,-1,-1,-1
81,-1,1671.84,430.59,110.14,188.29,0.2903,-1,-1,-1
81,-1,1077.12,454.88,52.69,139.38,0.2877,-1,-1,-1
81,-1,510.40,440.51,135.03,330.01,0.2623,-1,-1,-1
81,-1,1877.75,398.53,41.56,236.26,0.2432,-1,-1,-1
81,-1,1303.85,419.13,36.85,125.37,0.2123,-1,-1,-1
81,-1,1857.81,384.06,61.74,259.06,0.1875,-1,-1,-1
81,-1,1829.38,475.47,76.32,162.30,0.1749,-1,-1,-1
81,-1,1889.55,430.17,29.80,202.60,0.1484,-1,-1,-1
81,-1,1839.39,474.33,79.11,178.00,0.1348,-1,-1,-1
81,-1,1673.30,433.54,92.74,155.18,0.1204,-1,-1,-1
81,-1,1836.92,475.31,51.16,138.45,0.1148,-1,-1,-1
81,-1,1667.88,440.09,51.01,148.22,0.1130,-1,-1,-1
82,-1,637.25,452.89,79.16,279.10,0.6581,-1,-1,-1
82,-1,713.33,460.28,97.98,217.30,0.6510,-1,-1,-1
82,-1,552.73,445.99,101.28,333.64,0.6430,-1,-1,-1
82,-1,1259.78,423.57,44.96,123.32,0.5648,-1,-1,-1
82,-1,709.66,454.84,57.53,226.62,0.3912,-1,-1,-1
82,-1,1000.47,439.53,40.16,87.54,0.3514,-1,-1,-1
82,-1,503.75,445.58,93.63,303.58,0.3394,-1,-1,-1
82,-1,1671.38,423.67,111.21,208.75,0.3133,-1,-1,-1
82,-1,1077.58,450.51,55.60,142.98,0.2889,-1,-1,-1
82,-1,1877.63,398.49,41.69,241.05,0.2394,-1,-1,-1
82,-1,506.58,443.20,139.94,320.79,0.2164,-1,-1,-1
82,-1,1858.96,387.34,60.61,262.63,0.1911,-1,-1,-1
82,-1,1303.69,418.45,37.40,125.92,0.1898,-1,-1,-1
82,-1,1829.87,475.09,71.21,163.48,0.1633,-1,-1,-1
82,-1,1684.48,434.88,97.31,162.08,0.1587,-1,-1,-1
82,-1,1853.27,472.23,66.29,182.56,0.1525,-1,-1,-1
82,-1,1891.09,447.35,28.28,190.23,0.1374,-1,-1,-1
82,-1,490.79,444.98,49.59,127.02,0.1289,-1,-1,-1
82,-1,1667.71,440.73,48.30,147.15,0.1016,-1,-1,-1
83,-1,715.99,460.52,95.82,220.27,0.6818,-1,-1,-1
83,-1,639.42,453.96,78.59,278.44,0.6218,-1,-1,-1
83,-1,558.73,445.32,96.79,334.67,0.5917,-1,-1,-1
83,-1,1260.02,423.44,43.58,122.57,0.5463,-1,-1,-1
83,-1,712.61,460.51,54.57,221.08,0.4351,-1,-1,-1
83,-1,509.46,444.03,89.88,322.23,0.3330,-1,-1,-1
83,-1,1076.51,446.70,58.20,146.05,0.2959,-1,-1,-1
83,-1,1000.86,441.08,40.69,84.72,0.2873,-1,-1,-1
83,-1,1876.39,396.62,42.91,245.26,0.2784,-1,-1,-1
83,-1,1856.41,388.88,63.17,261.70,0.2279,-1,-1,-1
83,-1,516.14,468.48,139.51,304.13,0.1807,-1,-1,-1
83,-1,1302.91,419.11,38.39,125.42,0.1767,-1,-1,-1
83,-1,1889.08,410.86,30.31,229.57,0.1665,-1,-1,-1
83,-1,1671.34,420.46,113.40,204.70,0.1293,-1,-1,-1
83,-1,1829.65,476.46,74.97,163.31,0.1241,-1,-1,-1
83,-1,490.77,445.99,50.48,125.36,0.1196,-1,-1,-1
83,-1,1846.55,479.37,72.21,171.62,0.1140,-1,-1,-1
83,-1,587.21,461.84,64.05,196.42,0.1043,-1,-1,-1
83,-1,583.24,461.68,67.85,283.04,0.1031,-1,-1,-1
84,-1,716.55,459.77,96.81,221.67,0.7007,-1,-1,-1
84,-1,640.75,450.22,79.89,283.76,0.6473,-1,-1,-1
84,-1,564.42,447.77,91.12,333.28,0.6215,-1,-1,-1
84,-1,1260.62,427.27,41.90,118.82,0.5400,-1,-1,-1
84,-1,505.04,444.81,92.99,293.64,0.3853,-1,-1,-1
84,-1,711.99,461.04,53.70,221.17,0.3814,-1,-1,-1
84,-1,1000.37,441.71,40.40,83.41,0.2914,-1,-1,-1
84,-1,1077.15,440.80,57.40,150.84,0.2865,-1,-1,-1
84,-1,1878.27,397.91,41.02,240.11,0.2693,-1,-1,-1
84,-1,1854.35,387.53,65.20,260.63,0.1962,-1,-1,-1
84,-1,1302.56,420.44,39.43,124.34,0.1955,-1,-1,-1
84,-1,1889.68,413.71,29.69,223.24,0.1622,-1,-1,-1
84,-1,535.60,443.57,121.40,312.11,0.1588,-1,-1,-1
84,-1,491.16,445.19,51.05,129.47,0.1392,-1,-1,-1
84,-1,1830.47,476.97,73.66,161.78,0.1233,-1,-1,-1
84,-1,1672.29,417.55,113.31,212.29,0.1209,-1,-1,-1
84,-1,1843.29,478.37,75.53,173.00,0.1164,-1,-1,-1
85,-1,717.48,457.23,97.10,225.52,0.7377,-1,-1,-1
85,-1,642.20,451.30,78.71,280.80,0.6784,-1,-1,-1
85,-1,565.44,446.48,93.95,339.03,0.6110,-1,-1,-1
85,-1,1260.84,421.38,43.30,124.09,0.5471,-1,-1,-1
85,-1,506.23,442.55,93.48,299.49,0.3537,-1,-1,-1
85,-1,1001.76,441.12,37.10,84.40,0.3435,-1,-1,-1
85,-1,1875.50,395.60,43.81,246.89,0.3277,-1,-1,-1
85,-1,1078.14,449.86,57.54,141.64,0.2636,-1,-1,-1
85,-1,714.42,459.57,52.24,221.97,0.2531,-1,-1,-1
85,-1,1854.48,389.11,65.09,260.83,0.2304,-1,-1,-1
85,-1,491.72,440.71,53.29,140.93,0.2171,-1,-1,-1
85,-1,1887.34,403.95,32.03,234.69,0.1967,-1,-1,-1
85,-1,1303.92,420.59,37.94,123.81,0.1726,-1,-1,-1
85,-1,506.45,443.73,141.79,300.78,0.1553,-1,-1,-1
85,-1,507.39,443.68,90.60,185.71,0.1210,-1,-1,-1
86,-1,718.84,457.50,97.53,225.69,0.7687,-1,-1,-1
86,-1,644.30,451.13,79.71,280.68,0.6374,-1,-1,-1
86,-1,1260.66,422.56,42.84,122.75,0.5523,-1,-1,-1
86,-1,539.40,444.28,118.98,328.23,0.5307,-1,-1,-1
86,-1,573.09,444.41,86.80,307.15,0.4774,-1,-1,-1
86,-1,508.94,446.02,91.13,298.36,0.4696,-1,-1,-1
86,-1,1877.13,396.44,42.20,245.85,0.3349,-1,-1,-1
86,-1,1001.19,438.80,36.21,87.91,0.3291,-1,-1,-1
86,-1,1082.32,448.06,54.11,143.24,0.2549,-1,-1,-1
86,-1,1857.15,389.01,62.43,259.53,0.2415,-1,-1,-1
86,-1,1888.15,404.90,31.20,231.20,0.2217,-1,-1,-1
86,-1,1303.05,419.60,39.00,124.88,0.1809,-1,-1,-1
86,-1,1829.11,476.43,75.75,163.07,0.1775,-1,-1,-1
86,-1,484.55,445.72,65.54,140.44,0.1552,-1,-1,-1
87,-1,719.82,456.53,98.07,226.21,0.7893,-1,-1,-1
87,-1,642.67,450.29,77.51,280.45,0.6487,-1,-1,-1
87,-1,517.37,444.23,143.55,329.96,0.5783,-1,-1,-1
87,-1,1259.97,421.09,43.66,124.14,0.5498,-1,-1,-1
87,-1,554.49,444.53,107.14,310.92,0.5051,-1,-1,-1
87,-1,1880.54,398.99,38.79,242.04,0.2673,-1,-1,-1
87,-1,1004.46,441.69,33.70,84.51,0.2570,-1,-1,-1
87,-1,513.31,444.43,96.16,308.94,0.2237,-1,-1,-1
87,-1,491.84,443.85,54.09,143.54,0.2151,-1,-1,-1
87,-1,1303.32,418.81,38.34,125.61,0.2033,-1,-1,-1
87,-1,1827.66,474.93,80.32,165.73,0.1974,-1,-1,-1
87,-1,1860.21,388.05,59.38,259.96,0.1952,-1,-1,-1
87,-1,1890.00,412.82,29.33,221.90,0.1825,-1,-1,-1
87,-1,582.30,464.27,77.29,257.82,0.1389,-1,-1,-1
87,-1,1082.03,451.73,52.72,138.78,0.1292,-1,-1,-1
87,-1,1852.50,466.19,67.07,187.47,0.1022,-1,-1,-1
88,-1,722.01,451.97,97.78,229.73,0.7484,-1,-1,-1
88,-1,643.29,447.63,74.94,286.26,0.6335,-1,-1,-1
88,-1,1260.75,419.93,43.20,124.95,0.5196,-1,-1,-1
88,-1,514.14,444.66,95.32,302.98,0.4879,-1,-1,-1
88,-1,581.22,444.83,80.76,304.19,0.4282,-1,-1,-1
88,-1,548.14,446.57,111.00,332.07,0.4011,-1,-1,-1
88,-1,1829.31,472.38,77.55,168.61,0.2865,-1,-1,-1
88,-1,1005.13,439.57,33.50,86.42,0.2459,-1,-1,-1
88,-1,1884.94,399.20,34.37,241.52,0.2428,-1,-1,-1
88,-1,492.09,443.44,52.59,146.22,0.1977,-1,-1,-1
88,-1,1861.63,387.91,57.94,261.14,0.1941,-1,-1,-1
88,-1,1303.87,418.71,38.49,125.76,0.1878,-1,-1,-1
88,-1,1082.85,453.95,51.20,134.96,0.1176,-1,-1,-1
88,-1,590.40,445.30,96.88,291.99,0.1104,-1,-1,-1
88,-1,754.09,472.76,65.86,208.14,0.1075,-1,-1,-1
88,-1,1672.13,413.82,113.97,218.88,0.1018,-1,-1,-1
89,-1,723.21,450.39,99.24,231.93,0.7885,-1,-1,-1
89,-1,645.99,447.30,75.36,287.25,0.6448,-1,-1,-1
89,-1,1260.19,421.42,43.93,124.29,0.5340,-1,-1,-1
89,-1,511.66,446.84,98.49,300.08,0.5270,-1,-1,-1
89,-1,577.04,445.54,85.74,305.59,0.4823,-1,-1,-1
89,-1,1881.89,398.07,37.40,242.44,0.2943,-1,-1,-1
89,-1,1829.13,474.42,76.41,164.88,0.2692,-1,-1,-1
89,-1,518.52,445.30,142.30,316.89,0.2604,-1,-1,-1
89,-1,1005.84,443.26,32.10,82.70,0.2376,-1,-1,-1
89,-1,1861.62,388.63,57.95,260.20,0.2309,-1,-1,-1
89,-1,484.23,445.52,62.70,144.90,0.1950,-1,-1,-1
89,-1,1303.21,419.29,39.94,127.07,0.1805,-1,-1,-1
89,-1,559.64,450.63,96.96,331.51,0.1751,-1,-1,-1
89,-1,1079.64,454.97,54.68,134.67,0.1728,-1,-1,-1
89,-1,1837.61,467.24,79.91,184.70,0.1679,-1,-1,-1
89,-1,1836.86,474.09,56.24,157.21,0.1246,-1,-1,-1
89,-1,1671.21,417.84,114.94,209.02,0.1055,-1,-1,-1
89,-1,587.82,445.64,95.72,292.36,0.1008,-1,-1,-1
90,-1,724.93,449.54,98.36,230.75,0.7540,-1,-1,-1
90,-1,643.54,445.28,80.04,286.49,0.6550,-1,-1,-1
90,-1,507.90,447.54,103.08,300.21,0.6130,-1,-1,-1
90,-1,1259.94,421.79,44.73,123.25,0.4976,-1,-1,-1
90,-1,586.93,446.52,76.89,297.35,0.4185,-1,-1,-1
90,-1,1829.14,475.31,75.04,163.13,0.2707,-1,-1,-1
90,-1,1882.51,399.12,36.80,242.01,0.2644,-1,-1,-1
90,-1,1079.68,455.54,55.19,134.49,0.2359,-1,-1,-1
90,-1,1006.58,448.01,31.36,78.21,0.2159,-1,-1,-1
90,-1,1861.00,387.65,58.58,261.28,0.1995,-1,-1,-1
90,-1,545.22,447.53,109.41,327.49,0.1983,-1,-1,-1
90,-1,484.70,447.62,59.76,141.19,0.1981,-1,-1,-1
90,-1,1303.11,419.52,39.97,126.50,0.1864,-1,-1,-1
90,-1,1839.34,467.67,79.17,185.29,0.1556,-1,-1,-1
90,-1,590.73,446.81,101.83,284.83,0.1284,-1,-1,-1
90,-1,1875.35,444.40,44.01,209.26,0.1227,-1,-1,-1
90,-1,1257.04,430.50,38.60,111.72,0.1050,-1,-1,-1
91,-1,729.89,451.94,94.95,227.40,0.7490,-1,-1,-1
91,-1,642.42,446.39,89.38,293.70,0.6742,-1,-1,-1
91,-1,509.80,450.41,99.06,295.01,0.6239,-1,-1,-1
91,-1,1258.69,418.34,47.57,128.58,0.5118,-1,-1,-1
91,-1,580.72,446.30,84.13,300.43,0.4623,-1,-1,-1
91,-1,1078.72,457.48,57.35,134.81,0.3317,-1,-1,-1
91,-1,1880.75,395.05,38.53,247.17,0.3058,-1,-1,-1
91,-1,1006.15,444.46,31.87,81.69,0.2732,-1,-1,-1
91,-1,1862.34,387.82,57.24,263.27,0.2420,-1,-1,-1
91,-1,489.50,445.58,56.02,143.35,0.2216,-1,-1,-1
91,-1,518.72,446.15,148.15,309.19,0.2099,-1,-1,-1
91,-1,1830.30,474.97,76.20,164.71,0.1723,-1,-1,-1
91,-1,1303.99,415.95,37.60,128.71,0.1417,-1,-1,-1
91,-1,1842.03,470.75,75.99,182.21,0.1380,-1,-1,-1
91,-1,1671.82,411.43,115.96,224.42,0.1364,-1,-1,-1
91,-1,586.37,472.24,77.45,221.89,0.1290,-1,-1,-1
91,-1,712.01,455.63,40.65,134.26,0.1003,-1,-1,-1
92,-1,733.40,450.43,92.47,227.98,0.7598,-1,-1,-1
92,-1,643.85,445.82,89.70,288.63,0.7022,-1,-1,-1
92,-1,1258.18,420.63,47.08,126.77,0.5359,-1,-1,-1
92,-1,559.07,446.11,105.71,304.03,0.4979,-1,-1,-1
92,-1,511.18,452.15,99.43,291.33,0.4690,-1,-1,-1
92,-1,519.89,446.41,146.75,315.41,0.3652,-1,-1,-1
92,-1,1004.57,442.37,33.21,84.46,0.3431,-1,-1,-1
92,-1,1075.81,450.42,59.05,139.61,0.2584,-1,-1,-1
92,-1,1878.22,395.41,41.10,246.15,0.2534,-1,-1,-1
92,-1,586.88,471.43,78.33,250.68,0.2289,-1,-1,-1
92,-1,1830.58,474.19,74.68,164.26,0.2242,-1,-1,-1
92,-1,1859.44,389.22,60.14,260.94,0.2159,-1,-1,-1
92,-1,1889.58,416.35,29.79,221.25,0.2005,-1,-1,-1
92,-1,490.35,446.39,55.45,141.91,0.1939,-1,-1,-1
92,-1,577.38,442.36,74.66,349.75,0.1820,-1,-1,-1
92,-1,1841.16,466.44,76.37,185.84,0.1661,-1,-1,-1
92,-1,1304.72,418.09,37.71,126.56,0.1433,-1,-1,-1
92,-1,1672.48,416.74,114.53,220.65,0.1370,-1,-1,-1
92,-1,1833.35,412.21,84.66,235.06,0.1211,-1,-1,-1
93,-1,734.83,449.41,91.89,229.93,0.7444,-1,-1,-1
93,-1,641.76,446.05,91.66,295.38,0.7053,-1,-1,-1
93,-1,511.60,453.77,99.62,289.28,0.5349,-1,-1,-1
93,-1,1257.95,422.34,45.62,124.84,0.5309,-1,-1,-1
93,-1,574.57,445.71,90.81,300.54,0.4421,-1,-1,-1
93,-1,1076.94,462.20,55.71,129.81,0.2891,-1,-1,-1
93,-1,1006.67,444.31,31.55,82.13,0.2813,-1,-1,-1
93,-1,1878.24,395.36,41.08,246.71,0.2810,-1,-1,-1
93,-1,530.07,446.43,136.80,306.25,0.2743,-1,-1,-1
93,-1,1829.50,475.43,75.91,163.31,0.2521,-1,-1,-1
93,-1,491.09,446.54,51.05,142.77,0.2330,-1,-1,-1
93,-1,1859.31,388.85,60.27,260.05,0.2202,-1,-1,-1
93,-1,1888.96,412.57,30.41,224.07,0.2069,-1,-1,-1
93,-1,1302.48,416.39,41.15,129.15,0.1417,-1,-1,-1
93,-1,582.57,443.51,68.40,355.86,0.1414,-1,-1,-1
93,-1,1671.51,412.72,115.44,224.15,0.1175,-1,-1,-1
93,-1,1832.29,412.21,85.74,235.16,0.1163,-1,-1,-1
93,-1,1837.56,474.92,56.14,154.83,0.1156,-1,-1,-1
94,-1,737.46,451.21,92.36,228.66,0.7439,-1,-1,-1
94,-1,641.93,446.81,92.82,297.37,0.7363,-1,-1,-1
94,-1,1258.09,423.64,45.11,123.40,0.5406,-1,-1,-1
94,-1,552.29,445.69,111.78,311.14,0.5158,-1,-1,-1
94,-1,512.54,452.55,99.11,290.23,0.4081,-1,-1,-1
94,-1,1878.47,395.89,40.86,246.51,0.2826,-1,-1,-1
94,-1,580.87,442.36,75.45,359.91,0.2625,-1,-1,-1
94,-1,1006.79,445.63,30.63,80.59,0.2609,-1,-1,-1
94,-1,1829.74,475.64,74.69,162.96,0.2252,-1,-1,-1
94,-1,1860.95,389.86,58.63,260.42,0.2251,-1,-1,-1
94,-1,1077.07,454.87,55.61,138.15,0.2232,-1,-1,-1
94,-1,1888.87,412.22,30.50,224.75,0.2151,-1,-1,-1
94,-1,1304.42,418.61,37.65,126.15,0.1645,-1,-1,-1
94,-1,490.27,450.90,52.83,139.57,0.1588,-1,-1,-1
94,-1,1838.92,469.59,79.05,182.70,0.1478,-1,-1,-1
94,-1,589.05,477.70,75.46,192.13,0.1081,-1,-1,-1
94,-1,1832.90,409.98,84.96,237.67,0.1062,-1,-1,-1
94,-1,1837.50,475.12,55.31,151.31,0.1007,-1,-1,-1
95,-1,641.83,445.99,96.38,297.54,0.7490,-1,-1,-1
95,-1,741.06,451.21,88.34,228.35,0.6817,-1,-1,-1
95,-1,1255.85,426.12,47.68,123.17,0.5810,-1,-1,-1
95,-1,509.51,451.46,101.19,292.31,0.5255,-1,-1,-1
95,-1,563.19,442.41,101.24,313.32,0.4754,-1,-1,-1
95,-1,526.65,443.73,140.32,326.14,0.3628,-1,-1,-1
95,-1,1877.72,395.46,41.60,248.81,0.2838,-1,-1,-1
95,-1,1006.14,444.18,31.83,81.51,0.2505,-1,-1,-1
95,-1,1855.19,387.10,64.38,261.91,0.2283,-1,-1,-1
95,-1,1304.49,420.54,38.26,124.87,0.2233,-1,-1,-1
95,-1,490.75,447.70,50.21,140.94,0.1875,-1,-1,-1
95,-1,1076.12,459.27,53.30,133.44,0.1873,-1,-1,-1
95,-1,1829.62,473.88,77.54,165.98,0.1872,-1,-1,-1
95,-1,648.59,448.79,78.77,224.13,0.1843,-1,-1,-1
95,-1,1670.10,412.28,116.16,224.24,0.1533,-1,-1,-1
95,-1,1834.57,445.49,84.32,202.07,0.1295,-1,-1,-1
96,-1,645.09,446.28,95.44,295.94,0.7658,-1,-1,-1
96,-1,742.93,450.15,85.86,231.78,0.7156,-1,-1,-1
96,-1,1257.13,424.93,45.84,123.45,0.5423,-1,-1,-1
96,-1,560.53,444.12,103.57,322.12,0.5118,-1,-1,-1
96,-1,511.29,452.21,99.73,291.31,0.4242,-1,-1,-1
96,-1,1876.64,394.82,42.69,250.08,0.2800,-1,-1,-1
96,-1,1854.83,387.13,64.74,262.89,0.2358,-1,-1,-1
96,-1,1005.52,446.24,30.63,78.77,0.2205,-1,-1,-1
96,-1,1304.64,421.63,37.66,123.95,0.2083,-1,-1,-1
96,-1,1888.59,410.42,30.79,224.90,0.1664,-1,-1,-1
96,-1,485.22,454.10,52.09,138.66,0.1577,-1,-1,-1
96,-1,1828.96,474.54,77.62,164.20,0.1497,-1,-1,-1
96,-1,1075.29,458.81,53.70,133.64,0.1467,-1,-1,-1
96,-1,1670.35,413.79,116.06,223.35,0.1411,-1,-1,-1
96,-1,1841.57,471.88,76.74,180.45,0.1283,-1,-1,-1
96,-1,1883.30,444.54,36.10,206.79,0.1032,-1,-1,-1
97,-1,645.46,446.13,95.86,291.67,0.7783,-1,-1,-1
97,-1,745.37,451.09,86.62,232.70,0.7524,-1,-1,-1
97,-1,1257.25,425.04,45.12,122.65,0.5512,-1,-1,-1
97,-1,565.68,445.89,98.19,331.30,0.5427,-1,-1,-1
97,-1,508.77,450.41,100.40,293.63,0.4005,-1,-1,-1
97,-1,531.82,446.93,135.25,346.53,0.3245,-1,-1,-1
97,-1,1876.68,394.84,42.65,249.60,0.2686,-1,-1,-1
97,-1,1853.92,386.47,65.66,263.80,0.2284,-1,-1,-1
97,-1,1005.30,447.54,30.90,78.17,0.2282,-1,-1,-1
97,-1,1304.72,422.12,37.09,123.35,0.2061,-1,-1,-1
97,-1,487.25,452.33,55.61,140.83,0.1855,-1,-1,-1
97,-1,1828.38,474.82,77.94,163.88,0.1499,-1,-1,-1
97,-1,1889.56,413.80,29.83,221.69,0.1490,-1,-1,-1
97,-1,1842.22,474.21,75.94,178.04,0.1355,-1,-1,-1
97,-1,1671.65,414.74,115.25,221.78,0.1161,-1,-1,-1
97,-1,1075.21,461.12,52.58,131.90,0.1071,-1,-1,-1
98,-1,745.61,447.78,88.10,239.13,0.7752,-1,-1,-1
98,-1,644.96,445.72,98.35,292.84,0.7746,-1,-1,-1
98,-1,558.58,444.20,105.98,346.18,0.5734,-1,-1,-1
98,-1,1255.85,428.73,44.80,118.87,0.5595,-1,-1,-1
98,-1,506.15,448.36,102.85,295.95,0.3333,-1,-1,-1
98,-1,1005.17,444.65,31.50,81.02,0.2645,-1,-1,-1
98,-1,1853.31,388.66,66.26,263.15,0.2590,-1,-1,-1
98,-1,486.86,451.41,53.17,141.97,0.2475,-1,-1,-1
98,-1,1303.99,422.36,37.98,122.70,0.2330,-1,-1,-1
98,-1,1877.47,396.19,41.84,250.71,0.2288,-1,-1,-1
98,-1,1076.70,457.39,52.86,135.21,0.1884,-1,-1,-1
98,-1,1890.38,413.72,29.01,225.28,0.1434,-1,-1,-1
98,-1,1671.81,416.12,114.70,219.32,0.1399,-1,-1,-1
98,-1,1845.39,470.17,71.90,182.11,0.1391,-1,-1,-1
98,-1,1827.94,473.88,77.09,166.22,0.1335,-1,-1,-1
98,-1,1883.72,442.08,35.68,210.16,0.1055,-1,-1,-1
99,-1,646.20,444.98,102.27,295.89,0.8007,-1,-1,-1
99,-1,749.52,448.06,87.75,240.05,0.7867,-1,-1,-1
99,-1,569.57,443.92,96.46,342.96,0.5753,-1,-1,-1
99,-1,1256.37,432.68,43.02,114.68,0.5635,-1,-1,-1
99,-1,506.69,448.62,103.33,295.67,0.4958,-1,-1,-1
99,-1,1004.86,438.58,32.77,86.57,0.3532,-1,-1,-1
99,-1,1876.71,392.49,42.59,248.94,0.2492,-1,-1,-1
99,-1,1851.48,384.39,68.08,264.91,0.1907,-1,-1,-1
99,-1,1304.43,423.30,37.73,121.47,0.1894,-1,-1,-1
99,-1,1671.20,410.64,115.89,225.99,0.1637,-1,-1,-1
99,-1,1076.03,462.48,52.57,123.79,0.1635,-1,-1,-1
99,-1,487.09,454.68,43.48,134.99,0.1550,-1,-1,-1
99,-1,1887.57,424.70,31.82,210.61,0.1355,-1,-1,-1
99,-1,1092.05,444.33,45.26,144.30,0.1113,-1,-1,-1
99,-1,1826.03,477.04,81.14,161.25,0.1072,-1,-1,-1
100,-1,647.42,444.48,101.13,295.77,0.8106,-1,-1,-1
100,-1,752.17,448.31,88.61,238.63,0.7844,-1,-1,-1
100,-1,563.38,441.58,103.22,357.38,0.6194,-1,-1,-1
100,-1,1256.16,434.03,42.77,113.71,0.5665,-1,-1,-1
100,-1,504.69,450.41,104.47,293.92,0.4871,-1,-1,-1
100,-1,1876.94,393.41,42.40,250.36,0.3417,-1,-1,-1
100,-1,1004.19,441.46,33.46,84.05,0.3304,-1,-1,-1
100,-1,1078.88,441.08,58.63,147.32,0.2479,-1,-1,-1
100,-1,1098.80,440.52,39.03,144.90,0.1988,-1,-1,-1
100,-1,1860.19,385.84,59.36,260.95,0.1955,-1,-1,-1
100,-1,487.52,455.71,43.18,134.12,0.1545,-1,-1,-1
100,-1,1670.75,411.52,116.64,225.05,0.1532,-1,-1,-1
100,-1,1304.68,422.68,38.54,122.84,0.1440,-1,-1,-1
101,-1,647.31,444.56,106.60,295.09,0.8040,-1,-1,-1
101,-1,752.84,448.53,90.11,243.88,0.7746,-1,-1,-1
101,-1,570.96,443.71,96.94,356.93,0.6048,-1,-1,-1
101,-1,501.99,451.29,108.60,293.78,0.5812,-1,-1,-1
101,-1,1255.91,431.42,41.74,116.02,0.5445,-1,-1,-1
101,-1,1002.54,439.68,35.68,86.91,0.5192,-1,-1,-1
101,-1,1878.53,396.20,40.74,237.50,0.3481,-1,-1,-1
101,-1,592.44,443.93,74.54,314.32,0.3466,-1,-1,-1
101,-1,1076.03,440.09,59.16,150.52,0.2463,-1,-1,-1
101,-1,1859.63,386.01,59.92,259.75,0.2123,-1,-1,-1
101,-1,1104.04,438.15,34.20,120.69,0.1878,-1,-1,-1
101,-1,563.26,447.15,71.59,350.01,0.1653,-1,-1,-1
101,-1,538.22,446.78,110.86,319.89,0.1329,-1,-1,-1
101,-1,1072.01,443.27,34.63,144.05,0.1139,-1,-1,-1
101,-1,1671.10,414.07,116.24,221.27,0.1121,-1,-1,-1
101,-1,1305.38,423.01,38.26,122.40,0.1020,-1,-1,-1
102,-1,648.09,444.09,108.76,295.11,0.8191,-1,-1,-1
102,-1,753.87,448.03,92.17,243.18,0.7670,-1,-1,-1
102,-1,575.52,442.75,94.69,357.61,0.6639,-1,-1,-1
102,-1,497.67,447.78,112.92,297.87,0.5852,-1,-1,-1
102,-1,1254.99,435.05,40.33,112.26,0.5506,-1,-1,-1
102,-1,1003.57,439.61,35.27,86.54,0.4818,-1,-1,-1
102,-1,1074.45,439.73,60.68,150.95,0.4619,-1,-1,-1
102,-1,1878.48,397.95,40.84,238.65,0.3491,-1,-1,-1
102,-1,1858.48,387.79,61.07,259.79,0.2349,-1,-1,-1
102,-1,1102.55,438.53,35.80,132.84,0.1732,-1,-1,-1
102,-1,548.44,444.99,111.41,333.80,0.1414,-1,-1,-1
102,-1,1304.61,427.23,35.66,118.67,0.1179,-1,-1,-1
102,-1,1671.51,414.64,116.06,221.32,0.1089,-1,-1,-1
103,-1,649.18,443.58,107.90,296.61,0.8265,-1,-1,-1
103,-1,754.21,448.31,91.27,245.71,0.7494,-1,-1,-1
103,-1,572.50,441.73,97.93,358.41,0.6836,-1,-1,-1
103,-1,1254.54,436.89,40.10,109.82,0.5494,-1,-1,-1
103,-1,1003.24,438.90,35.32,88.21,0.5030,-1,-1,-1
103,-1,495.77,449.13,114.29,299.01,0.4791,-1,-1,-1
103,-1,1072.13,435.30,62.39,153.82,0.3398,-1,-1,-1
103,-1,1876.87,396.01,42.46,246.51,0.3166,-1,-1,-1
103,-1,1097.56,438.01,39.24,145.08,0.2185,-1,-1,-1
103,-1,1858.14,386.16,61.41,260.58,0.2071,-1,-1,-1
103,-1,1303.85,426.23,39.03,119.21,0.1577,-1,-1,-1
103,-1,1869.39,444.02,49.95,209.04,0.1019,-1,-1,-1
104,-1,651.70,443.19,106.12,298.59,0.8338,-1,-1,-1
104,-1,753.04,449.23,94.45,243.74,0.7538,-1,-1,-1
104,-1,568.79,440.66,101.81,358.04,0.6851,-1,-1,-1
104,-1,1253.61,437.75,39.48,108.74,0.5355,-1,-1,-1
104,-1,1003.41,438.76,33.96,88.01,0.5171,-1,-1,-1
104,-1,499.72,446.96,113.33,306.36,0.3972,-1,-1,-1
104,-1,1875.38,395.12,43.95,250.12,0.3084,-1,-1,-1
104,-1,1074.03,440.80,56.52,149.61,0.2970,-1,-1,-1
104,-1,1857.26,387.57,62.30,262.90,0.2441,-1,-1,-1
104,-1,1304.15,428.74,35.65,116.85,0.1653,-1,-1,-1
104,-1,1106.38,439.92,29.92,136.56,0.1492,-1,-1,-1
104,-1,1829.74,477.11,75.77,161.10,0.1196,-1,-1,-1
104,-1,591.45,440.15,83.07,330.32,0.1080,-1,-1,-1
104,-1,1868.43,442.75,50.96,210.64,0.1056,-1,-1,-1
104,-1,488.34,461.19,49.43,122.37,0.1032,-1,-1,-1
105,-1,654.43,442.94,102.38,297.50,0.8278,-1,-1,-1
105,-1,759.17,453.24,89.14,240.96,0.7947,-1,-1,-1
105,-1,566.30,439.27,104.22,359.21,0.7179,-1,-1,-1
105,-1,500.76,442.02,109.75,311.56,0.4539,-1,-1,-1
105,-1,1253.97,440.63,32.38,105.67,0.4333,-1,-1,-1
105,-1,1002.90,438.82,33.79,87.51,0.4119,-1,-1,-1
105,-1,1876.49,395.98,42.80,243.23,0.2782,-1,-1,-1
105,-1,1860.91,387.16,58.66,261.29,0.2272,-1,-1,-1
105,-1,1887.99,417.32,31.42,216.04,0.1894,-1,-1,-1
105,-1,1828.72,473.49,75.83,165.08,0.1775,-1,-1,-1
105,-1,1305.16,426.60,35.63,118.85,0.1591,-1,-1,-1
105,-1,1671.28,417.14,114.80,218.66,0.1514,-1,-1,-1
105,-1,1843.93,469.69,74.05,181.31,0.1422,-1,-1,-1
105,-1,1074.49,440.42,55.64,143.66,0.1411,-1,-1,-1
105,-1,1881.88,448.74,37.50,201.14,0.1387,-1,-1,-1
106,-1,656.26,443.00,104.80,298.69,0.8182,-1,-1,-1
106,-1,761.03,454.46,87.12,239.65,0.7794,-1,-1,-1
106,-1,564.22,438.31,106.77,361.38,0.6859,-1,-1,-1
106,-1,1252.75,442.45,33.88,106.22,0.4856,-1,-1,-1
106,-1,1004.23,440.16,32.42,84.71,0.3878,-1,-1,-1
106,-1,502.78,436.70,106.21,312.41,0.3582,-1,-1,-1
106,-1,1875.31,397.05,44.01,243.78,0.3119,-1,-1,-1
106,-1,1858.81,388.48,60.76,259.46,0.2407,-1,-1,-1
106,-1,1304.25,426.64,36.09,119.20,0.2301,-1,-1,-1
106,-1,1887.08,409.00,32.31,224.33,0.2115,-1,-1,-1
106,-1,1670.93,414.61,115.24,216.58,0.1608,-1,-1,-1
106,-1,1829.87,475.02,73.96,163.29,0.1594,-1,-1,-1
106,-1,1077.16,440.70,52.61,140.67,0.1290,-1,-1,-1
106,-1,1841.45,471.53,76.83,180.20,0.1213,-1,-1,-1
107,-1,658.99,442.48,106.27,299.62,0.8056,-1,-1,-1
107,-1,763.11,457.86,86.82,237.28,0.7706,-1,-1,-1
107,-1,551.05,438.95,120.36,359.60,0.6833,-1,-1,-1
107,-1,1252.87,443.15,33.14,104.17,0.4447,-1,-1,-1
107,-1,1003.22,438.42,34.16,86.06,0.3847,-1,-1,-1
107,-1,502.26,448.10,99.87,297.87,0.3408,-1,-1,-1
107,-1,1875.80,396.30,43.50,244.43,0.2667,-1,-1,-1
107,-1,1859.82,389.18,59.74,257.47,0.2192,-1,-1,-1
107,-1,1832.14,476.26,71.07,161.97,0.2157,-1,-1,-1
107,-1,1304.90,430.19,35.27,115.11,0.1788,-1,-1,-1
107,-1,1074.42,442.41,55.63,143.48,0.1781,-1,-1,-1
107,-1,1888.38,431.88,31.02,202.43,0.1738,-1,-1,-1
107,-1,1670.51,417.63,115.77,215.44,0.1571,-1,-1,-1
107,-1,1843.48,473.55,75.08,177.47,0.1300,-1,-1,-1
107,-1,1882.26,461.05,37.14,188.51,0.1212,-1,-1,-1
107,-1,1837.78,475.61,53.10,152.20,0.1138,-1,-1,-1
108,-1,661.17,439.71,103.86,302.53,0.8150,-1,-1,-1
108,-1,762.17,450.34,87.48,246.30,0.7851,-1,-1,-1
108,-1,541.03,438.59,133.28,361.46,0.6826,-1,-1,-1
108,-1,1003.53,440.14,34.20,85.89,0.5445,-1,-1,-1
108,-1,1251.49,442.15,34.03,106.90,0.4478,-1,-1,-1
108,-1,503.06,446.70,103.50,299.02,0.3405,-1,-1,-1
108,-1,1876.20,396.50,43.10,241.61,0.2577,-1,-1,-1
108,-1,1832.21,475.79,71.70,162.56,0.2561,-1,-1,-1
108,-1,1074.19,451.38,52.49,137.55,0.1799,-1,-1,-1
108,-1,1305.27,429.06,34.61,116.74,0.1756,-1,-1,-1
108,-1,1888.20,444.67,31.21,187.30,0.1756,-1,-1,-1
108,-1,1672.21,415.97,114.54,214.86,0.1667,-1,-1,-1
108,-1,1841.68,470.07,77.00,180.86,0.1469,-1,-1,-1
108,-1,1837.97,475.50,53.07,151.55,0.1247,-1,-1,-1
109,-1,661.01,440.59,103.67,306.82,0.8193,-1,-1,-1
109,-1,761.15,450.36,89.41,246.15,0.7614,-1,-1,-1
109,-1,535.97,438.57,141.31,362.01,0.7132,-1,-1,-1
109,-1,1002.79,439.34,34.91,86.87,0.4900,-1,-1,-1
109,-1,1250.68,442.51,34.20,106.16,0.4473,-1,-1,-1
109,-1,502.70,447.61,101.23,297.92,0.3490,-1,-1,-1
109,-1,758.13,455.30,69.11,215.15,0.2506,-1,-1,-1
109,-1,1832.51,475.54,72.21,163.42,0.2464,-1,-1,-1
109,-1,1877.08,397.05,42.21,240.71,0.2367,-1,-1,-1
109,-1,1863.32,388.11,56.24,258.85,0.1934,-1,-1,-1
109,-1,1074.62,447.44,52.48,144.51,0.1731,-1,-1,-1
109,-1,1889.29,452.23,30.11,180.57,0.1704,-1,-1,-1
109,-1,1305.77,428.60,34.68,117.38,0.1689,-1,-1,-1
109,-1,1844.06,469.19,74.67,181.89,0.1389,-1,-1,-1
109,-1,1672.46,418.10,114.26,213.68,0.1388,-1,-1,-1
109,-1,1838.15,475.56,52.61,147.51,0.1151,-1,-1,-1
110,-1,661.87,441.52,102.31,308.14,0.8128,-1,-1,-1
110,-1,761.52,450.17,89.48,244.89,0.7867,-1,-1,-1
110,-1,553.82,438.04,126.84,364.70,0.6605,-1,-1,-1
110,-1,1250.25,442.48,34.43,105.42,0.4531,-1,-1,-1
110,-1,505.90,441.68,103.32,308.51,0.3486,-1,-1,-1
110,-1,1001.93,440.06,36.48,85.70,0.3034,-1,-1,-1
110,-1,1829.11,475.81,75.87,162.77,0.2435,-1,-1,-1
110,-1,1877.19,396.59,42.11,240.48,0.2398,-1,-1,-1
110,-1,1075.47,440.86,54.94,147.49,0.2138,-1,-1,-1
110,-1,1862.98,387.20,56.58,257.45,0.1938,-1,-1,-1
110,-1,1889.13,441.66,30.26,190.35,0.1825,-1,-1,-1
110,-1,1837.24,468.99,81.52,182.18,0.1436,-1,-1,-1
110,-1,916.74,508.94,64.45,77.68,0.1424,-1,-1,-1
110,-1,758.75,454.13,72.13,217.05,0.1330,-1,-1,-1
110,-1,1305.39,427.10,35.60,118.50,0.1317,-1,-1,-1
110,-1,1836.56,475.53,56.08,148.95,0.1205,-1,-1,-1
110,-1,1672.15,417.37,114.51,209.44,0.1146,-1,-1,-1
110,-1,1109.84,440.77,27.11,113.14,0.1056,-1,-1,-1
111,-1,662.58,440.17,104.07,306.30,0.7944,-1,-1,-1
111,-1,762.65,450.47,88.57,245.81,0.7786,-1,-1,-1
111,-1,561.95,440.72,122.13,364.90,0.6866,-1,-1,-1
111,-1,1250.51,443.32,35.49,103.55,0.4413,-1,-1,-1
111,-1,505.21,445.24,101.39,303.61,0.3237,-1,-1,-1
111,-1,1003.16,444.63,34.99,82.18,0.2921,-1,-1,-1
111,-1,1876.50,395.96,42.80,243.47,0.2721,-1,-1,-1
111,-1,1074.90,441.81,54.65,146.85,0.2436,-1,-1,-1
111,-1,1858.44,387.93,61.13,259.05,0.2155,-1,-1,-1
111,-1,1829.86,476.40,75.60,162.30,0.1710,-1,-1,-1
111,-1,1304.50,427.13,35.68,118.74,0.1691,-1,-1,-1
111,-1,1889.43,421.75,29.96,211.63,0.1672,-1,-1,-1
111,-1,1841.92,473.03,76.96,178.66,0.1290,-1,-1,-1
111,-1,1671.21,414.32,115.47,220.27,0.1167,-1,-1,-1
111,-1,1883.94,457.45,35.44,191.91,0.1090,-1,-1,-1
112,-1,666.26,439.55,100.64,310.04,0.7787,-1,-1,-1
112,-1,764.43,447.94,85.73,247.70,0.7688,-1,-1,-1
112,-1,566.97,439.59,118.34,368.27,0.7149,-1,-1,-1
112,-1,1247.48,442.48,37.90,103.90,0.5130,-1,-1,-1
112,-1,504.59,437.31,101.81,311.28,0.3628,-1,-1,-1
112,-1,1876.02,395.85,43.29,244.38,0.2719,-1,-1,-1
112,-1,1003.78,446.03,34.56,81.30,0.2652,-1,-1,-1
112,-1,1076.32,442.70,52.79,142.98,0.2195,-1,-1,-1
112,-1,1860.43,388.20,59.14,258.19,0.2109,-1,-1,-1
112,-1,1304.61,426.47,35.80,119.54,0.1876,-1,-1,-1
112,-1,1887.35,419.80,32.03,214.10,0.1854,-1,-1,-1
112,-1,1829.19,476.43,76.43,161.79,0.1818,-1,-1,-1
112,-1,932.67,434.08,35.46,86.57,0.1291,-1,-1,-1
112,-1,1837.80,471.65,81.08,179.63,0.1269,-1,-1,-1
112,-1,1672.93,414.96,113.86,210.17,0.1265,-1,-1,-1
113,-1,666.23,439.97,101.40,311.85,0.8000,-1,-1,-1
113,-1,766.24,449.16,84.29,246.49,0.7638,-1,-1,-1
113,-1,530.63,439.26,155.98,370.02,0.7115,-1,-1,-1
113,-1,1245.53,446.65,37.24,101.32,0.6014,-1,-1,-1
113,-1,1875.22,394.25,44.15,247.79,0.3591,-1,-1,-1
113,-1,1005.68,450.13,32.62,76.75,0.2755,-1,-1,-1
113,-1,1076.88,439.75,54.27,147.81,0.2504,-1,-1,-1
113,-1,1855.12,387.69,64.44,259.94,0.2176,-1,-1,-1
113,-1,504.39,442.49,96.13,303.87,0.1684,-1,-1,-1
113,-1,1107.14,440.46,28.89,138.32,0.1363,-1,-1,-1
113,-1,1304.61,426.73,35.40,119.06,0.1173,-1,-1,-1
113,-1,934.48,435.18,32.97,82.15,0.1151,-1,-1,-1
113,-1,1089.75,439.13,48.07,141.79,0.1144,-1,-1,-1
113,-1,508.31,434.61,129.23,322.60,0.1133,-1,-1,-1
114,-1,668.09,440.83,98.80,312.36,0.7955,-1,-1,-1
114,-1,764.99,450.41,85.97,244.76,0.7454,-1,-1,-1
114,-1,529.37,437.44,157.35,370.71,0.6999,-1,-1,-1
114,-1,1246.63,445.24,38.26,101.69,0.5767,-1,-1,-1
114,-1,1874.88,393.66,44.47,250.87,0.3841,-1,-1,-1
114,-1,1005.61,444.46,33.67,81.06,0.2672,-1,-1,-1
114,-1,1078.56,440.52,51.92,142.31,0.1883,-1,-1,-1
114,-1,1671.03,413.13,117.50,220.51,0.1716,-1,-1,-1
114,-1,1304.06,422.16,37.04,123.86,0.1446,-1,-1,-1
114,-1,933.67,435.57,34.78,83.09,0.1341,-1,-1,-1
114,-1,509.38,441.72,88.10,306.13,0.1319,-1,-1,-1
114,-1,1107.14,439.30,29.50,132.15,0.1157,-1,-1,-1
114,-1,972.77,464.15,37.22,83.57,0.1040,-1,-1,-1
115,-1,669.90,443.63,98.04,307.42,0.7894,-1,-1,-1
115,-1,765.50,447.08,87.59,247.78,0.7871,-1,-1,-1
115,-1,531.58,439.87,153.16,367.24,0.7133,-1,-1,-1
115,-1,1245.79,444.36,38.64,100.97,0.5913,-1,-1,-1
115,-1,1873.83,393.89,45.54,251.98,0.3533,-1,-1,-1
115,-1,1846.71,388.55,72.81,261.30,0.1884,-1,-1,-1
115,-1,1082.88,440.50,50.75,142.36,0.1705,-1,-1,-1
115,-1,1099.36,440.68,36.38,134.03,0.1451,-1,-1,-1
115,-1,1006.50,447.11,31.02,78.13,0.1428,-1,-1,-1
115,-1,934.98,436.51,34.59,83.71,0.1042,-1,-1,-1
116,-1,765.72,449.67,86.89,244.82,0.7815,-1,-1,-1
116,-1,670.43,442.20,97.62,311.22,0.7698,-1,-1,-1
116,-1,528.12,440.40,155.42,365.67,0.7372,-1,-1,-1
116,-1,1244.55,442.70,36.31,102.19,0.5547,-1,-1,-1
116,-1,1875.28,392.89,44.10,252.20,0.3696,-1,-1,-1
116,-1,1080.74,439.79,54.47,144.73,0.2923,-1,-1,-1
116,-1,1846.70,386.71,72.83,262.27,0.1894,-1,-1,-1
116,-1,935.45,437.62,35.74,82.75,0.1709,-1,-1,-1
116,-1,1005.35,446.50,33.16,79.10,0.1591,-1,-1,-1
116,-1,1304.43,423.36,35.61,122.39,0.1188,-1,-1,-1
117,-1,670.51,442.34,99.24,311.60,0.7764,-1,-1,-1
117,-1,766.96,454.39,86.71,240.74,0.7653,-1,-1,-1
117,-1,528.05,440.10,156.93,368.29,0.7451,-1,-1,-1
117,-1,1245.21,441.11,38.08,101.84,0.5419,-1,-1,-1
117,-1,1083.60,438.25,54.78,146.30,0.3891,-1,-1,-1
117,-1,1874.99,391.87,44.34,251.53,0.3637,-1,-1,-1
117,-1,1851.89,386.95,67.66,262.69,0.2190,-1,-1,-1
117,-1,936.15,437.25,36.96,82.58,0.2056,-1,-1,-1
117,-1,1003.45,439.40,34.20,85.67,0.1891,-1,-1,-1
117,-1,1304.24,422.54,35.52,122.85,0.1204,-1,-1,-1
117,-1,924.83,434.54,51.55,146.20,0.1186,-1,-1,-1
118,-1,767.05,452.42,88.47,241.84,0.7803,-1,-1,-1
118,-1,671.83,441.34,96.53,312.97,0.7694,-1,-1,-1
118,-1,531.62,439.03,154.14,376.45,0.7451,-1,-1,-1
118,-1,1242.61,442.05,36.57,101.11,0.4722,-1,-1,-1
118,-1,1084.79,439.11,54.25,144.84,0.3917,-1,-1,-1
118,-1,1875.40,393.55,43.93,251.20,0.3466,-1,-1,-1
118,-1,1005.42,443.37,33.88,82.76,0.3375,-1,-1,-1
118,-1,1853.85,386.68,65.70,263.53,0.2350,-1,-1,-1
118,-1,937.31,438.79,35.50,79.37,0.2332,-1,-1,-1
118,-1,925.22,437.58,52.32,144.57,0.1223,-1,-1,-1
118,-1,445.14,473.57,38.56,92.49,0.1187,-1,-1,-1
118,-1,1303.23,419.87,37.70,124.93,0.1125,-1,-1,-1
118,-1,981.66,457.22,25.41,63.03,0.1048,-1,-1,-1
119,-1,673.79,440.14,99.27,320.17,0.7719,-1,-1,-1
119,-1,766.57,451.04,95.52,246.05,0.7643,-1,-1,-1
119,-1,529.22,441.96,157.12,379.18,0.7511,-1,-1,-1
119,-1,1239.44,441.04,36.37,100.64,0.4111,-1,-1,-1
119,-1,1875.54,390.69,43.79,252.95,0.3692,-1,-1,-1
119,-1,1005.51,445.06,31.53,81.40,0.3083,-1,-1,-1
119,-1,1081.90,442.07,57.03,142.92,0.3081,-1,-1,-1
119,-1,1851.04,385.75,68.50,261.94,0.2313,-1,-1,-1
119,-1,938.02,440.86,36.21,78.80,0.1696,-1,-1,-1
119,-1,1670.70,411.14,116.75,222.76,0.1418,-1,-1,-1
119,-1,1303.47,420.18,38.60,124.96,0.1236,-1,-1,-1
119,-1,926.77,442.56,51.73,136.97,0.1136,-1,-1,-1
119,-1,444.17,471.17,39.71,92.35,0.1116,-1,-1,-1
120,-1,675.02,440.58,100.15,319.59,0.7803,-1,-1,-1
120,-1,527.55,441.68,160.30,382.33,0.7582,-1,-1,-1
120,-1,767.30,453.70,99.59,245.52,0.7217,-1,-1,-1
120,-1,1239.59,442.14,36.83,101.67,0.3746,-1,-1,-1
120,-1,1874.55,391.29,44.78,253.49,0.3466,-1,-1,-1
120,-1,1005.57,443.69,32.35,83.03,0.2861,-1,-1,-1
120,-1,1851.08,387.01,68.47,262.13,0.2436,-1,-1,-1
120,-1,1081.61,446.27,52.69,138.17,0.2141,-1,-1,-1
120,-1,838.00,460.03,48.08,107.35,0.1583,-1,-1,-1
120,-1,1671.37,412.53,115.48,223.34,0.1378,-1,-1,-1
120,-1,938.65,439.04,36.36,75.35,0.1287,-1,-1,-1
120,-1,825.38,448.56,61.84,120.18,0.1208,-1,-1,-1
120,-1,923.29,441.97,56.37,143.12,0.1178,-1,-1,-1
120,-1,917.13,488.51,62.68,98.56,0.1086,-1,-1,-1
121,-1,676.62,438.93,99.73,322.77,0.7786,-1,-1,-1
121,-1,529.69,443.55,165.19,385.60,0.7431,-1,-1,-1
121,-1,769.04,455.72,98.05,245.00,0.7232,-1,-1,-1
121,-1,1875.17,391.42,44.18,253.82,0.3629,-1,-1,-1
121,-1,1239.63,440.20,32.35,104.65,0.3189,-1,-1,-1
121,-1,1002.48,442.89,35.87,84.47,0.2850,-1,-1,-1
121,-1,825.11,448.65,60.03,121.97,0.2737,-1,-1,-1
121,-1,1853.60,386.10,65.94,260.17,0.2297,-1,-1,-1
121,-1,1080.50,453.48,55.09,136.25,0.2155,-1,-1,-1
121,-1,938.24,439.71,38.36,77.94,0.1699,-1,-1,-1
121,-1,923.35,440.78,57.57,144.97,0.1464,-1,-1,-1
121,-1,442.24,470.85,36.75,94.15,0.1272,-1,-1,-1
121,-1,985.57,457.62,24.16,65.56,0.1170,-1,-1,-1
121,-1,917.02,475.77,64.50,111.46,0.1154,-1,-1,-1
121,-1,1671.82,412.51,114.95,222.99,0.1009,-1,-1,-1
122,-1,678.75,438.34,101.51,323.03,0.8080,-1,-1,-1
122,-1,528.89,441.85,170.47,387.32,0.7645,-1,-1,-1
122,-1,770.71,456.38,104.52,246.14,0.6763,-1,-1,-1
122,-1,1875.93,390.80,43.42,252.91,0.3589,-1,-1,-1
122,-1,1236.68,442.20,34.39,106.13,0.3018,-1,-1,-1
122,-1,1080.82,454.09,54.93,135.46,0.2977,-1,-1,-1
122,-1,828.44,451.02,58.90,121.03,0.2905,-1,-1,-1
122,-1,997.04,440.76,41.59,86.88,0.2625,-1,-1,-1
122,-1,1853.55,386.09,65.99,260.81,0.2227,-1,-1,-1
122,-1,938.91,440.10,38.24,81.97,0.2007,-1,-1,-1
122,-1,1671.91,413.32,114.55,221.96,0.1656,-1,-1,-1
122,-1,929.62,441.85,50.11,117.95,0.1643,-1,-1,-1
122,-1,441.25,473.23,37.67,92.69,0.1376,-1,-1,-1
122,-1,985.83,458.80,25.06,62.50,0.1327,-1,-1,-1
122,-1,983.90,453.80,30.14,80.19,0.1254,-1,-1,-1
122,-1,917.83,444.78,63.17,141.36,0.1059,-1,-1,-1
123,-1,679.42,438.04,100.60,322.12,0.7982,-1,-1,-1
123,-1,530.13,441.22,170.77,389.90,0.7621,-1,-1,-1
123,-1,770.61,456.66,107.74,248.12,0.7363,-1,-1,-1
123,-1,1875.13,389.23,44.23,253.93,0.3480,-1,-1,-1
123,-1,1237.15,442.75,34.37,103.13,0.3470,-1,-1,-1
123,-1,828.00,447.06,58.35,120.70,0.3208,-1,-1,-1
123,-1,996.96,440.61,44.83,86.62,0.2804,-1,-1,-1
123,-1,1080.90,452.99,53.10,136.82,0.2385,-1,-1,-1
123,-1,940.11,440.08,38.83,85.52,0.2254,-1,-1,-1
123,-1,1848.15,383.80,71.38,263.65,0.2012,-1,-1,-1
123,-1,984.34,455.79,27.56,65.50,0.1563,-1,-1,-1
123,-1,975.91,453.68,37.34,92.35,0.1497,-1,-1,-1
123,-1,931.26,443.99,49.02,103.93,0.1375,-1,-1,-1
123,-1,837.50,454.31,63.63,117.94,0.1232,-1,-1,-1
124,-1,681.43,440.15,99.30,321.56,0.8136,-1,-1,-1
124,-1,534.71,439.61,168.53,390.46,0.7780,-1,-1,-1
124,-1,772.74,455.64,107.36,249.41,0.7734,-1,-1,-1
124,-1,1235.37,448.45,34.55,97.57,0.3864,-1,-1,-1
124,-1,830.10,446.72,51.42,121.50,0.3353,-1,-1,-1
124,-1,1873.93,390.59,45.39,256.07,0.3263,-1,-1,-1
124,-1,994.52,442.22,45.67,85.26,0.2570,-1,-1,-1
124,-1,940.20,437.94,39.89,86.85,0.2522,-1,-1,-1
124,-1,1849.57,386.60,69.98,265.17,0.2501,-1,-1,-1
124,-1,1080.55,457.83,52.04,132.35,0.2239,-1,-1,-1
124,-1,985.10,455.50,27.53,65.79,0.1413,-1,-1,-1
124,-1,831.75,450.47,70.80,123.68,0.1187,-1,-1,-1
124,-1,979.67,452.75,34.04,86.50,0.1186,-1,-1,-1
124,-1,931.62,442.50,49.47,100.60,0.1175,-1,-1,-1
124,-1,1671.18,412.65,117.69,222.17,0.1131,-1,-1,-1
124,-1,1092.27,452.65,43.33,128.64,0.1100,-1,-1,-1
124,-1,439.06,475.65,38.21,91.10,0.1081,-1,-1,-1
125,-1,684.61,439.27,96.02,323.87,0.8109,-1,-1,-1
125,-1,535.57,441.11,168.75,390.19,0.7782,-1,-1,-1
125,-1,777.37,457.18,105.86,247.94,0.7557,-1,-1,-1
125,-1,1234.04,451.29,35.67,97.44,0.4395,-1,-1,-1
125,-1,1876.06,387.43,43.28,257.09,0.3451,-1,-1,-1
125,-1,830.48,447.49,53.17,122.54,0.3226,-1,-1,-1
125,-1,1080.79,457.82,51.90,132.96,0.2848,-1,-1,-1
125,-1,940.47,438.04,42.19,89.41,0.2705,-1,-1,-1
125,-1,1852.65,384.25,66.90,266.26,0.2280,-1,-1,-1
125,-1,534.18,438.62,115.31,374.46,0.1930,-1,-1,-1
125,-1,1671.01,413.66,117.40,221.90,0.1691,-1,-1,-1
125,-1,832.55,450.60,72.16,124.95,0.1347,-1,-1,-1
125,-1,929.13,441.62,53.33,114.67,0.1337,-1,-1,-1
125,-1,985.25,454.37,33.00,69.83,0.1309,-1,-1,-1
125,-1,1001.87,447.95,35.69,78.67,0.1231,-1,-1,-1
125,-1,435.95,476.51,40.19,89.68,0.1186,-1,-1,-1
125,-1,979.41,452.21,41.38,95.43,0.1104,-1,-1,-1
125,-1,589.62,437.86,32.82,56.13,0.1045,-1,-1,-1
125,-1,920.65,480.12,58.22,106.00,0.1009,-1,-1,-1
126,-1,685.12,438.39,97.80,324.40,0.8273,-1,-1,-1
126,-1,538.29,442.92,168.12,385.76,0.7781,-1,-1,-1
126,-1,778.77,457.66,100.97,245.23,0.7474,-1,-1,-1
126,-1,1229.22,447.31,38.86,101.97,0.4869,-1,-1,-1
126,-1,1876.45,388.37,42.86,257.13,0.3742,-1,-1,-1
126,-1,830.77,449.78,51.14,120.52,0.2191,-1,-1,-1
126,-1,944.35,440.06,40.49,91.98,0.2188,-1,-1,-1
126,-1,1850.01,385.13,69.54,264.50,0.2161,-1,-1,-1
126,-1,1078.92,453.54,52.78,138.18,0.2069,-1,-1,-1
126,-1,830.73,452.95,68.46,123.75,0.1794,-1,-1,-1
126,-1,912.19,479.78,64.12,107.16,0.1186,-1,-1,-1
126,-1,1672.14,415.76,116.43,216.35,0.1027,-1,-1,-1
127,-1,684.82,438.79,98.31,324.16,0.8316,-1,-1,-1
127,-1,777.92,459.87,101.39,244.44,0.7912,-1,-1,-1
127,-1,533.17,443.67,175.32,385.38,0.7654,-1,-1,-1
127,-1,1227.91,440.28,39.63,109.32,0.4376,-1,-1,-1
127,-1,1876.36,392.55,42.99,252.43,0.3409,-1,-1,-1
127,-1,1855.51,388.48,64.05,262.08,0.2537,-1,-1,-1
127,-1,1078.07,455.37,52.40,137.09,0.2398,-1,-1,-1
127,-1,1887.38,400.98,31.98,237.26,0.2127,-1,-1,-1
127,-1,832.21,447.76,51.56,116.14,0.2013,-1,-1,-1
127,-1,834.95,455.51,61.45,116.45,0.1750,-1,-1,-1
127,-1,437.38,477.69,42.12,89.71,0.1677,-1,-1,-1
127,-1,945.92,440.60,38.47,91.95,0.1465,-1,-1,-1
127,-1,971.24,462.99,49.76,105.29,0.1266,-1,-1,-1
127,-1,1673.21,416.23,115.15,218.88,0.1013,-1,-1,-1
128,-1,685.85,436.64,98.46,325.44,0.8106,-1,-1,-1
128,-1,782.62,460.62,99.33,244.16,0.7852,-1,-1,-1
128,-1,563.01,444.95,148.13,383.42,0.7630,-1,-1,-1
128,-1,1226.37,444.71,39.93,106.98,0.3752,-1,-1,-1
128,-1,1875.65,390.85,43.67,254.10,0.3359,-1,-1,-1
128,-1,1079.18,456.63,58.87,133.20,0.3282,-1,-1,-1
128,-1,1855.47,387.64,64.09,262.53,0.2770,-1,-1,-1
128,-1,1887.35,402.40,32.00,234.76,0.2144,-1,-1,-1
128,-1,944.78,439.91,41.85,91.37,0.1758,-1,-1,-1
128,-1,434.91,473.53,43.67,95.43,0.1638,-1,-1,-1
128,-1,836.89,445.22,43.57,97.18,0.1374,-1,-1,-1
128,-1,590.65,440.45,35.04,54.34,0.1226,-1,-1,-1
128,-1,972.22,460.30,50.34,105.51,0.1225,-1,-1,-1
128,-1,840.01,449.52,64.09,127.65,0.1156,-1,-1,-1
129,-1,687.47,435.28,95.15,330.15,0.8107,-1,-1,-1
129,-1,784.65,459.43,98.62,246.45,0.7748,-1,-1,-1
129,-1,576.39,444.72,136.37,384.74,0.7746,-1,-1,-1
129,-1,1876.67,390.30,42.64,254.73,0.3328,-1,-1,-1
129,-1,1079.08,456.85,58.89,134.83,0.3041,-1,-1,-1
129,-1,1222.93,457.51,41.59,93.25,0.2787,-1,-1,-1
129,-1,1853.56,386.99,65.99,262.18,0.2371,-1,-1,-1
129,-1,1888.25,403.99,31.10,232.30,0.2140,-1,-1,-1
129,-1,948.19,441.62,37.11,88.16,0.1578,-1,-1,-1
129,-1,433.45,473.70,43.45,96.59,0.1371,-1,-1,-1
129,-1,844.84,447.33,61.04,123.84,0.1225,-1,-1,-1
129,-1,973.72,459.78,44.74,106.43,0.1099,-1,-1,-1
129,-1,537.78,444.84,97.24,313.84,0.1066,-1,-1,-1
130,-1,686.90,436.05,98.79,330.68,0.8082,-1,-1,-1
130,-1,788.50,456.19,94.78,248.16,0.8067,-1,-1,-1
130,-1,570.94,443.57,142.72,386.17,0.7894,-1,-1,-1
130,-1,1222.22,447.11,42.97,103.21,0.3331,-1,-1,-1
130,-1,1077.55,458.36,56.82,135.05,0.3283,-1,-1,-1
130,-1,1876.37,390.74,42.93,255.59,0.3094,-1,-1,-1
130,-1,1855.24,387.33,64.32,263.16,0.2434,-1,-1,-1
130,-1,1888.70,405.86,30.66,232.23,0.2099,-1,-1,-1
130,-1,949.28,441.81,36.83,89.37,0.1350,-1,-1,-1
130,-1,1052.44,479.30,40.00,93.50,0.1040,-1,-1,-1
130,-1,429.27,477.27,48.95,92.13,0.1004,-1,-1,-1
131,-1,790.03,455.79,96.67,249.63,0.8249,-1,-1,-1
131,-1,687.86,435.28,98.03,331.74,0.8176,-1,-1,-1
131,-1,581.35,441.93,132.12,389.05,0.8082,-1,-1,-1
131,-1,1876.63,390.26,42.68,253.94,0.3228,-1,-1,-1
131,-1,1079.77,455.98,59.02,134.17,0.3051,-1,-1,-1
131,-1,1223.07,463.37,42.49,89.16,0.2679,-1,-1,-1
131,-1,1853.55,387.08,66.01,263.08,0.2414,-1,-1,-1
131,-1,950.42,438.15,37.03,94.75,0.2109,-1,-1,-1
131,-1,1887.58,402.80,31.78,236.04,0.2037,-1,-1,-1
131,-1,1008.52,441.73,29.73,83.72,0.1690,-1,-1,-1
131,-1,527.23,439.71,30.89,83.88,0.1522,-1,-1,-1
131,-1,427.95,473.59,50.77,96.29,0.1273,-1,-1,-1
131,-1,1673.44,414.61,113.76,218.92,0.1110,-1,-1,-1
131,-1,542.67,444.56,91.14,252.22,0.1067,-1,-1,-1
131,-1,543.51,442.77,93.42,386.52,0.1053,-1,-1,-1
132,-1,690.70,434.85,93.73,334.26,0.8173,-1,-1,-1
132,-1,788.59,453.95,101.78,250.96,0.8074,-1,-1,-1
132,-1,579.89,440.12,134.40,391.85,0.7997,-1,-1,-1
132,-1,1877.02,390.17,42.29,251.16,0.3484,-1,-1,-1
132,-1,1223.33,466.00,42.15,86.86,0.2211,-1,-1,-1
132,-1,1850.59,384.26,68.95,263.51,0.2056,-1,-1,-1
132,-1,538.06,442.58,98.04,378.60,0.2032,-1,-1,-1
132,-1,1080.37,458.84,58.16,130.84,0.1892,-1,-1,-1
132,-1,951.47,439.75,35.47,87.36,0.1651,-1,-1,-1
132,-1,539.39,444.65,96.47,253.41,0.1413,-1,-1,-1
132,-1,527.26,438.88,30.02,85.07,0.1224,-1,-1,-1
132,-1,1009.10,443.40,28.58,81.71,0.1114,-1,-1,-1
133,-1,693.72,435.30,87.86,330.92,0.8101,-1,-1,-1
133,-1,587.46,442.34,128.60,391.42,0.8044,-1,-1,-1
133,-1,792.17,453.77,100.10,251.33,0.7794,-1,-1,-1
133,-1,535.40,445.14,100.64,244.97,0.3016,-1,-1,-1
133,-1,1879.30,395.57,39.99,244.92,0.2933,-1,-1,-1
133,-1,1223.74,475.25,40.29,77.96,0.2426,-1,-1,-1
133,-1,1854.90,384.77,64.66,265.56,0.2268,-1,-1,-1
133,-1,1081.03,453.07,58.95,136.56,0.2016,-1,-1,-1
133,-1,950.04,439.60,37.16,87.94,0.1871,-1,-1,-1
133,-1,1006.17,436.40,33.68,89.45,0.1784,-1,-1,-1
133,-1,851.87,438.89,39.05,84.25,0.1390,-1,-1,-1
133,-1,854.09,439.26,32.06,64.27,0.1234,-1,-1,-1
133,-1,1672.86,413.56,114.95,223.01,0.1188,-1,-1,-1
133,-1,527.90,437.93,28.50,85.02,0.1066,-1,-1,-1
133,-1,543.04,442.87,181.59,373.74,0.1040,-1,-1,-1
133,-1,1828.53,477.70,73.41,159.34,0.1023,-1,-1,-1
134,-1,694.26,433.61,93.08,331.70,0.8015,-1,-1,-1
134,-1,578.34,435.79,140.32,400.72,0.7731,-1,-1,-1
134,-1,792.60,450.19,101.57,254.72,0.7515,-1,-1,-1
134,-1,1874.44,391.07,44.89,251.75,0.3411,-1,-1,-1
134,-1,1006.26,435.95,33.30,89.57,0.3067,-1,-1,-1
134,-1,1221.70,464.70,36.69,88.59,0.2761,-1,-1,-1
134,-1,531.52,443.09,105.66,290.65,0.2729,-1,-1,-1
134,-1,853.68,437.09,50.00,105.87,0.2473,-1,-1,-1
134,-1,1853.14,383.90,66.41,263.52,0.2394,-1,-1,-1
134,-1,951.68,434.66,39.58,92.00,0.2058,-1,-1,-1
134,-1,1671.59,413.90,115.80,221.06,0.1822,-1,-1,-1
134,-1,1082.88,450.67,56.99,138.98,0.1806,-1,-1,-1
134,-1,855.42,437.38,40.54,83.83,0.1648,-1,-1,-1
134,-1,527.65,438.57,28.08,85.68,0.1184,-1,-1,-1
134,-1,423.84,473.63,47.27,94.50,0.1084,-1,-1,-1
135,-1,695.22,432.55,96.15,332.48,0.8126,-1,-1,-1
135,-1,582.45,435.18,136.79,407.08,0.7747,-1,-1,-1
135,-1,789.47,449.99,103.55,254.13,0.7097,-1,-1,-1
135,-1,1220.36,445.69,35.79,107.25,0.3208,-1,-1,-1
135,-1,1875.94,390.75,43.38,255.42,0.3054,-1,-1,-1
135,-1,1006.72,441.07,30.23,84.54,0.2749,-1,-1,-1
135,-1,1855.94,385.18,63.62,266.07,0.2577,-1,-1,-1
135,-1,528.22,442.65,109.40,248.53,0.2485,-1,-1,-1
135,-1,950.77,437.23,40.46,89.22,0.1863,-1,-1,-1
135,-1,1670.09,414.85,115.67,221.01,0.1698,-1,-1,-1
135,-1,855.82,439.06,51.98,113.68,0.1493,-1,-1,-1
135,-1,1082.05,450.00,53.54,141.28,0.1387,-1,-1,-1
135,-1,1100.66,453.12,36.85,113.69,0.1233,-1,-1,-1
135,-1,526.73,437.36,28.57,87.14,0.1231,-1,-1,-1
135,-1,857.26,437.89,45.83,83.16,0.1193,-1,-1,-1
135,-1,423.40,475.24,46.91,89.53,0.1066,-1,-1,-1
136,-1,696.13,433.56,92.27,329.57,0.8115,-1,-1,-1
136,-1,578.18,434.63,141.93,409.89,0.7735,-1,-1,-1
136,-1,791.68,449.75,101.61,256.00,0.7237,-1,-1,-1
136,-1,1003.03,436.33,34.67,89.87,0.3398,-1,-1,-1
136,-1,1874.70,390.82,44.61,255.40,0.3205,-1,-1,-1
136,-1,1854.55,385.60,65.00,265.00,0.2717,-1,-1,-1
136,-1,951.60,434.99,42.57,92.79,0.2390,-1,-1,-1
136,-1,1221.26,444.27,33.41,109.03,0.2361,-1,-1,-1
136,-1,1670.92,417.55,114.99,217.22,0.1938,-1,-1,-1
136,-1,1095.05,445.41,44.96,143.83,0.1717,-1,-1,-1
136,-1,1075.52,446.05,58.88,147.95,0.1498,-1,-1,-1
136,-1,534.52,441.24,110.10,368.97,0.1222,-1,-1,-1
136,-1,524.91,437.43,28.25,87.13,0.1139,-1,-1,-1
136,-1,537.85,445.97,100.58,259.02,0.1055,-1,-1,-1
136,-1,844.80,449.82,65.12,235.87,0.1054,-1,-1,-1
136,-1,1667.59,438.02,52.09,148.99,0.1037,-1,-1,-1
136,-1,857.41,440.29,48.09,107.16,0.1019,-1,-1,-1
137,-1,697.10,433.59,97.37,329.90,0.8184,-1,-1,-1
137,-1,583.43,438.88,137.60,410.58,0.7613,-1,-1,-1
137,-1,801.08,454.03,95.70,252.43,0.7460,-1,-1,-1
137,-1,1220.52,446.84,34.28,105.86,0.3948,-1,-1,-1
137,-1,1877.74,395.37,41.51,240.38,0.3342,-1,-1,-1
137,-1,1006.00,437.96,31.20,87.83,0.2460,-1,-1,-1
137,-1,526.39,442.20,111.23,252.33,0.2313,-1,-1,-1
137,-1,1857.86,382.39,61.70,266.39,0.2253,-1,-1,-1
137,-1,952.74,435.25,41.60,90.73,0.1714,-1,-1,-1
137,-1,1672.44,418.58,114.10,217.25,0.1577,-1,-1,-1
137,-1,524.14,437.21,28.25,87.86,0.1436,-1,-1,-1
137,-1,1080.06,449.92,56.27,138.92,0.1150,-1,-1,-1
137,-1,1094.24,450.50,45.17,131.03,0.1075,-1,-1,-1
138,-1,697.17,434.43,102.18,330.90,0.8007,-1,-1,-1
138,-1,804.05,447.23,95.12,262.64,0.7695,-1,-1,-1
138,-1,574.00,434.39,147.27,415.06,0.7577,-1,-1,-1
138,-1,1218.82,447.08,35.53,106.38,0.4100,-1,-1,-1
138,-1,1874.77,391.54,44.55,249.18,0.3828,-1,-1,-1
138,-1,1858.16,384.72,61.39,258.38,0.2271,-1,-1,-1
138,-1,1006.47,440.12,31.90,85.58,0.2196,-1,-1,-1
138,-1,525.02,436.93,29.32,88.73,0.1460,-1,-1,-1
138,-1,953.18,436.12,46.72,93.88,0.1406,-1,-1,-1
138,-1,1076.21,447.88,54.50,145.22,0.1388,-1,-1,-1
138,-1,1101.72,452.35,35.56,125.12,0.1163,-1,-1,-1
138,-1,417.49,473.16,51.33,94.76,0.1021,-1,-1,-1
139,-1,563.71,433.47,157.36,429.33,0.7765,-1,-1,-1
139,-1,808.90,447.04,92.72,263.73,0.7749,-1,-1,-1
139,-1,698.00,434.22,103.57,330.38,0.7701,-1,-1,-1
139,-1,1216.99,448.35,38.76,107.93,0.4637,-1,-1,-1
139,-1,1876.05,395.73,43.30,245.69,0.3436,-1,-1,-1
139,-1,1855.63,386.51,63.92,261.31,0.2185,-1,-1,-1
139,-1,1005.86,438.77,33.25,86.42,0.1985,-1,-1,-1
139,-1,954.18,434.21,42.83,94.31,0.1526,-1,-1,-1
139,-1,873.65,444.42,43.52,138.66,0.1318,-1,-1,-1
139,-1,1074.48,453.39,54.81,137.30,0.1307,-1,-1,-1
139,-1,1672.22,418.97,114.83,217.92,0.1058,-1,-1,-1
140,-1,699.22,434.72,106.23,331.91,0.7721,-1,-1,-1
140,-1,572.61,434.23,146.83,429.12,0.7670,-1,-1,-1
140,-1,812.30,449.70,90.51,266.73,0.7424,-1,-1,-1
140,-1,1215.46,447.06,38.16,108.39,0.5216,-1,-1,-1
140,-1,1875.91,395.86,43.43,243.57,0.3362,-1,-1,-1
140,-1,1853.05,386.17,66.50,263.54,0.2171,-1,-1,-1
140,-1,1005.83,435.74,33.97,89.81,0.2089,-1,-1,-1
140,-1,877.82,445.96,47.15,142.79,0.1481,-1,-1,-1
140,-1,923.68,480.49,55.11,105.80,0.1478,-1,-1,-1
140,-1,526.60,440.35,29.29,86.30,0.1152,-1,-1,-1
141,-1,813.56,447.06,89.81,266.84,0.7830,-1,-1,-1
141,-1,699.57,434.37,107.39,333.47,0.7733,-1,-1,-1
141,-1,561.58,435.56,158.17,426.43,0.7726,-1,-1,-1
141,-1,1215.05,447.25,38.29,107.29,0.4995,-1,-1,-1
141,-1,1006.48,439.67,33.47,86.24,0.3274,-1,-1,-1
141,-1,1878.34,395.91,40.95,240.36,0.3180,-1,-1,-1
141,-1,1851.06,384.64,68.49,264.18,0.2064,-1,-1,-1
141,-1,955.90,438.76,42.16,93.40,0.1390,-1,-1,-1
141,-1,523.91,439.48,34.90,86.30,0.1201,-1,-1,-1
141,-1,924.07,483.31,53.84,105.01,0.1062,-1,-1,-1
142,-1,563.01,436.29,156.93,425.15,0.7766,-1,-1,-1
142,-1,700.04,434.29,116.98,333.70,0.7660,-1,-1,-1
142,-1,813.44,446.02,94.08,270.85,0.7501,-1,-1,-1
142,-1,1212.00,446.28,39.84,107.27,0.4182,-1,-1,-1
142,-1,1880.35,396.63,38.95,240.01,0.3286,-1,-1,-1
142,-1,1006.46,444.95,31.09,81.27,0.2691,-1,-1,-1
142,-1,1857.09,384.34,62.47,265.31,0.2073,-1,-1,-1
142,-1,523.63,440.59,32.81,86.84,0.1514,-1,-1,-1
142,-1,958.02,438.80,41.49,92.16,0.1501,-1,-1,-1
142,-1,925.42,476.64,51.71,111.81,0.1265,-1,-1,-1
142,-1,875.35,441.28,55.30,140.59,0.1242,-1,-1,-1
142,-1,1076.96,453.76,50.71,139.13,0.1055,-1,-1,-1
142,-1,492.12,457.10,37.23,103.86,0.1047,-1,-1,-1
142,-1,421.07,473.19,35.37,84.87,0.1015,-1,-1,-1
143,-1,699.65,434.81,122.57,332.85,0.7810,-1,-1,-1
143,-1,577.31,436.24,142.36,433.25,0.7663,-1,-1,-1
143,-1,814.40,445.55,89.49,278.93,0.7496,-1,-1,-1
143,-1,1211.00,444.89,39.42,109.07,0.4379,-1,-1,-1
143,-1,1877.19,395.44,42.15,246.54,0.3182,-1,-1,-1
143,-1,1006.69,447.82,31.24,78.55,0.2445,-1,-1,-1
143,-1,1858.25,389.25,61.32,260.49,0.2438,-1,-1,-1
143,-1,874.69,440.45,63.43,155.17,0.1788,-1,-1,-1
143,-1,522.99,438.49,30.69,89.04,0.1559,-1,-1,-1
143,-1,1672.17,411.90,116.36,225.82,0.1440,-1,-1,-1
143,-1,1078.46,441.75,57.00,152.26,0.1413,-1,-1,-1
143,-1,1093.15,443.79,46.45,142.84,0.1143,-1,-1,-1
143,-1,419.57,468.25,37.55,91.42,0.1107,-1,-1,-1
143,-1,1302.13,417.54,42.70,128.53,0.1047,-1,-1,-1
143,-1,548.76,440.81,38.04,81.53,0.1024,-1,-1,-1
144,-1,695.68,434.30,128.41,334.68,0.7768,-1,-1,-1
144,-1,570.37,434.73,149.77,439.08,0.7517,-1,-1,-1
144,-1,816.17,447.44,87.67,272.17,0.6844,-1,-1,-1
144,-1,1209.23,447.17,36.90,106.91,0.3763,-1,-1,-1
144,-1,1877.62,399.25,41.70,239.56,0.2845,-1,-1,-1
144,-1,878.18,436.14,76.06,242.74,0.2605,-1,-1,-1
144,-1,1007.17,450.87,29.93,75.02,0.2490,-1,-1,-1
144,-1,1854.88,387.64,64.68,262.41,0.2359,-1,-1,-1
144,-1,1081.21,455.19,50.69,134.42,0.2269,-1,-1,-1
144,-1,1303.96,418.16,40.96,129.01,0.1035,-1,-1,-1
145,-1,563.31,434.60,156.74,444.47,0.7679,-1,-1,-1
145,-1,698.83,437.78,134.35,329.96,0.7669,-1,-1,-1
145,-1,825.73,450.37,79.06,265.72,0.6814,-1,-1,-1
145,-1,1208.91,444.81,36.30,108.05,0.3816,-1,-1,-1
145,-1,878.26,436.56,71.24,248.97,0.3362,-1,-1,-1
145,-1,1873.95,393.50,45.36,249.92,0.3291,-1,-1,-1
145,-1,1852.90,388.47,66.65,262.03,0.2683,-1,-1,-1
145,-1,1007.75,452.40,30.37,74.01,0.2359,-1,-1,-1
145,-1,1081.43,453.13,49.04,135.87,0.2188,-1,-1,-1
145,-1,519.82,437.11,31.78,90.97,0.1212,-1,-1,-1
145,-1,1672.53,418.64,114.61,218.74,0.1030,-1,-1,-1
145,-1,880.83,442.18,58.06,166.01,0.1004,-1,-1,-1
145,-1,956.39,444.08,35.00,84.71,0.1001,-1,-1,-1
146,-1,701.30,436.65,132.97,331.43,0.7803,-1,-1,-1
146,-1,551.27,436.53,168.94,440.45,0.7489,-1,-1,-1
146,-1,827.63,450.12,78.28,264.76,0.6762,-1,-1,-1
146,-1,880.24,432.17,72.23,247.32,0.5648,-1,-1,-1
146,-1,1207.92,444.36,35.58,106.96,0.4112,-1,-1,-1
146,-1,1875.52,395.28,43.79,248.07,0.3028,-1,-1,-1
146,-1,1007.43,446.48,32.40,80.40,0.2941,-1,-1,-1
146,-1,1080.51,452.99,50.28,138.58,0.2744,-1,-1,-1
146,-1,1855.50,388.07,64.06,261.93,0.2487,-1,-1,-1
146,-1,1672.20,418.35,115.04,219.61,0.1594,-1,-1,-1
146,-1,792.65,451.53,46.08,124.63,0.1517,-1,-1,-1
146,-1,957.55,441.69,42.01,89.05,0.1432,-1,-1,-1
146,-1,413.82,467.00,44.57,90.65,0.1163,-1,-1,-1
146,-1,967.42,440.46,37.37,86.12,0.1155,-1,-1,-1
146,-1,480.31,454.22,48.93,113.01,0.1089,-1,-1,-1
146,-1,1303.72,415.98,40.38,131.65,0.1049,-1,-1,-1
147,-1,705.64,438.22,126.04,332.12,0.7688,-1,-1,-1
147,-1,554.69,437.26,166.09,428.12,0.7350,-1,-1,-1
147,-1,827.64,448.71,80.00,267.81,0.7074,-1,-1,-1
147,-1,881.59,434.22,75.79,245.87,0.5336,-1,-1,-1
147,-1,1205.47,444.35,35.36,107.41,0.4137,-1,-1,-1
147,-1,1080.20,457.01,48.96,135.73,0.3566,-1,-1,-1
147,-1,1875.54,395.92,43.76,247.90,0.2529,-1,-1,-1
147,-1,1856.22,387.05,63.34,263.16,0.2356,-1,-1,-1
147,-1,1671.92,422.26,115.57,215.42,0.1890,-1,-1,-1
147,-1,1008.02,451.01,31.08,74.56,0.1813,-1,-1,-1
147,-1,1885.52,418.12,33.87,218.66,0.1706,-1,-1,-1
147,-1,961.65,442.71,48.15,113.65,0.1603,-1,-1,-1
147,-1,787.21,441.31,54.07,134.35,0.1468,-1,-1,-1
147,-1,964.27,441.69,42.52,90.45,0.1337,-1,-1,-1
147,-1,551.26,445.80,34.12,75.12,0.1050,-1,-1,-1
147,-1,508.07,447.11,31.61,114.14,0.1048,-1,-1,-1
147,-1,492.32,445.22,39.31,117.61,0.1031,-1,-1,-1
147,-1,413.91,466.51,44.01,93.17,0.1013,-1,-1,-1
148,-1,707.67,440.20,124.95,330.40,0.7703,-1,-1,-1
148,-1,544.66,438.68,175.08,451.23,0.7232,-1,-1,-1
148,-1,824.14,450.79,83.96,265.25,0.7043,-1,-1,-1
148,-1,886.71,438.43,69.09,247.24,0.5384,-1,-1,-1
148,-1,1201.59,444.32,37.63,106.55,0.4432,-1,-1,-1
148,-1,1079.80,457.16,49.90,137.18,0.3544,-1,-1,-1
148,-1,1875.62,396.73,43.66,246.98,0.2515,-1,-1,-1
148,-1,1855.14,386.99,64.43,263.86,0.2455,-1,-1,-1
148,-1,1671.44,420.13,115.61,218.22,0.2196,-1,-1,-1
148,-1,797.13,452.12,44.61,124.25,0.2041,-1,-1,-1
148,-1,1008.03,450.21,30.01,74.65,0.1646,-1,-1,-1
148,-1,1887.52,421.14,31.87,215.35,0.1646,-1,-1,-1
148,-1,1843.59,466.23,74.68,185.68,0.1345,-1,-1,-1
148,-1,1668.55,441.25,56.84,146.68,0.1205,-1,-1,-1
148,-1,550.04,441.86,32.24,78.56,0.1196,-1,-1,-1
148,-1,1829.11,476.60,76.64,161.30,0.1109,-1,-1,-1
148,-1,504.40,446.10,33.53,115.53,0.1075,-1,-1,-1
148,-1,962.85,442.42,46.64,110.58,0.1055,-1,-1,-1
148,-1,491.78,444.57,40.54,118.49,0.1039,-1,-1,-1
149,-1,708.58,439.54,122.83,333.50,0.7861,-1,-1,-1
149,-1,552.05,433.92,168.31,455.94,0.7518,-1,-1,-1
149,-1,827.58,448.28,84.08,273.72,0.7304,-1,-1,-1
149,-1,889.55,440.17,77.44,244.56,0.5474,-1,-1,-1
149,-1,1199.64,442.02,36.18,106.00,0.4653,-1,-1,-1
149,-1,1079.71,453.84,48.71,139.80,0.3136,-1,-1,-1
149,-1,1672.38,414.49,114.20,222.88,0.2662,-1,-1,-1
149,-1,799.01,453.49,40.66,120.53,0.2621,-1,-1,-1
149,-1,1854.96,384.77,64.59,266.59,0.2153,-1,-1,-1
149,-1,1007.31,446.75,30.78,78.64,0.2108,-1,-1,-1
149,-1,1877.16,395.14,42.10,250.00,0.2009,-1,-1,-1
149,-1,505.56,448.21,33.69,113.24,0.1790,-1,-1,-1
149,-1,1206.73,441.77,34.40,109.04,0.1539,-1,-1,-1
149,-1,494.51,446.58,38.28,116.82,0.1479,-1,-1,-1
149,-1,1133.06,465.57,28.45,80.35,0.1475,-1,-1,-1
149,-1,955.75,441.14,48.98,93.44,0.1449,-1,-1,-1
149,-1,959.53,441.75,49.73,120.55,0.1413,-1,-1,-1
149,-1,1830.24,478.36,73.41,160.13,0.1393,-1,-1,-1
149,-1,1891.70,442.49,27.69,195.61,0.1375,-1,-1,-1
149,-1,1851.78,484.21,62.27,168.45,0.1367,-1,-1,-1
149,-1,548.91,441.50,31.11,81.19,0.1322,-1,-1,-1
149,-1,1088.49,459.54,42.65,124.75,0.1168,-1,-1,-1
149,-1,474.20,456.81,40.02,108.29,0.1054,-1,-1,-1
150,-1,711.63,439.74,124.44,335.60,0.7947,-1,-1,-1
150,-1,548.35,432.64,174.00,458.65,0.7472,-1,-1,-1
150,-1,826.81,447.48,84.62,274.67,0.7274,-1,-1,-1
150,-1,889.09,439.42,79.85,245.55,0.6414,-1,-1,-1
150,-1,1196.69,438.85,37.86,109.36,0.4162,-1,-1,-1
150,-1,1077.97,454.15,50.43,140.84,0.3258,-1,-1,-1
150,-1,494.75,447.15,41.49,117.72,0.2400,-1,-1,-1
150,-1,1129.50,464.06,31.17,82.94,0.2044,-1,-1,-1
150,-1,1008.23,452.93,28.22,72.08,0.1913,-1,-1,-1
150,-1,1857.19,380.92,62.36,268.98,0.1883,-1,-1,-1
150,-1,1877.68,392.94,41.60,251.90,0.1866,-1,-1,-1
150,-1,1829.10,477.05,76.08,162.31,0.1865,-1,-1,-1
150,-1,799.36,454.43,40.02,96.90,0.1670,-1,-1,-1
150,-1,959.39,444.44,51.40,126.17,0.1339,-1,-1,-1
150,-1,471.24,462.34,41.66,111.90,0.1309,-1,-1,-1
150,-1,1842.56,471.10,74.39,180.12,0.1282,-1,-1,-1
150,-1,1891.40,448.46,27.94,189.48,0.1260,-1,-1,-1
150,-1,1670.26,415.24,116.36,221.62,0.1244,-1,-1,-1
150,-1,955.64,442.72,48.22,89.35,0.1158,-1,-1,-1
150,-1,1666.99,440.24,59.73,148.10,0.1111,-1,-1,-1
150,-1,548.53,441.96,33.55,81.95,0.1052,-1,-1,-1
150,-1,486.62,452.97,39.86,116.36,0.1028,-1,-1,-1
150,-1,1303.43,414.06,40.41,132.09,0.1026,-1,-1,-1
151,-1,713.47,437.26,116.35,336.97,0.7832,-1,-1,-1
151,-1,827.68,446.97,86.38,276.76,0.7454,-1,-1,-1
151,-1,544.42,429.85,178.27,462.03,0.7446,-1,-1,-1
151,-1,891.66,439.68,81.21,244.17,0.6338,-1,-1,-1
151,-1,1196.30,443.70,37.55,104.56,0.4295,-1,-1,-1
151,-1,1078.94,451.85,50.85,143.49,0.3228,-1,-1,-1
151,-1,1006.16,444.92,30.86,81.28,0.2666,-1,-1,-1
151,-1,1129.77,461.90,32.26,85.52,0.2617,-1,-1,-1
151,-1,494.96,448.36,42.12,116.26,0.2430,-1,-1,-1
151,-1,1828.41,473.80,80.14,166.33,0.1915,-1,-1,-1
151,-1,1879.17,400.39,40.11,241.15,0.1764,-1,-1,-1
151,-1,1856.43,382.78,63.14,267.12,0.1751,-1,-1,-1
151,-1,468.19,466.28,43.53,109.93,0.1725,-1,-1,-1
151,-1,1669.76,415.16,115.83,221.05,0.1660,-1,-1,-1
151,-1,1841.54,464.82,76.49,187.03,0.1532,-1,-1,-1
151,-1,958.93,443.36,51.22,129.00,0.1254,-1,-1,-1
151,-1,1890.16,452.13,29.18,186.06,0.1254,-1,-1,-1
151,-1,958.05,441.00,48.02,96.24,0.1246,-1,-1,-1
151,-1,1665.99,439.22,58.56,149.72,0.1158,-1,-1,-1
151,-1,799.73,462.48,41.14,86.85,0.1107,-1,-1,-1
152,-1,716.28,436.26,115.71,337.01,0.8196,-1,-1,-1
152,-1,537.21,426.91,186.00,466.64,0.7690,-1,-1,-1
152,-1,828.03,444.68,89.23,279.58,0.7392,-1,-1,-1
152,-1,893.73,440.39,78.81,241.68,0.5524,-1,-1,-1
152,-1,1194.89,440.61,39.06,107.10,0.4880,-1,-1,-1
152,-1,1005.82,446.14,29.87,79.96,0.3203,-1,-1,-1
152,-1,1079.09,453.43,50.00,141.83,0.3043,-1,-1,-1
152,-1,1129.92,460.84,32.51,85.60,0.2732,-1,-1,-1
152,-1,1670.19,421.71,114.95,215.89,0.2422,-1,-1,-1
152,-1,1878.27,399.36,41.03,245.04,0.2395,-1,-1,-1
152,-1,497.46,449.60,38.23,114.52,0.2249,-1,-1,-1
152,-1,1859.00,385.52,60.58,263.52,0.2185,-1,-1,-1
152,-1,1828.83,472.98,79.85,167.37,0.1761,-1,-1,-1
152,-1,1889.11,418.25,30.22,220.07,0.1720,-1,-1,-1
152,-1,468.16,466.58,42.33,108.87,0.1607,-1,-1,-1
152,-1,959.39,444.45,51.12,128.82,0.1485,-1,-1,-1
152,-1,890.29,438.77,81.74,168.12,0.1452,-1,-1,-1
152,-1,1303.85,417.10,36.75,127.70,0.1228,-1,-1,-1
152,-1,1850.42,481.72,63.44,169.28,0.1210,-1,-1,-1
152,-1,955.60,442.92,49.85,89.75,0.1128,-1,-1,-1
152,-1,418.07,469.61,39.48,92.79,0.1084,-1,-1,-1
153,-1,718.34,433.66,118.95,339.57,0.8390,-1,-1,-1
153,-1,536.16,426.87,179.81,466.78,0.8074,-1,-1,-1
153,-1,828.97,445.21,86.85,279.51,0.7632,-1,-1,-1
153,-1,1194.92,442.41,35.84,104.47,0.5356,-1,-1,-1
153,-1,895.31,437.67,76.31,257.84,0.4998,-1,-1,-1
153,-1,1081.28,448.72,47.80,146.25,0.3048,-1,-1,-1
153,-1,1877.17,398.32,42.16,247.19,0.2906,-1,-1,-1
153,-1,1008.14,451.13,26.69,74.17,0.2723,-1,-1,-1
153,-1,1669.09,423.49,114.97,213.39,0.2689,-1,-1,-1
153,-1,1861.21,385.08,58.38,262.64,0.2596,-1,-1,-1
153,-1,500.15,449.80,36.04,111.16,0.2400,-1,-1,-1
153,-1,1828.94,474.78,81.60,165.07,0.2364,-1,-1,-1
153,-1,1131.89,463.49,29.90,83.12,0.2364,-1,-1,-1
153,-1,466.61,462.01,43.61,111.78,0.2254,-1,-1,-1
153,-1,892.38,437.56,83.40,187.74,0.1942,-1,-1,-1
153,-1,1301.22,416.36,42.57,129.43,0.1426,-1,-1,-1
153,-1,1095.39,453.58,35.80,121.99,0.1421,-1,-1,-1
153,-1,959.64,444.74,50.38,133.68,0.1408,-1,-1,-1
153,-1,1676.51,432.47,103.20,155.19,0.1244,-1,-1,-1
153,-1,415.70,467.43,41.88,96.72,0.1239,-1,-1,-1
153,-1,1849.04,479.22,66.15,171.43,0.1109,-1,-1,-1
153,-1,483.94,452.75,38.18,115.98,0.1070,-1,-1,-1
154,-1,720.00,433.40,117.36,339.11,0.8508,-1,-1,-1
154,-1,533.80,426.01,181.51,467.22,0.8406,-1,-1,-1
154,-1,830.18,445.58,87.40,280.84,0.7470,-1,-1,-1
154,-1,899.79,438.78,72.84,244.13,0.6020,-1,-1,-1
154,-1,1194.26,443.05,37.00,104.40,0.5554,-1,-1,-1
154,-1,1669.00,426.80,114.46,210.58,0.4403,-1,-1,-1
154,-1,1132.64,460.99,30.37,85.35,0.2942,-1,-1,-1
154,-1,1082.07,451.01,46.79,142.40,0.2864,-1,-1,-1
154,-1,1007.17,448.83,27.73,76.86,0.2770,-1,-1,-1
154,-1,498.57,449.29,38.42,111.24,0.2214,-1,-1,-1
154,-1,1828.33,473.56,81.50,166.94,0.2124,-1,-1,-1
154,-1,1858.49,385.12,61.09,265.39,0.2095,-1,-1,-1
154,-1,1878.14,403.04,41.19,241.49,0.1941,-1,-1,-1
154,-1,465.72,463.00,43.52,110.73,0.1791,-1,-1,-1
154,-1,1303.01,418.07,36.35,127.96,0.1791,-1,-1,-1
154,-1,1672.60,432.34,105.89,157.46,0.1558,-1,-1,-1
154,-1,1096.55,454.18,34.34,108.57,0.1531,-1,-1,-1
154,-1,1140.82,460.80,27.51,83.49,0.1403,-1,-1,-1
154,-1,1850.40,478.68,65.65,174.53,0.1368,-1,-1,-1
154,-1,960.99,444.63,48.11,138.96,0.1217,-1,-1,-1
155,-1,722.49,434.76,118.09,339.27,0.8598,-1,-1,-1
155,-1,531.77,424.74,185.19,470.99,0.8330,-1,-1,-1
155,-1,830.72,445.11,86.72,283.88,0.7158,-1,-1,-1
155,-1,899.37,438.60,73.40,243.83,0.6861,-1,-1,-1
155,-1,1192.78,444.20,37.66,103.44,0.4917,-1,-1,-1
155,-1,1667.72,425.43,115.03,211.67,0.4818,-1,-1,-1
155,-1,1827.95,473.08,79.62,168.66,0.2890,-1,-1,-1
155,-1,1078.26,453.75,50.80,141.25,0.2726,-1,-1,-1
155,-1,1133.93,458.32,30.49,88.91,0.2718,-1,-1,-1
155,-1,497.50,444.95,40.67,116.03,0.2704,-1,-1,-1
155,-1,1877.41,397.08,41.89,247.53,0.2327,-1,-1,-1
155,-1,1006.12,449.61,28.48,76.36,0.2271,-1,-1,-1
155,-1,1850.40,478.08,59.28,174.57,0.2193,-1,-1,-1
155,-1,1860.76,381.33,58.82,268.81,0.2000,-1,-1,-1
155,-1,464.90,458.98,43.52,115.50,0.1942,-1,-1,-1
155,-1,1671.01,432.07,100.23,156.07,0.1541,-1,-1,-1
155,-1,1889.80,443.48,29.43,192.27,0.1516,-1,-1,-1
155,-1,963.45,443.16,46.51,138.64,0.1407,-1,-1,-1
155,-1,1095.87,455.26,34.58,108.44,0.1098,-1,-1,-1
155,-1,1665.51,437.63,55.86,150.80,0.1086,-1,-1,-1
155,-1,964.01,441.77,39.49,89.85,0.1001,-1,-1,-1
156,-1,724.25,434.19,116.30,338.55,0.8563,-1,-1,-1
156,-1,532.93,425.97,179.36,469.44,0.8338,-1,-1,-1
156,-1,832.48,445.31,88.72,288.85,0.6803,-1,-1,-1
156,-1,897.81,436.34,74.71,248.65,0.6678,-1,-1,-1
156,-1,1192.26,442.38,37.04,105.98,0.4828,-1,-1,-1
156,-1,1668.18,427.52,113.69,209.94,0.3721,-1,-1,-1
156,-1,1826.94,474.40,81.26,167.67,0.2900,-1,-1,-1
156,-1,1850.45,478.52,57.87,173.95,0.2376,-1,-1,-1
156,-1,1076.96,454.31,50.88,139.33,0.2348,-1,-1,-1
156,-1,1876.81,395.91,42.47,248.55,0.2329,-1,-1,-1
156,-1,1133.91,460.88,30.16,86.19,0.2320,-1,-1,-1
156,-1,497.64,444.26,39.27,114.93,0.2103,-1,-1,-1
156,-1,1862.11,382.01,57.47,267.37,0.2065,-1,-1,-1
156,-1,1670.45,431.60,101.38,157.29,0.1734,-1,-1,-1
156,-1,462.85,456.20,45.31,117.53,0.1600,-1,-1,-1
156,-1,899.54,436.92,73.37,161.29,0.1431,-1,-1,-1
156,-1,1006.88,455.57,26.20,69.53,0.1320,-1,-1,-1
156,-1,1890.15,434.53,29.03,200.94,0.1310,-1,-1,-1
156,-1,1664.51,434.89,63.35,153.06,0.1147,-1,-1,-1
156,-1,1139.38,460.74,30.46,84.71,0.1018,-1,-1,-1
157,-1,726.12,432.13,117.80,342.47,0.8364,-1,-1,-1
157,-1,531.33,428.86,177.29,454.27,0.8317,-1,-1,-1
157,-1,836.04,447.30,87.44,283.98,0.7105,-1,-1,-1
157,-1,903.04,438.47,75.83,253.82,0.6721,-1,-1,-1
157,-1,1668.60,427.41,111.93,209.49,0.4018,-1,-1,-1
157,-1,1192.72,452.18,33.32,95.15,0.3949,-1,-1,-1
157,-1,1135.20,462.18,31.61,84.77,0.3071,-1,-1,-1
157,-1,1876.77,391.87,42.53,255.08,0.2998,-1,-1,-1
157,-1,1827.20,475.04,79.81,168.56,0.2923,-1,-1,-1
157,-1,1076.38,455.33,52.30,139.59,0.2647,-1,-1,-1
157,-1,1849.92,480.27,56.93,173.32,0.2088,-1,-1,-1
157,-1,500.83,442.54,37.84,117.63,0.1951,-1,-1,-1
157,-1,1675.83,432.25,95.25,155.26,0.1680,-1,-1,-1
157,-1,668.82,436.90,71.22,332.09,0.1678,-1,-1,-1
157,-1,1891.00,413.43,28.27,221.19,0.1640,-1,-1,-1
157,-1,1664.62,436.79,51.08,149.50,0.1411,-1,-1,-1
157,-1,465.04,447.46,44.51,125.57,0.1402,-1,-1,-1
157,-1,962.81,443.17,48.48,143.00,0.1204,-1,-1,-1
157,-1,1686.84,432.78,63.05,155.62,0.1127,-1,-1,-1
157,-1,1004.01,447.76,28.65,75.96,0.1120,-1,-1,-1
158,-1,533.48,428.70,172.18,451.37,0.8410,-1,-1,-1
158,-1,729.12,432.90,120.09,339.81,0.8341,-1,-1,-1
158,-1,841.98,449.68,85.81,279.40,0.7618,-1,-1,-1
158,-1,907.07,439.99,76.47,254.30,0.6462,-1,-1,-1
158,-1,1669.82,427.11,110.92,210.38,0.4243,-1,-1,-1
158,-1,1828.39,472.10,78.72,170.01,0.3393,-1,-1,-1
158,-1,669.97,441.08,75.51,338.52,0.2874,-1,-1,-1
158,-1,1077.69,455.89,51.43,137.84,0.2776,-1,-1,-1
158,-1,1193.07,449.83,32.15,97.47,0.2712,-1,-1,-1
158,-1,1135.10,459.30,32.31,87.92,0.2216,-1,-1,-1
158,-1,1849.65,474.33,60.03,178.62,0.2198,-1,-1,-1
158,-1,1877.69,401.25,41.64,241.34,0.2091,-1,-1,-1
158,-1,1859.70,385.96,59.88,264.62,0.1950,-1,-1,-1
158,-1,498.88,445.31,39.26,115.34,0.1777,-1,-1,-1
158,-1,1675.93,432.22,94.02,154.57,0.1642,-1,-1,-1
158,-1,1888.92,445.45,30.25,188.37,0.1591,-1,-1,-1
158,-1,1666.77,436.75,49.35,150.51,0.1557,-1,-1,-1
158,-1,906.38,439.95,78.75,178.34,0.1535,-1,-1,-1
158,-1,1685.51,433.41,59.72,154.33,0.1439,-1,-1,-1
158,-1,678.59,447.51,66.74,154.86,0.1388,-1,-1,-1
158,-1,660.80,465.28,66.45,324.44,0.1353,-1,-1,-1
158,-1,467.30,445.58,39.51,116.76,0.1054,-1,-1,-1
159,-1,732.25,433.56,118.37,338.94,0.8441,-1,-1,-1
159,-1,532.45,429.98,170.74,448.44,0.8390,-1,-1,-1
159,-1,843.54,445.25,86.96,288.92,0.7890,-1,-1,-1
159,-1,911.28,441.86,76.16,251.86,0.5121,-1,-1,-1
159,-1,671.65,441.88,81.14,329.79,0.4883,-1,-1,-1
159,-1,1669.72,428.30,111.94,209.60,0.2952,-1,-1,-1
159,-1,1078.38,454.86,49.26,137.83,0.2549,-1,-1,-1
159,-1,1875.84,397.96,43.49,243.90,0.2515,-1,-1,-1
159,-1,1857.19,382.37,62.38,266.75,0.2196,-1,-1,-1
159,-1,662.70,459.37,74.41,329.67,0.2095,-1,-1,-1
159,-1,1826.14,475.39,80.38,165.10,0.2026,-1,-1,-1
159,-1,1666.81,437.85,53.60,149.79,0.1781,-1,-1,-1
159,-1,1851.57,470.33,67.99,184.12,0.1770,-1,-1,-1
159,-1,1672.51,432.73,95.67,154.84,0.1726,-1,-1,-1
159,-1,310.89,455.52,46.40,115.50,0.1491,-1,-1,-1
159,-1,1137.04,454.30,33.83,90.55,0.1471,-1,-1,-1
159,-1,1891.23,421.60,28.09,213.42,0.1448,-1,-1,-1
159,-1,498.60,441.80,43.33,118.21,0.1348,-1,-1,-1
159,-1,1680.39,434.10,63.80,155.53,0.1254,-1,-1,-1
159,-1,1052.79,477.91,37.59,87.35,0.1236,-1,-1,-1
159,-1,1192.57,450.58,29.14,95.29,0.1176,-1,-1,-1
159,-1,678.76,448.85,68.15,176.46,0.1158,-1,-1,-1
159,-1,1003.74,446.70,29.71,77.18,0.1092,-1,-1,-1
159,-1,1888.06,462.70,31.29,186.04,0.1042,-1,-1,-1
160,-1,735.97,434.06,117.64,339.18,0.8512,-1,-1,-1
160,-1,532.91,430.45,170.53,459.59,0.8253,-1,-1,-1
160,-1,844.85,447.98,87.08,282.11,0.7683,-1,-1,-1
160,-1,910.76,440.13,85.21,247.09,0.5404,-1,-1,-1
160,-1,668.36,441.96,83.75,331.36,0.5062,-1,-1,-1
160,-1,1828.15,474.51,78.69,167.37,0.2621,-1,-1,-1
160,-1,1669.43,425.06,113.14,213.26,0.2587,-1,-1,-1
160,-1,1076.95,453.66,50.89,140.73,0.2372,-1,-1,-1
160,-1,660.21,458.54,69.38,326.49,0.2364,-1,-1,-1
160,-1,1876.23,400.02,43.09,244.66,0.2132,-1,-1,-1
160,-1,1857.05,384.11,62.51,266.23,0.2011,-1,-1,-1
160,-1,1850.23,480.65,60.06,172.29,0.1918,-1,-1,-1
160,-1,462.39,442.93,42.52,125.94,0.1599,-1,-1,-1
160,-1,1003.44,445.54,29.79,80.08,0.1598,-1,-1,-1
160,-1,494.69,445.88,50.31,118.34,0.1579,-1,-1,-1
160,-1,311.08,454.55,46.42,116.62,0.1388,-1,-1,-1
160,-1,1666.37,436.65,54.15,150.38,0.1370,-1,-1,-1
160,-1,1891.85,436.92,27.45,199.57,0.1368,-1,-1,-1
160,-1,1670.81,430.89,105.50,156.92,0.1326,-1,-1,-1
160,-1,1192.29,451.37,29.37,94.03,0.1153,-1,-1,-1
160,-1,1837.72,474.80,54.78,146.33,0.1084,-1,-1,-1
160,-1,676.91,448.20,71.04,155.52,0.1067,-1,-1,-1
160,-1,1885.52,455.65,33.81,197.00,0.1061,-1,-1,-1
160,-1,1137.10,443.34,35.58,101.48,0.1053,-1,-1,-1
161,-1,739.69,429.93,114.79,346.27,0.8656,-1,-1,-1
161,-1,533.32,430.95,171.83,458.53,0.8191,-1,-1,-1
161,-1,847.60,446.76,84.99,288.94,0.7598,-1,-1,-1
161,-1,912.75,440.30,87.60,249.38,0.6637,-1,-1,-1
161,-1,666.71,443.09,85.57,335.66,0.5458,-1,-1,-1
161,-1,1828.09,474.76,79.08,167.22,0.2509,-1,-1,-1
161,-1,1875.77,397.82,43.54,247.80,0.2393,-1,-1,-1
161,-1,1002.80,445.47,30.13,80.27,0.2340,-1,-1,-1
161,-1,1669.22,424.49,112.95,213.37,0.2300,-1,-1,-1
161,-1,1857.41,383.34,62.17,267.31,0.2286,-1,-1,-1
161,-1,1077.95,455.22,50.15,139.20,0.1993,-1,-1,-1
161,-1,462.27,444.11,41.57,126.32,0.1892,-1,-1,-1
161,-1,490.07,447.06,52.44,117.89,0.1872,-1,-1,-1
161,-1,1851.91,466.31,67.65,189.21,0.1692,-1,-1,-1
161,-1,1670.72,430.58,106.36,157.91,0.1384,-1,-1,-1
161,-1,1891.46,430.48,27.82,206.26,0.1380,-1,-1,-1
161,-1,1138.40,437.05,35.38,108.22,0.1324,-1,-1,-1
161,-1,311.19,454.84,45.93,116.06,0.1272,-1,-1,-1
161,-1,1192.85,455.86,27.17,88.38,0.1174,-1,-1,-1
161,-1,659.24,446.63,69.02,343.50,0.1160,-1,-1,-1
161,-1,1666.39,436.53,53.03,150.76,0.1110,-1,-1,-1
161,-1,1883.23,455.00,36.09,198.84,0.1033,-1,-1,-1
162,-1,743.15,430.84,113.78,348.23,0.8690,-1,-1,-1
162,-1,531.08,431.12,172.74,459.07,0.8171,-1,-1,-1
162,-1,848.81,448.20,85.46,287.62,0.7638,-1,-1,-1
162,-1,912.20,442.07,87.34,253.15,0.6319,-1,-1,-1
162,-1,666.71,443.95,83.47,341.39,0.6252,-1,-1,-1
162,-1,1190.69,453.94,28.99,90.29,0.3507,-1,-1,-1
162,-1,1668.97,426.77,112.82,210.22,0.2992,-1,-1,-1
162,-1,1136.57,439.47,41.66,104.66,0.2593,-1,-1,-1
162,-1,1001.44,443.46,31.70,82.86,0.2523,-1,-1,-1
162,-1,1828.01,475.44,78.78,166.59,0.2309,-1,-1,-1
162,-1,1876.92,401.46,42.39,243.24,0.2302,-1,-1,-1
162,-1,1857.40,385.49,62.17,265.29,0.2109,-1,-1,-1
162,-1,1849.97,482.10,59.25,170.63,0.1730,-1,-1,-1
162,-1,311.39,453.81,44.49,116.94,0.1608,-1,-1,-1
162,-1,1890.77,427.00,28.54,208.75,0.1569,-1,-1,-1
162,-1,494.27,441.83,49.39,118.52,0.1480,-1,-1,-1
162,-1,1074.52,462.69,50.63,130.05,0.1415,-1,-1,-1
162,-1,1666.16,437.61,51.85,150.62,0.1313,-1,-1,-1
162,-1,462.80,445.07,40.25,122.43,0.1170,-1,-1,-1
162,-1,672.57,449.16,77.14,207.19,0.1080,-1,-1,-1
162,-1,1885.97,458.11,33.38,195.98,0.1029,-1,-1,-1
162,-1,1836.83,475.09,56.61,152.39,0.1007,-1,-1,-1
163,-1,745.01,429.94,113.42,351.25,0.8674,-1,-1,-1
163,-1,528.73,429.18,179.06,466.65,0.8226,-1,-1,-1
163,-1,851.38,448.60,83.37,284.38,0.7740,-1,-1,-1
163,-1,665.77,443.43,84.43,353.18,0.6167,-1,-1,-1
163,-1,915.66,443.71,85.62,260.09,0.5930,-1,-1,-1
163,-1,1190.23,450.58,29.45,95.95,0.3991,-1,-1,-1
163,-1,1670.43,422.28,111.72,214.87,0.2661,-1,-1,-1
163,-1,1877.30,400.71,42.02,242.40,0.2379,-1,-1,-1
163,-1,1828.41,474.37,78.66,166.62,0.2130,-1,-1,-1
163,-1,1860.56,384.29,59.01,264.37,0.2083,-1,-1,-1
163,-1,1075.99,454.86,51.10,139.18,0.2013,-1,-1,-1
163,-1,1138.96,439.86,37.25,104.34,0.1987,-1,-1,-1
163,-1,1889.52,429.21,29.79,207.54,0.1774,-1,-1,-1
163,-1,1001.55,443.59,31.76,81.49,0.1563,-1,-1,-1
163,-1,1850.10,482.36,59.38,169.78,0.1498,-1,-1,-1
163,-1,1666.93,435.08,51.12,152.41,0.1422,-1,-1,-1
163,-1,1298.70,418.86,44.45,127.31,0.1283,-1,-1,-1
163,-1,666.46,447.34,89.72,223.41,0.1276,-1,-1,-1
163,-1,1673.31,431.03,104.26,159.21,0.1143,-1,-1,-1
163,-1,463.63,443.08,40.87,120.29,0.1029,-1,-1,-1
164,-1,746.97,431.69,114.02,350.77,0.8731,-1,-1,-1
164,-1,530.18,427.05,182.58,472.01,0.8136,-1,-1,-1
164,-1,852.93,449.07,89.05,287.23,0.7542,-1,-1,-1
164,-1,923.73,443.36,78.52,249.58,0.6147,-1,-1,-1
164,-1,668.06,443.54,86.82,357.40,0.5915,-1,-1,-1
164,-1,1188.02,445.39,32.05,99.79,0.3906,-1,-1,-1
164,-1,1670.33,421.51,111.85,215.72,0.3128,-1,-1,-1
164,-1,1078.13,454.22,49.39,140.07,0.3049,-1,-1,-1
164,-1,1827.40,474.29,80.18,165.35,0.2578,-1,-1,-1
164,-1,1877.86,397.58,41.49,243.99,0.2486,-1,-1,-1
164,-1,1139.37,438.91,38.65,105.82,0.2452,-1,-1,-1
164,-1,1863.49,383.35,56.10,262.75,0.2234,-1,-1,-1
164,-1,1887.20,424.05,32.08,210.80,0.1962,-1,-1,-1
164,-1,1001.78,443.35,30.82,81.66,0.1735,-1,-1,-1
164,-1,1298.38,419.09,44.33,127.89,0.1494,-1,-1,-1
164,-1,1853.90,467.26,65.67,186.36,0.1250,-1,-1,-1
164,-1,1666.38,437.86,48.32,149.65,0.1083,-1,-1,-1
164,-1,1674.38,431.08,104.80,159.33,0.1054,-1,-1,-1
165,-1,747.36,431.59,116.46,349.29,0.8685,-1,-1,-1
165,-1,529.61,427.71,182.46,475.52,0.8138,-1,-1,-1
165,-1,857.08,446.42,105.86,287.79,0.7445,-1,-1,-1
165,-1,925.18,438.28,79.45,256.11,0.6519,-1,-1,-1
165,-1,669.18,442.72,93.74,357.66,0.6258,-1,-1,-1
165,-1,1188.37,455.70,29.35,88.80,0.3021,-1,-1,-1
165,-1,1671.21,421.68,113.72,213.99,0.2919,-1,-1,-1
165,-1,1828.40,473.45,79.21,166.72,0.2752,-1,-1,-1
165,-1,1879.37,397.29,39.98,243.54,0.2260,-1,-1,-1
165,-1,1144.06,445.89,37.64,97.16,0.2236,-1,-1,-1
165,-1,1078.67,450.26,49.44,143.28,0.2196,-1,-1,-1
165,-1,1863.04,383.83,56.51,262.63,0.1856,-1,-1,-1
165,-1,1889.44,420.46,29.87,214.50,0.1776,-1,-1,-1
165,-1,310.57,453.19,45.58,117.50,0.1271,-1,-1,-1
165,-1,999.80,439.19,33.52,86.12,0.1193,-1,-1,-1
165,-1,1301.61,419.31,41.03,126.86,0.1151,-1,-1,-1
165,-1,1850.37,481.09,62.77,172.40,0.1081,-1,-1,-1
166,-1,748.59,433.25,115.91,350.91,0.8449,-1,-1,-1
166,-1,529.29,425.90,190.10,479.75,0.8304,-1,-1,-1
166,-1,859.21,446.81,109.87,288.62,0.7546,-1,-1,-1
166,-1,926.71,436.23,79.93,256.35,0.6721,-1,-1,-1
166,-1,672.55,440.04,93.74,362.16,0.6175,-1,-1,-1
166,-1,1142.74,446.11,38.76,97.27,0.3427,-1,-1,-1
166,-1,1188.07,456.16,29.38,88.67,0.2732,-1,-1,-1
166,-1,1080.19,450.56,48.21,142.04,0.2696,-1,-1,-1
166,-1,1880.69,396.56,38.59,244.49,0.2431,-1,-1,-1
166,-1,1670.32,421.82,113.91,213.88,0.2058,-1,-1,-1
166,-1,1858.63,383.86,60.94,265.58,0.1887,-1,-1,-1
166,-1,1000.90,441.92,32.21,83.27,0.1736,-1,-1,-1
166,-1,1828.70,474.81,77.38,164.38,0.1442,-1,-1,-1
166,-1,902.55,456.37,63.43,275.74,0.1344,-1,-1,-1
166,-1,1853.67,466.40,65.90,188.95,0.1183,-1,-1,-1
166,-1,1136.43,448.75,33.78,96.70,0.1137,-1,-1,-1
167,-1,748.86,431.92,119.32,354.48,0.8461,-1,-1,-1
167,-1,528.35,425.84,202.47,478.72,0.8246,-1,-1,-1
167,-1,860.31,444.30,120.07,291.12,0.7701,-1,-1,-1
167,-1,931.06,438.03,76.28,253.18,0.6843,-1,-1,-1
167,-1,673.43,440.04,92.40,362.71,0.5562,-1,-1,-1
167,-1,1143.93,444.05,41.54,101.02,0.3510,-1,-1,-1
167,-1,1080.14,448.23,48.08,144.34,0.2600,-1,-1,-1
167,-1,1671.25,419.87,113.24,216.08,0.2436,-1,-1,-1
167,-1,1878.26,397.34,41.07,243.17,0.2412,-1,-1,-1
167,-1,1188.60,454.16,29.66,91.48,0.2375,-1,-1,-1
167,-1,1857.31,385.69,62.27,264.22,0.1994,-1,-1,-1
167,-1,1827.62,474.09,78.25,165.35,0.1520,-1,-1,-1
167,-1,1853.50,460.88,66.08,194.09,0.1425,-1,-1,-1
167,-1,1180.47,449.07,31.63,97.87,0.1084,-1,-1,-1
168,-1,750.33,435.28,120.29,353.27,0.8313,-1,-1,-1
168,-1,531.89,425.40,204.70,475.86,0.8052,-1,-1,-1
168,-1,862.68,445.38,121.59,289.79,0.7848,-1,-1,-1
168,-1,932.95,440.40,74.66,252.89,0.6243,-1,-1,-1
168,-1,674.31,441.63,87.60,361.14,0.5958,-1,-1,-1
168,-1,1146.00,443.61,42.19,101.08,0.5332,-1,-1,-1
168,-1,1877.14,393.90,42.20,246.71,0.3020,-1,-1,-1
168,-1,1081.50,449.06,47.44,144.85,0.2945,-1,-1,-1
168,-1,1189.08,454.36,29.93,90.69,0.2545,-1,-1,-1
168,-1,1858.58,386.56,60.98,262.36,0.2190,-1,-1,-1
168,-1,999.93,441.98,31.82,82.99,0.1832,-1,-1,-1
168,-1,467.73,460.11,42.07,114.88,0.1688,-1,-1,-1
168,-1,1183.75,448.71,30.63,95.98,0.1376,-1,-1,-1
168,-1,1092.33,449.40,38.11,118.89,0.1091,-1,-1,-1
168,-1,1828.93,474.63,73.83,162.59,0.1075,-1,-1,-1
168,-1,1670.82,415.44,112.93,219.53,0.1033,-1,-1,-1
169,-1,752.73,437.35,117.35,351.82,0.8291,-1,-1,-1
169,-1,532.50,423.84,215.24,476.09,0.7955,-1,-1,-1
169,-1,864.93,446.10,119.66,292.59,0.7775,-1,-1,-1
169,-1,675.02,441.25,87.13,363.06,0.5961,-1,-1,-1
169,-1,937.65,440.21,75.69,238.66,0.5796,-1,-1,-1
169,-1,1148.44,445.12,39.16,99.99,0.4945,-1,-1,-1
169,-1,1080.72,446.07,48.93,147.93,0.3258,-1,-1,-1
169,-1,1877.43,396.62,41.89,242.69,0.3074,-1,-1,-1
169,-1,1858.68,384.91,60.88,259.74,0.2307,-1,-1,-1
169,-1,1669.67,421.53,113.36,215.43,0.2047,-1,-1,-1
169,-1,1827.31,474.10,77.06,162.84,0.1837,-1,-1,-1
169,-1,1090.26,447.04,40.42,127.32,0.1566,-1,-1,-1
169,-1,466.42,458.00,39.46,117.18,0.1536,-1,-1,-1
169,-1,1001.27,443.06,28.62,81.38,0.1515,-1,-1,-1
169,-1,1182.13,452.94,28.23,92.15,0.1402,-1,-1,-1
169,-1,1666.20,436.70,54.08,150.43,0.1385,-1,-1,-1
169,-1,1852.79,471.92,66.76,182.49,0.1295,-1,-1,-1
169,-1,1299.47,418.00,44.64,127.91,0.1273,-1,-1,-1
169,-1,1192.07,465.48,25.93,79.06,0.1236,-1,-1,-1
169,-1,1835.67,390.56,83.14,250.85,0.1218,-1,-1,-1
169,-1,1171.66,450.40,27.54,95.65,0.1078,-1,-1,-1
170,-1,866.49,444.90,117.52,297.81,0.8267,-1,-1,-1
170,-1,754.88,438.48,118.11,351.26,0.8263,-1,-1,-1
170,-1,527.94,426.23,234.36,474.48,0.8027,-1,-1,-1
170,-1,939.69,439.60,75.76,236.98,0.5786,-1,-1,-1
170,-1,1148.78,444.21,40.71,100.95,0.5253,-1,-1,-1
170,-1,677.10,440.19,83.90,367.01,0.5042,-1,-1,-1
170,-1,1079.99,444.15,49.73,149.58,0.3900,-1,-1,-1
170,-1,931.88,440.91,73.33,284.79,0.3165,-1,-1,-1
170,-1,1877.31,396.77,42.01,247.19,0.3122,-1,-1,-1
170,-1,1857.10,385.99,62.46,262.33,0.2348,-1,-1,-1
170,-1,1828.44,473.78,77.66,164.48,0.1898,-1,-1,-1
170,-1,1668.75,413.58,115.11,222.98,0.1574,-1,-1,-1
170,-1,1665.77,434.97,54.20,152.81,0.1377,-1,-1,-1
170,-1,1838.29,463.20,80.11,188.92,0.1368,-1,-1,-1
170,-1,1002.22,445.23,27.74,77.52,0.1318,-1,-1,-1
170,-1,1190.33,463.23,27.35,81.27,0.1212,-1,-1,-1
170,-1,471.39,451.91,37.73,101.84,0.1206,-1,-1,-1
170,-1,1182.13,450.53,27.36,94.60,0.1175,-1,-1,-1
170,-1,1162.43,445.89,33.71,99.95,0.1152,-1,-1,-1
170,-1,466.41,456.60,37.62,118.94,0.1122,-1,-1,-1
170,-1,1884.31,441.57,35.10,207.12,0.1046,-1,-1,-1
171,-1,867.64,446.58,118.81,296.44,0.8458,-1,-1,-1
171,-1,755.72,437.05,118.80,355.69,0.8156,-1,-1,-1
171,-1,534.78,428.04,232.26,473.56,0.7957,-1,-1,-1
171,-1,939.68,437.83,85.29,226.10,0.6168,-1,-1,-1
171,-1,1148.72,443.82,41.78,101.71,0.5843,-1,-1,-1
171,-1,679.73,440.43,82.84,366.25,0.4675,-1,-1,-1
171,-1,1080.28,446.53,49.57,146.55,0.3900,-1,-1,-1
171,-1,1877.03,395.47,42.30,246.05,0.3528,-1,-1,-1
171,-1,1856.54,385.37,63.02,262.83,0.2348,-1,-1,-1
171,-1,923.40,441.89,83.46,286.79,0.1814,-1,-1,-1
171,-1,1191.46,462.67,26.90,80.69,0.1539,-1,-1,-1
171,-1,1665.91,433.33,53.92,154.51,0.1416,-1,-1,-1
171,-1,1299.73,416.14,43.81,130.30,0.1305,-1,-1,-1
171,-1,1668.86,414.13,114.61,222.16,0.1269,-1,-1,-1
171,-1,1851.59,451.30,67.96,203.44,0.1237,-1,-1,-1
171,-1,1174.94,446.74,29.37,97.47,0.1164,-1,-1,-1
171,-1,1827.00,475.62,77.41,161.76,0.1121,-1,-1,-1
172,-1,867.99,447.22,118.13,293.45,0.8645,-1,-1,-1
172,-1,759.36,437.23,119.08,351.29,0.8116,-1,-1,-1
172,-1,536.27,431.19,234.24,473.34,0.7890,-1,-1,-1
172,-1,950.42,441.37,74.93,250.13,0.6804,-1,-1,-1
172,-1,1149.12,446.98,38.75,98.12,0.4874,-1,-1,-1
172,-1,677.67,440.25,80.50,368.48,0.3775,-1,-1,-1
172,-1,1877.66,397.82,41.67,241.76,0.3252,-1,-1,-1
172,-1,1081.91,449.06,46.93,144.52,0.3245,-1,-1,-1
172,-1,1862.59,387.19,56.99,253.97,0.2418,-1,-1,-1
172,-1,1670.06,417.92,113.56,218.97,0.2031,-1,-1,-1
172,-1,933.07,440.64,86.41,276.58,0.1985,-1,-1,-1
172,-1,1827.85,474.17,77.64,163.22,0.1941,-1,-1,-1
172,-1,1091.97,449.22,38.52,122.97,0.1916,-1,-1,-1
172,-1,469.18,456.28,40.54,120.11,0.1759,-1,-1,-1
172,-1,1837.97,467.12,80.54,184.03,0.1393,-1,-1,-1
172,-1,1181.68,450.82,27.39,93.23,0.1355,-1,-1,-1
172,-1,1298.79,418.21,44.77,127.88,0.1216,-1,-1,-1
172,-1,1166.85,448.34,29.88,96.69,0.1124,-1,-1,-1
172,-1,1190.50,465.73,27.40,77.78,0.1100,-1,-1,-1
172,-1,1883.59,443.84,35.81,204.14,0.1062,-1,-1,-1
172,-1,1667.28,435.38,49.88,152.26,0.1046,-1,-1,-1
172,-1,1673.93,428.11,106.33,162.85,0.1035,-1,-1,-1
172,-1,1836.06,473.45,55.64,158.85,0.1007,-1,-1,-1
173,-1,869.85,447.20,115.82,293.86,0.8853,-1,-1,-1
173,-1,760.88,437.42,117.30,340.64,0.8147,-1,-1,-1
173,-1,544.53,429.72,224.07,475.35,0.8042,-1,-1,-1
173,-1,952.40,439.52,75.96,253.57,0.6782,-1,-1,-1
173,-1,1148.95,449.67,35.57,94.47,0.3988,-1,-1,-1
173,-1,1878.08,397.79,41.25,241.39,0.2940,-1,-1,-1
173,-1,1083.79,451.37,44.80,140.78,0.2468,-1,-1,-1
173,-1,1860.09,385.30,59.48,258.14,0.2296,-1,-1,-1
173,-1,1670.52,418.49,112.83,218.87,0.2279,-1,-1,-1
173,-1,1176.87,452.21,29.09,92.39,0.2028,-1,-1,-1
173,-1,468.83,459.53,40.76,117.12,0.1837,-1,-1,-1
173,-1,1827.22,474.30,79.55,163.60,0.1527,-1,-1,-1
173,-1,1096.62,451.35,33.78,105.34,0.1430,-1,-1,-1
173,-1,683.61,443.58,88.85,356.65,0.1395,-1,-1,-1
173,-1,1842.84,469.81,75.85,181.35,0.1382,-1,-1,-1
173,-1,1189.41,466.65,28.35,77.11,0.1360,-1,-1,-1
173,-1,1299.66,418.99,43.44,127.25,0.1278,-1,-1,-1
173,-1,948.73,438.42,78.39,167.34,0.1220,-1,-1,-1
173,-1,1164.92,449.74,31.14,95.41,0.1187,-1,-1,-1
173,-1,1673.91,428.84,106.28,161.65,0.1076,-1,-1,-1
173,-1,1667.44,435.43,49.95,150.90,0.1075,-1,-1,-1
174,-1,872.60,448.30,113.00,294.00,0.8782,-1,-1,-1
174,-1,761.92,437.49,119.17,338.67,0.8309,-1,-1,-1
174,-1,558.24,431.38,213.37,473.16,0.8031,-1,-1,-1
174,-1,955.35,438.33,74.77,254.20,0.7330,-1,-1,-1
174,-1,1878.01,397.55,41.32,244.62,0.2910,-1,-1,-1
174,-1,1670.10,416.41,113.85,220.21,0.2887,-1,-1,-1
174,-1,1149.65,451.47,32.96,93.83,0.2841,-1,-1,-1
174,-1,1827.61,473.88,79.13,164.92,0.2719,-1,-1,-1
174,-1,1080.82,453.84,47.50,138.75,0.2668,-1,-1,-1
174,-1,1172.60,455.23,31.69,90.34,0.2524,-1,-1,-1
174,-1,1862.29,387.03,57.29,257.72,0.2322,-1,-1,-1
174,-1,1154.10,446.71,41.11,100.11,0.2112,-1,-1,-1
174,-1,692.66,445.96,78.76,356.17,0.1759,-1,-1,-1
174,-1,1300.40,417.75,42.89,128.78,0.1572,-1,-1,-1
174,-1,468.35,461.35,40.72,114.97,0.1451,-1,-1,-1
174,-1,506.92,453.11,35.85,103.62,0.1317,-1,-1,-1
174,-1,1666.29,433.16,49.52,153.34,0.1232,-1,-1,-1
174,-1,1887.51,450.30,31.85,196.40,0.1174,-1,-1,-1
174,-1,472.43,460.85,34.66,74.32,0.1165,-1,-1,-1
174,-1,1835.02,474.19,56.07,160.34,0.1121,-1,-1,-1
174,-1,1850.35,478.30,65.28,174.72,0.1074,-1,-1,-1
174,-1,1192.51,468.02,26.10,76.27,0.1069,-1,-1,-1
174,-1,1098.22,451.90,32.63,110.10,0.1038,-1,-1,-1
175,-1,765.92,437.37,116.22,353.34,0.8470,-1,-1,-1
175,-1,876.98,447.93,115.43,291.65,0.8182,-1,-1,-1
175,-1,556.89,428.15,213.59,478.71,0.7853,-1,-1,-1
175,-1,957.70,434.75,73.18,261.09,0.7143,-1,-1,-1
175,-1,1150.57,454.92,38.20,91.32,0.3246,-1,-1,-1
175,-1,1081.08,453.62,47.60,139.95,0.3232,-1,-1,-1
175,-1,1827.05,473.12,76.78,165.26,0.3105,-1,-1,-1
175,-1,1879.10,398.97,40.24,242.77,0.2620,-1,-1,-1
175,-1,1669.27,416.38,113.49,219.96,0.2584,-1,-1,-1
175,-1,1151.83,450.32,48.96,97.75,0.2448,-1,-1,-1
175,-1,1165.37,456.37,36.90,89.87,0.2417,-1,-1,-1
175,-1,467.53,462.29,40.65,114.11,0.2338,-1,-1,-1
175,-1,1862.48,386.91,57.10,259.24,0.2154,-1,-1,-1
175,-1,1888.34,415.62,31.00,217.52,0.1997,-1,-1,-1
175,-1,1299.92,416.68,44.12,130.05,0.1957,-1,-1,-1
175,-1,700.26,455.26,77.74,348.39,0.1888,-1,-1,-1
175,-1,1838.85,464.64,78.57,186.68,0.1578,-1,-1,-1
175,-1,1100.53,452.42,30.99,118.83,0.1438,-1,-1,-1
175,-1,507.26,455.52,36.89,103.35,0.1370,-1,-1,-1
175,-1,1192.91,469.87,26.34,74.83,0.1355,-1,-1,-1
175,-1,1665.75,434.14,49.50,151.25,0.1325,-1,-1,-1
175,-1,471.35,455.32,33.67,95.70,0.1059,-1,-1,-1
176,-1,767.83,438.32,113.73,357.68,0.8456,-1,-1,-1
176,-1,877.16,445.38,114.09,294.45,0.8421,-1,-1,-1
176,-1,558.33,428.61,213.20,480.33,0.7786,-1,-1,-1
176,-1,959.54,435.06,74.75,267.49,0.6670,-1,-1,-1
176,-1,1080.49,453.34,48.11,139.39,0.3820,-1,-1,-1
176,-1,1153.40,456.81,39.37,89.62,0.3335,-1,-1,-1
176,-1,1878.47,398.08,40.87,246.07,0.2983,-1,-1,-1
176,-1,1671.30,420.72,111.45,215.32,0.2802,-1,-1,-1
176,-1,922.08,436.12,74.93,301.06,0.2791,-1,-1,-1
176,-1,1159.20,458.00,46.04,88.87,0.2653,-1,-1,-1
176,-1,1860.80,388.88,58.77,259.20,0.2380,-1,-1,-1
176,-1,1888.20,408.77,31.13,225.96,0.2293,-1,-1,-1
176,-1,1827.42,473.81,75.87,164.46,0.2256,-1,-1,-1
176,-1,1301.16,417.79,42.88,128.67,0.2041,-1,-1,-1
176,-1,1093.30,452.85,38.19,136.01,0.1776,-1,-1,-1
176,-1,1840.90,465.45,76.30,185.87,0.1331,-1,-1,-1
176,-1,467.58,465.29,39.35,111.55,0.1324,-1,-1,-1
176,-1,1667.13,435.75,53.71,150.31,0.1221,-1,-1,-1
176,-1,1674.48,431.02,104.50,156.68,0.1042,-1,-1,-1
177,-1,770.31,438.62,113.28,360.34,0.8624,-1,-1,-1
177,-1,878.64,444.75,115.74,295.03,0.8422,-1,-1,-1
177,-1,567.63,430.33,205.82,480.65,0.7736,-1,-1,-1
177,-1,964.59,438.22,73.25,260.44,0.5989,-1,-1,-1
177,-1,1153.41,453.52,39.71,93.55,0.3902,-1,-1,-1
177,-1,1828.29,473.29,73.61,166.62,0.2894,-1,-1,-1
177,-1,1672.51,418.64,110.13,217.30,0.2709,-1,-1,-1
177,-1,1155.93,448.93,50.79,98.95,0.2602,-1,-1,-1
177,-1,1081.53,457.00,46.51,136.24,0.2540,-1,-1,-1
177,-1,1880.11,400.81,39.24,243.12,0.2404,-1,-1,-1
177,-1,1861.85,391.74,57.70,257.85,0.2129,-1,-1,-1
177,-1,1842.65,467.09,68.95,184.61,0.1969,-1,-1,-1
177,-1,1889.67,418.69,29.66,216.72,0.1951,-1,-1,-1
177,-1,1300.56,418.52,43.47,128.05,0.1861,-1,-1,-1
177,-1,467.82,462.54,39.52,114.47,0.1570,-1,-1,-1
177,-1,470.83,463.03,35.82,83.73,0.1136,-1,-1,-1
177,-1,312.65,455.24,44.30,115.80,0.1113,-1,-1,-1
178,-1,772.82,437.69,111.96,362.71,0.8555,-1,-1,-1
178,-1,571.09,429.87,200.54,480.38,0.8056,-1,-1,-1
178,-1,883.63,444.83,109.54,293.45,0.7927,-1,-1,-1
178,-1,967.17,437.61,94.51,258.82,0.5657,-1,-1,-1
178,-1,1154.41,447.11,41.85,100.75,0.5428,-1,-1,-1
178,-1,1672.49,430.53,111.10,205.27,0.3229,-1,-1,-1
178,-1,1876.53,397.96,42.79,245.99,0.2740,-1,-1,-1
178,-1,1859.33,388.22,60.25,261.79,0.2459,-1,-1,-1
178,-1,1080.05,451.72,48.34,141.86,0.2421,-1,-1,-1
178,-1,1826.08,474.34,75.20,166.20,0.2350,-1,-1,-1
178,-1,1299.48,418.28,43.50,128.88,0.2016,-1,-1,-1
178,-1,1891.32,407.93,28.02,227.76,0.1874,-1,-1,-1
178,-1,1842.73,472.19,70.92,179.32,0.1345,-1,-1,-1
178,-1,567.98,461.88,46.39,90.35,0.1186,-1,-1,-1
178,-1,1097.56,450.39,32.78,125.16,0.1019,-1,-1,-1
179,-1,773.83,436.93,115.35,357.66,0.8702,-1,-1,-1
179,-1,885.97,443.49,112.44,298.36,0.8262,-1,-1,-1
179,-1,573.94,423.91,194.02,485.25,0.8026,-1,-1,-1
179,-1,972.60,439.10,92.58,255.04,0.6613,-1,-1,-1
179,-1,1156.29,450.74,41.65,97.02,0.5317,-1,-1,-1
179,-1,1671.10,429.38,109.37,206.84,0.3304,-1,-1,-1
179,-1,1831.23,473.08,70.83,169.75,0.3229,-1,-1,-1
179,-1,1877.25,398.31,42.07,246.96,0.2692,-1,-1,-1
179,-1,1862.47,390.39,57.10,260.81,0.2482,-1,-1,-1
179,-1,1849.63,478.66,54.66,174.00,0.2436,-1,-1,-1
179,-1,1079.90,445.56,48.72,145.81,0.2207,-1,-1,-1
179,-1,1299.79,420.92,42.77,126.56,0.2021,-1,-1,-1
179,-1,1892.52,417.90,26.78,217.00,0.1537,-1,-1,-1
179,-1,570.26,466.40,50.02,88.98,0.1345,-1,-1,-1
179,-1,1677.85,433.86,96.50,157.11,0.1074,-1,-1,-1
179,-1,468.09,464.60,39.05,110.74,0.1024,-1,-1,-1
179,-1,1894.15,467.35,25.16,180.93,0.1020,-1,-1,-1
180,-1,775.17,435.42,117.13,359.49,0.8603,-1,-1,-1
180,-1,572.13,424.96,198.12,482.36,0.8154,-1,-1,-1
180,-1,895.36,445.44,103.27,297.50,0.8147,-1,-1,-1
180,-1,971.96,435.16,87.29,254.36,0.5608,-1,-1,-1
180,-1,1156.88,448.29,38.69,99.53,0.4843,-1,-1,-1
180,-1,1875.76,395.75,43.56,246.76,0.3076,-1,-1,-1
180,-1,1828.24,474.01,77.11,167.69,0.2826,-1,-1,-1
180,-1,1079.07,441.06,49.56,150.78,0.2742,-1,-1,-1
180,-1,569.43,460.68,56.46,100.40,0.2581,-1,-1,-1
180,-1,1887.32,406.77,32.02,223.05,0.1713,-1,-1,-1
180,-1,1671.28,418.33,110.39,218.09,0.1595,-1,-1,-1
180,-1,1095.30,443.00,34.41,133.30,0.1481,-1,-1,-1
180,-1,1888.88,455.42,30.49,192.41,0.1066,-1,-1,-1
180,-1,467.13,464.17,42.01,112.43,0.1065,-1,-1,-1
180,-1,739.28,477.97,48.26,128.32,0.1063,-1,-1,-1
181,-1,776.23,435.77,115.04,361.24,0.8617,-1,-1,-1
181,-1,575.07,423.84,200.63,485.78,0.8457,-1,-1,-1
181,-1,901.65,446.63,100.51,296.35,0.8182,-1,-1,-1
181,-1,974.03,435.68,90.20,260.11,0.7705,-1,-1,-1
181,-1,1156.67,445.66,37.97,102.31,0.4848,-1,-1,-1
181,-1,1078.88,440.89,49.85,151.23,0.3402,-1,-1,-1
181,-1,568.67,454.29,58.93,111.24,0.3181,-1,-1,-1
181,-1,1876.07,396.98,43.24,244.23,0.2810,-1,-1,-1
181,-1,1828.02,473.67,77.65,168.84,0.2733,-1,-1,-1
181,-1,1092.08,441.49,37.95,140.67,0.2061,-1,-1,-1
181,-1,576.31,437.28,56.58,127.60,0.1444,-1,-1,-1
181,-1,1888.99,415.01,30.36,212.65,0.1359,-1,-1,-1
181,-1,1671.61,415.41,110.03,221.72,0.1327,-1,-1,-1
181,-1,1300.48,419.18,41.63,127.69,0.1085,-1,-1,-1
182,-1,779.31,435.10,113.61,360.76,0.8582,-1,-1,-1
182,-1,576.39,427.44,200.70,482.94,0.8581,-1,-1,-1
182,-1,908.62,447.89,94.72,298.03,0.8163,-1,-1,-1
182,-1,976.64,431.33,88.09,266.89,0.6871,-1,-1,-1
182,-1,1157.71,449.24,35.83,98.38,0.4947,-1,-1,-1
182,-1,569.69,457.40,58.23,128.32,0.3706,-1,-1,-1
182,-1,1089.82,443.62,40.25,146.67,0.2803,-1,-1,-1
182,-1,1876.40,398.14,42.89,237.99,0.2582,-1,-1,-1
182,-1,1834.90,464.50,81.92,188.42,0.2383,-1,-1,-1
182,-1,1077.08,446.38,49.92,149.35,0.2311,-1,-1,-1
182,-1,1861.60,385.69,57.97,258.33,0.2084,-1,-1,-1
182,-1,1670.22,419.76,111.01,217.03,0.2034,-1,-1,-1
182,-1,1096.96,444.36,33.87,126.03,0.1693,-1,-1,-1
182,-1,1836.08,472.43,61.27,161.49,0.1387,-1,-1,-1
182,-1,514.06,448.44,35.40,112.39,0.1304,-1,-1,-1
182,-1,585.75,439.88,46.01,125.19,0.1198,-1,-1,-1
182,-1,1300.99,421.25,41.21,125.87,0.1189,-1,-1,-1
182,-1,1891.29,440.53,28.03,185.57,0.1079,-1,-1,-1
183,-1,781.99,434.82,116.87,363.18,0.8665,-1,-1,-1
183,-1,580.61,426.52,201.13,486.73,0.8656,-1,-1,-1
183,-1,912.85,446.30,93.81,301.25,0.8012,-1,-1,-1
183,-1,979.07,430.21,81.81,266.32,0.6097,-1,-1,-1
183,-1,1158.21,451.47,36.73,96.61,0.4552,-1,-1,-1
183,-1,570.29,448.35,57.45,139.19,0.4305,-1,-1,-1
183,-1,1079.58,441.60,50.20,151.79,0.3174,-1,-1,-1
183,-1,1875.45,397.38,43.84,242.75,0.2677,-1,-1,-1
183,-1,1829.03,470.30,77.94,171.64,0.2657,-1,-1,-1
183,-1,1096.49,442.61,34.83,136.82,0.2008,-1,-1,-1
183,-1,1669.96,415.68,111.33,221.21,0.1734,-1,-1,-1
183,-1,1300.09,420.15,42.45,126.81,0.1418,-1,-1,-1
183,-1,591.78,439.54,40.19,123.56,0.1324,-1,-1,-1
183,-1,1890.73,429.56,28.60,200.78,0.1251,-1,-1,-1
183,-1,1849.36,477.01,62.20,175.49,0.1168,-1,-1,-1
183,-1,514.59,449.12,35.42,112.41,0.1121,-1,-1,-1
184,-1,782.17,434.16,121.17,363.10,0.8782,-1,-1,-1
184,-1,588.58,424.27,196.65,491.98,0.8767,-1,-1,-1
184,-1,917.81,443.71,88.78,301.04,0.7812,-1,-1,-1
184,-1,983.23,428.20,84.73,264.77,0.6261,-1,-1,-1
184,-1,1156.94,452.75,37.38,96.54,0.5456,-1,-1,-1
184,-1,570.61,451.96,56.97,143.23,0.4607,-1,-1,-1
184,-1,1096.12,442.89,35.03,145.74,0.3068,-1,-1,-1
184,-1,1081.20,441.70,49.17,150.58,0.3022,-1,-1,-1
184,-1,1875.65,397.38,43.66,243.58,0.2558,-1,-1,-1
184,-1,1828.68,470.33,78.00,172.15,0.2487,-1,-1,-1
184,-1,1670.35,415.62,111.31,221.34,0.1925,-1,-1,-1
184,-1,1076.37,460.13,41.35,130.80,0.1546,-1,-1,-1
184,-1,1298.84,419.35,43.70,127.60,0.1455,-1,-1,-1
184,-1,1890.23,427.55,29.11,205.09,0.1262,-1,-1,-1
184,-1,514.27,449.37,35.96,112.26,0.1237,-1,-1,-1
184,-1,592.05,438.27,38.42,124.87,0.1121,-1,-1,-1
184,-1,1849.24,476.33,62.55,176.85,0.1099,-1,-1,-1
185,-1,784.35,434.57,123.69,363.87,0.8749,-1,-1,-1
185,-1,597.36,425.40,191.46,494.14,0.8271,-1,-1,-1
185,-1,920.43,445.70,86.47,304.22,0.8005,-1,-1,-1
185,-1,984.67,419.49,86.82,279.40,0.6915,-1,-1,-1
185,-1,568.71,435.00,58.89,165.55,0.5013,-1,-1,-1
185,-1,1155.65,453.32,39.28,94.42,0.4675,-1,-1,-1
185,-1,1829.82,471.52,75.88,171.82,0.2755,-1,-1,-1
185,-1,1098.03,441.09,32.68,148.06,0.2523,-1,-1,-1
185,-1,1670.89,419.58,110.10,216.77,0.2506,-1,-1,-1
185,-1,1084.04,439.57,45.68,152.47,0.2452,-1,-1,-1
185,-1,1876.53,398.52,42.77,245.53,0.2396,-1,-1,-1
185,-1,1299.71,419.74,43.24,127.07,0.1581,-1,-1,-1
185,-1,1849.03,477.00,58.86,176.43,0.1581,-1,-1,-1
185,-1,513.30,447.86,36.20,114.19,0.1534,-1,-1,-1
185,-1,1890.91,429.12,28.41,205.04,0.1265,-1,-1,-1
185,-1,1074.22,470.07,33.80,119.61,0.1208,-1,-1,-1
185,-1,1673.49,432.67,101.69,156.61,0.1029,-1,-1,-1
185,-1,1075.53,466.64,49.02,124.87,0.1006,-1,-1,-1
186,-1,785.77,434.45,119.49,365.05,0.8646,-1,-1,-1
186,-1,598.60,424.52,190.29,490.18,0.8293,-1,-1,-1
186,-1,924.76,446.25,89.07,303.50,0.8271,-1,-1,-1
186,-1,991.27,430.71,83.40,262.79,0.7066,-1,-1,-1
186,-1,568.89,434.28,59.52,170.35,0.5862,-1,-1,-1
186,-1,1154.67,453.34,39.27,93.91,0.5646,-1,-1,-1
186,-1,1096.10,438.88,34.86,150.17,0.3396,-1,-1,-1
186,-1,1835.67,466.65,70.90,186.24,0.3386,-1,-1,-1
186,-1,511.33,444.44,37.42,118.75,0.2348,-1,-1,-1
186,-1,1876.92,397.79,42.38,248.84,0.2313,-1,-1,-1
186,-1,1298.66,419.47,44.58,127.44,0.2272,-1,-1,-1
186,-1,1671.16,416.83,109.66,219.54,0.2265,-1,-1,-1
186,-1,1076.16,436.68,51.30,158.30,0.2069,-1,-1,-1
186,-1,1086.72,440.20,49.51,146.95,0.1563,-1,-1,-1
186,-1,1071.57,464.78,32.85,125.30,0.1315,-1,-1,-1
186,-1,1098.95,438.47,32.48,113.58,0.1299,-1,-1,-1
186,-1,1891.77,461.18,27.53,188.62,0.1261,-1,-1,-1
186,-1,1853.53,463.01,66.00,193.50,0.1135,-1,-1,-1
186,-1,1825.47,477.51,69.02,164.45,0.1016,-1,-1,-1
187,-1,789.44,434.26,117.37,365.83,0.8469,-1,-1,-1
187,-1,605.99,420.95,184.03,495.84,0.8220,-1,-1,-1
187,-1,928.73,444.96,84.72,305.13,0.8200,-1,-1,-1
187,-1,994.35,438.44,85.17,257.28,0.6931,-1,-1,-1
187,-1,569.68,433.76,58.79,170.62,0.5827,-1,-1,-1
187,-1,1154.26,455.56,40.17,91.07,0.5219,-1,-1,-1
187,-1,1834.99,468.59,71.63,183.46,0.3289,-1,-1,-1
187,-1,511.30,445.40,37.54,118.07,0.2689,-1,-1,-1
187,-1,1671.44,417.54,110.35,219.40,0.2603,-1,-1,-1
187,-1,1877.12,395.75,42.17,248.88,0.2566,-1,-1,-1
187,-1,1097.24,438.54,32.99,150.29,0.2447,-1,-1,-1
187,-1,1081.10,437.36,47.65,155.23,0.2012,-1,-1,-1
187,-1,1299.78,420.53,43.32,125.99,0.1900,-1,-1,-1
187,-1,1103.21,440.53,28.70,111.35,0.1250,-1,-1,-1
187,-1,1891.52,439.43,27.70,189.91,0.1206,-1,-1,-1
187,-1,1072.52,474.06,42.33,116.84,0.1187,-1,-1,-1
187,-1,1086.74,440.53,49.73,139.34,0.1155,-1,-1,-1
188,-1,611.46,422.00,179.21,496.91,0.8501,-1,-1,-1
188,-1,791.61,433.43,119.75,370.01,0.8445,-1,-1,-1
188,-1,930.52,443.37,94.61,306.57,0.8082,-1,-1,-1
188,-1,997.03,437.64,85.45,262.47,0.7080,-1,-1,-1
188,-1,568.86,432.71,60.24,175.77,0.6120,-1,-1,-1
188,-1,1154.23,453.54,38.91,94.60,0.4696,-1,-1,-1
188,-1,1670.72,415.19,110.22,221.21,0.3584,-1,-1,-1
188,-1,1837.44,468.90,69.80,183.43,0.3129,-1,-1,-1
188,-1,1101.05,439.40,30.42,149.63,0.2932,-1,-1,-1
188,-1,1876.78,397.49,42.52,248.98,0.2836,-1,-1,-1
188,-1,513.08,447.65,36.26,114.87,0.2420,-1,-1,-1
188,-1,1077.67,439.79,48.10,156.01,0.1668,-1,-1,-1
188,-1,1103.19,442.20,29.44,105.33,0.1637,-1,-1,-1
188,-1,1890.29,413.49,29.03,218.28,0.1479,-1,-1,-1
188,-1,1300.16,421.25,42.34,124.72,0.1225,-1,-1,-1
188,-1,1851.88,462.43,67.66,193.32,0.1174,-1,-1,-1
188,-1,1094.59,440.25,40.58,125.22,0.1164,-1,-1,-1
189,-1,794.53,431.90,115.88,371.95,0.8453,-1,-1,-1
189,-1,615.28,420.72,179.71,508.59,0.8444,-1,-1,-1
189,-1,932.09,444.46,109.59,308.54,0.7658,-1,-1,-1
189,-1,1004.11,439.24,80.59,262.96,0.6895,-1,-1,-1
189,-1,567.29,437.96,62.78,173.24,0.6112,-1,-1,-1
189,-1,1153.55,447.34,40.72,100.69,0.5278,-1,-1,-1
189,-1,1670.13,422.35,111.80,214.07,0.3671,-1,-1,-1
189,-1,1098.70,436.92,32.96,151.01,0.3508,-1,-1,-1
189,-1,1876.14,396.10,43.14,252.27,0.2860,-1,-1,-1
189,-1,1842.08,473.65,64.26,178.35,0.2628,-1,-1,-1
189,-1,1858.62,387.46,60.94,263.32,0.2561,-1,-1,-1
189,-1,1079.24,436.13,47.52,161.16,0.2319,-1,-1,-1
189,-1,514.27,447.81,35.57,114.39,0.1899,-1,-1,-1
189,-1,1092.53,438.69,42.21,126.60,0.1680,-1,-1,-1
189,-1,467.94,469.01,40.55,107.57,0.1541,-1,-1,-1
189,-1,1891.92,408.42,27.45,224.89,0.1524,-1,-1,-1
189,-1,1299.69,419.11,42.99,127.92,0.1453,-1,-1,-1
189,-1,980.30,437.74,77.25,306.79,0.1412,-1,-1,-1
189,-1,509.18,450.43,33.74,112.47,0.1216,-1,-1,-1
189,-1,1672.19,431.84,103.91,158.35,0.1166,-1,-1,-1
189,-1,1893.16,466.16,26.23,180.20,0.1101,-1,-1,-1
189,-1,1667.77,438.91,45.98,148.14,0.1036,-1,-1,-1
190,-1,797.08,431.33,120.98,372.13,0.8456,-1,-1,-1
190,-1,611.08,422.06,189.83,510.74,0.7948,-1,-1,-1
190,-1,936.83,445.84,110.05,305.31,0.7682,-1,-1,-1
190,-1,1005.98,441.85,78.68,260.40,0.6334,-1,-1,-1
190,-1,1671.11,430.28,109.55,206.79,0.5720,-1,-1,-1
190,-1,568.32,443.29,60.16,164.65,0.5697,-1,-1,-1
190,-1,1152.86,450.90,42.13,97.43,0.5392,-1,-1,-1
190,-1,1096.61,437.68,35.89,146.77,0.3713,-1,-1,-1
190,-1,1876.22,392.63,43.04,257.53,0.2678,-1,-1,-1
190,-1,1831.77,474.90,71.43,168.61,0.2612,-1,-1,-1
190,-1,1859.39,386.31,60.17,265.52,0.2431,-1,-1,-1
190,-1,1079.80,437.98,47.50,160.00,0.2409,-1,-1,-1
190,-1,1849.97,480.89,55.61,172.31,0.2159,-1,-1,-1
190,-1,1300.25,419.46,42.84,127.01,0.1767,-1,-1,-1
190,-1,515.33,450.11,35.58,112.20,0.1626,-1,-1,-1
190,-1,466.87,466.40,41.66,109.39,0.1474,-1,-1,-1
190,-1,1667.15,437.21,47.21,150.01,0.1431,-1,-1,-1
190,-1,1893.63,428.05,25.69,207.31,0.1372,-1,-1,-1
190,-1,1891.25,473.53,28.08,175.91,0.1292,-1,-1,-1
190,-1,510.97,455.05,34.11,104.31,0.1054,-1,-1,-1
191,-1,799.11,433.61,119.72,369.02,0.8277,-1,-1,-1
191,-1,619.65,422.83,184.17,516.44,0.8174,-1,-1,-1
191,-1,941.86,445.01,114.33,310.59,0.8125,-1,-1,-1
191,-1,567.23,443.90,60.94,167.89,0.5491,-1,-1,-1
191,-1,1670.03,424.79,110.94,211.94,0.5024,-1,-1,-1
191,-1,1151.16,450.62,40.93,97.35,0.4551,-1,-1,-1
191,-1,1874.79,392.93,44.50,257.51,0.2889,-1,-1,-1
191,-1,568.66,456.99,48.28,147.49,0.2534,-1,-1,-1
191,-1,1853.43,391.70,66.10,262.21,0.1957,-1,-1,-1
191,-1,1005.58,443.99,77.35,253.07,0.1912,-1,-1,-1
191,-1,1830.38,475.44,72.67,165.88,0.1899,-1,-1,-1
191,-1,1099.88,438.04,33.92,91.56,0.1887,-1,-1,-1
191,-1,1844.26,477.50,65.58,173.36,0.1872,-1,-1,-1
191,-1,1300.82,419.21,42.42,127.59,0.1871,-1,-1,-1
191,-1,1100.51,437.73,31.35,125.38,0.1768,-1,-1,-1
191,-1,463.49,470.12,38.49,106.06,0.1665,-1,-1,-1
191,-1,1086.18,437.19,44.31,157.51,0.1655,-1,-1,-1
191,-1,1891.86,405.41,27.47,231.37,0.1601,-1,-1,-1
191,-1,1667.53,435.86,48.05,152.54,0.1462,-1,-1,-1
191,-1,516.36,449.36,34.12,112.67,0.1443,-1,-1,-1
191,-1,1673.12,431.07,100.02,157.74,0.1372,-1,-1,-1
191,-1,1007.86,439.48,83.21,181.42,0.1232,-1,-1,-1
191,-1,1890.77,469.47,28.56,180.59,0.1183,-1,-1,-1
191,-1,508.55,455.29,33.76,105.18,0.1097,-1,-1,-1
192,-1,799.53,433.36,123.32,368.45,0.8543,-1,-1,-1
192,-1,943.55,449.56,113.54,306.19,0.8414,-1,-1,-1
192,-1,622.76,422.55,180.37,525.71,0.7876,-1,-1,-1
192,-1,565.66,444.76,63.78,167.76,0.6230,-1,-1,-1
192,-1,1152.31,448.41,46.56,99.12,0.5091,-1,-1,-1
192,-1,1670.86,426.08,110.72,211.18,0.4692,-1,-1,-1
192,-1,1875.92,392.60,43.34,256.34,0.2843,-1,-1,-1
192,-1,1842.82,474.71,64.73,176.76,0.2392,-1,-1,-1
192,-1,1011.61,437.37,90.00,266.29,0.2264,-1,-1,-1
192,-1,1099.59,437.22,31.58,113.98,0.2217,-1,-1,-1
192,-1,565.93,456.69,49.58,149.91,0.2206,-1,-1,-1
192,-1,462.47,468.94,40.21,106.59,0.2017,-1,-1,-1
192,-1,1092.65,435.97,37.22,151.80,0.1695,-1,-1,-1
192,-1,514.16,447.95,35.29,114.57,0.1603,-1,-1,-1
192,-1,1667.32,436.26,48.06,151.32,0.1598,-1,-1,-1
192,-1,507.59,453.89,36.90,107.47,0.1456,-1,-1,-1
192,-1,1856.09,450.47,63.47,204.71,0.1410,-1,-1,-1
192,-1,1893.31,439.09,26.00,195.13,0.1270,-1,-1,-1
192,-1,1675.36,432.20,97.60,156.41,0.1227,-1,-1,-1
192,-1,502.38,454.34,35.06,108.97,0.1221,-1,-1,-1
192,-1,1300.67,420.91,42.55,125.52,0.1210,-1,-1,-1
192,-1,1085.27,443.58,40.98,155.41,0.1080,-1,-1,-1
192,-1,1839.22,474.97,53.28,128.65,0.1062,-1,-1,-1
193,-1,802.34,434.09,116.79,367.54,0.8443,-1,-1,-1
193,-1,945.08,446.03,113.05,309.66,0.8145,-1,-1,-1
193,-1,625.60,424.33,178.88,529.51,0.7669,-1,-1,-1
193,-1,566.19,443.19,64.68,171.98,0.6642,-1,-1,-1
193,-1,1008.56,442.03,102.53,258.07,0.4778,-1,-1,-1
193,-1,969.66,444.04,98.07,301.80,0.4749,-1,-1,-1
193,-1,1150.03,453.67,41.92,94.55,0.3951,-1,-1,-1
193,-1,1669.65,421.78,112.24,214.32,0.3460,-1,-1,-1
193,-1,1156.65,454.08,43.54,93.72,0.3446,-1,-1,-1
193,-1,510.48,444.39,38.75,119.89,0.2604,-1,-1,-1
193,-1,1842.00,468.01,65.88,184.54,0.2493,-1,-1,-1
193,-1,1877.51,394.43,41.74,256.40,0.2436,-1,-1,-1
193,-1,1858.71,384.53,60.85,266.95,0.2190,-1,-1,-1
193,-1,460.80,470.74,42.48,105.33,0.2063,-1,-1,-1
193,-1,1101.44,439.18,29.43,108.25,0.2027,-1,-1,-1
193,-1,1665.75,436.59,47.21,151.21,0.1411,-1,-1,-1
193,-1,1837.09,472.60,58.60,162.78,0.1312,-1,-1,-1
193,-1,1852.51,459.65,67.02,196.62,0.1299,-1,-1,-1
193,-1,1892.36,468.88,27.02,181.96,0.1227,-1,-1,-1
194,-1,804.25,435.03,116.31,369.52,0.8247,-1,-1,-1
194,-1,946.23,448.05,114.00,307.41,0.7924,-1,-1,-1
194,-1,629.65,424.14,175.85,536.21,0.7723,-1,-1,-1
194,-1,567.36,444.14,64.71,170.66,0.6674,-1,-1,-1
194,-1,1017.01,445.42,101.68,259.39,0.5470,-1,-1,-1
194,-1,1149.62,454.42,35.37,93.09,0.4139,-1,-1,-1
194,-1,1669.81,423.65,112.16,212.84,0.3670,-1,-1,-1
194,-1,1151.61,449.49,45.37,99.21,0.3443,-1,-1,-1
194,-1,460.24,469.53,40.94,107.21,0.3380,-1,-1,-1
194,-1,1169.02,453.38,33.72,93.57,0.2707,-1,-1,-1
194,-1,1875.77,394.09,43.51,255.80,0.2672,-1,-1,-1
194,-1,1100.48,438.48,31.15,109.21,0.2524,-1,-1,-1
194,-1,1855.62,384.76,63.94,267.74,0.2265,-1,-1,-1
194,-1,510.93,448.26,38.94,115.56,0.2221,-1,-1,-1
194,-1,1849.14,480.97,59.51,172.87,0.2107,-1,-1,-1
194,-1,1829.61,473.26,73.46,168.33,0.1787,-1,-1,-1
194,-1,505.18,452.79,37.32,111.49,0.1497,-1,-1,-1
194,-1,1301.04,420.16,41.98,127.38,0.1254,-1,-1,-1
194,-1,1087.51,444.77,38.51,153.87,0.1244,-1,-1,-1
194,-1,1893.65,424.80,25.68,212.70,0.1242,-1,-1,-1
194,-1,1833.79,403.89,82.98,243.39,0.1005,-1,-1,-1
195,-1,947.41,448.14,119.38,310.51,0.8144,-1,-1,-1
195,-1,806.83,434.86,121.36,370.64,0.8118,-1,-1,-1
195,-1,628.95,421.74,178.31,539.38,0.7764,-1,-1,-1
195,-1,565.61,436.22,68.41,179.91,0.6939,-1,-1,-1
195,-1,1021.11,441.79,95.19,266.08,0.5739,-1,-1,-1
195,-1,1671.39,426.05,110.48,210.98,0.4491,-1,-1,-1
195,-1,1147.15,452.73,31.17,94.79,0.3576,-1,-1,-1
195,-1,509.53,445.80,40.08,119.40,0.2697,-1,-1,-1
195,-1,1876.59,393.04,42.68,256.13,0.2642,-1,-1,-1
195,-1,1152.27,445.09,40.79,103.50,0.2593,-1,-1,-1
195,-1,1173.63,443.56,36.13,103.16,0.2572,-1,-1,-1
195,-1,459.03,472.53,42.69,103.98,0.2329,-1,-1,-1
195,-1,1849.12,481.69,57.54,171.56,0.2144,-1,-1,-1
195,-1,1830.65,474.66,70.55,166.43,0.2014,-1,-1,-1
195,-1,1858.45,383.99,61.11,268.47,0.1984,-1,-1,-1
195,-1,1100.24,442.49,30.80,105.42,0.1860,-1,-1,-1
195,-1,1022.29,442.96,100.14,161.05,0.1773,-1,-1,-1
195,-1,1891.94,478.54,27.35,171.47,0.1375,-1,-1,-1
195,-1,1168.83,444.45,31.80,104.24,0.1310,-1,-1,-1
195,-1,1301.62,422.94,41.05,124.45,0.1284,-1,-1,-1
196,-1,807.68,432.33,133.75,372.70,0.8378,-1,-1,-1
196,-1,946.68,447.73,119.76,312.05,0.8099,-1,-1,-1
196,-1,637.80,421.46,168.53,548.50,0.7809,-1,-1,-1
196,-1,566.52,439.05,68.50,176.37,0.6959,-1,-1,-1
196,-1,1026.34,437.01,86.80,270.02,0.5586,-1,-1,-1
196,-1,1671.13,425.28,111.61,211.18,0.4767,-1,-1,-1
196,-1,1146.60,452.11,32.87,96.00,0.4429,-1,-1,-1
196,-1,1151.32,443.72,39.87,105.60,0.3261,-1,-1,-1
196,-1,1028.33,435.91,91.49,175.26,0.2904,-1,-1,-1
196,-1,1875.39,392.84,43.87,256.84,0.2818,-1,-1,-1
196,-1,510.14,444.89,39.65,119.58,0.2814,-1,-1,-1
196,-1,1172.09,442.54,35.04,104.90,0.2658,-1,-1,-1
196,-1,1855.52,385.73,64.04,266.82,0.2614,-1,-1,-1
196,-1,456.84,473.43,42.22,102.51,0.2495,-1,-1,-1
196,-1,1850.23,481.58,57.64,171.71,0.2139,-1,-1,-1
196,-1,1829.50,473.74,73.40,168.54,0.1693,-1,-1,-1
196,-1,646.88,424.16,165.95,413.11,0.1616,-1,-1,-1
196,-1,1101.05,443.46,29.97,103.80,0.1598,-1,-1,-1
196,-1,1300.15,421.48,43.00,126.09,0.1518,-1,-1,-1
196,-1,1164.78,443.23,30.85,105.79,0.1369,-1,-1,-1
196,-1,1894.36,433.38,24.97,203.27,0.1266,-1,-1,-1
196,-1,1892.14,475.09,27.18,173.91,0.1188,-1,-1,-1
196,-1,1665.90,439.83,45.26,147.64,0.1089,-1,-1,-1
196,-1,1841.00,467.51,76.55,181.34,0.1045,-1,-1,-1
197,-1,809.08,432.65,149.24,373.75,0.8484,-1,-1,-1
197,-1,949.58,447.95,117.14,308.78,0.7620,-1,-1,-1
197,-1,640.80,423.18,166.06,544.87,0.7523,-1,-1,-1
197,-1,567.24,441.13,67.54,172.76,0.6867,-1,-1,-1
197,-1,654.31,425.61,154.63,417.92,0.5657,-1,-1,-1
197,-1,1032.28,437.28,89.20,272.42,0.5095,-1,-1,-1
197,-1,1671.71,428.81,110.21,207.78,0.5025,-1,-1,-1
197,-1,1147.75,455.87,32.82,92.59,0.4263,-1,-1,-1
197,-1,511.38,445.40,39.51,119.23,0.2740,-1,-1,-1
197,-1,1032.98,440.89,87.54,167.45,0.2694,-1,-1,-1
197,-1,1876.70,393.14,42.56,255.11,0.2584,-1,-1,-1
197,-1,1152.47,450.18,36.02,99.24,0.2471,-1,-1,-1
197,-1,457.47,472.13,40.44,103.33,0.2297,-1,-1,-1
197,-1,1829.11,473.31,74.41,168.38,0.2276,-1,-1,-1
197,-1,1856.07,383.82,63.50,268.55,0.2232,-1,-1,-1
197,-1,1849.80,479.85,61.18,174.14,0.2140,-1,-1,-1
197,-1,1174.29,449.14,31.94,99.19,0.1678,-1,-1,-1
197,-1,1102.10,445.62,28.98,107.51,0.1553,-1,-1,-1
197,-1,1833.12,445.92,82.82,202.14,0.1369,-1,-1,-1
197,-1,1714.66,435.46,66.92,200.13,0.1355,-1,-1,-1
197,-1,1299.11,421.79,43.87,125.05,0.1241,-1,-1,-1
197,-1,1894.41,459.41,24.85,175.25,0.1223,-1,-1,-1
198,-1,812.27,433.53,154.72,376.45,0.8489,-1,-1,-1
198,-1,957.21,446.05,109.12,310.15,0.7530,-1,-1,-1
198,-1,639.08,426.06,171.33,532.68,0.7427,-1,-1,-1
198,-1,568.80,444.00,67.30,171.09,0.6936,-1,-1,-1
198,-1,1034.42,438.72,91.11,269.96,0.6436,-1,-1,-1
198,-1,1670.93,431.69,110.80,204.91,0.5613,-1,-1,-1
198,-1,1146.59,457.15,31.57,91.05,0.3973,-1,-1,-1
198,-1,456.16,474.54,41.03,101.32,0.2640,-1,-1,-1
198,-1,1877.93,396.08,41.37,250.52,0.2108,-1,-1,-1
198,-1,512.05,445.18,38.35,118.18,0.2089,-1,-1,-1
198,-1,1828.92,472.01,72.39,169.34,0.2065,-1,-1,-1
198,-1,1100.09,447.22,32.11,95.84,0.2039,-1,-1,-1
198,-1,1152.74,446.69,36.86,101.77,0.2000,-1,-1,-1
198,-1,1858.96,382.84,60.61,269.39,0.1865,-1,-1,-1
198,-1,1850.96,479.33,62.42,174.98,0.1551,-1,-1,-1
198,-1,1299.98,419.99,42.53,127.03,0.1509,-1,-1,-1
198,-1,1035.94,437.68,89.60,178.81,0.1491,-1,-1,-1
198,-1,1892.53,451.82,26.78,188.55,0.1372,-1,-1,-1
198,-1,1174.69,446.67,37.64,99.99,0.1318,-1,-1,-1
198,-1,1676.83,435.65,91.39,159.42,0.1120,-1,-1,-1
198,-1,1666.35,439.75,47.70,148.58,0.1060,-1,-1,-1
199,-1,815.47,433.18,160.69,377.71,0.8662,-1,-1,-1
199,-1,965.79,450.16,100.88,308.86,0.8002,-1,-1,-1
199,-1,651.45,424.60,166.38,533.91,0.7618,-1,-1,-1
199,-1,569.24,446.15,66.31,168.58,0.7030,-1,-1,-1
199,-1,1040.32,442.71,94.19,267.88,0.6528,-1,-1,-1
199,-1,1670.84,431.40,111.39,205.21,0.5211,-1,-1,-1
199,-1,1148.30,467.41,27.48,81.33,0.3228,-1,-1,-1
199,-1,456.45,470.68,39.03,105.13,0.2997,-1,-1,-1
199,-1,1876.91,393.35,42.40,253.70,0.2243,-1,-1,-1
199,-1,1857.37,381.62,62.19,270.73,0.2025,-1,-1,-1
199,-1,513.06,445.77,38.92,117.03,0.1775,-1,-1,-1
199,-1,1828.91,473.22,72.02,168.17,0.1773,-1,-1,-1
199,-1,1853.81,456.49,65.73,199.91,0.1757,-1,-1,-1
199,-1,1102.54,446.52,31.66,78.15,0.1484,-1,-1,-1
199,-1,1177.82,440.35,36.07,106.47,0.1326,-1,-1,-1
199,-1,1300.52,420.12,42.25,127.19,0.1317,-1,-1,-1
199,-1,1100.67,444.13,33.26,55.33,0.1294,-1,-1,-1
199,-1,1892.61,444.40,26.71,197.26,0.1291,-1,-1,-1
199,-1,1677.74,436.15,88.00,157.16,0.1213,-1,-1,-1
199,-1,1038.08,444.79,90.68,185.80,0.1152,-1,-1,-1
199,-1,1665.91,439.65,48.29,148.74,0.1148,-1,-1,-1
199,-1,1104.61,445.70,32.15,101.88,0.1090,-1,-1,-1
199,-1,1688.08,435.08,59.09,153.93,0.1077,-1,-1,-1
200,-1,818.27,435.15,157.24,375.33,0.8541,-1,-1,-1
200,-1,970.31,451.02,99.29,309.61,0.8377,-1,-1,-1
200,-1,653.47,422.77,174.28,539.01,0.7879,-1,-1,-1
200,-1,569.72,453.76,65.04,160.92,0.7338,-1,-1,-1
200,-1,1044.78,442.24,92.19,269.58,0.6045,-1,-1,-1
200,-1,1670.41,428.47,111.30,208.14,0.5057,-1,-1,-1
200,-1,1142.77,458.92,31.77,87.88,0.2841,-1,-1,-1
200,-1,1831.19,473.65,72.79,169.22,0.2763,-1,-1,-1
200,-1,512.44,446.44,37.95,116.98,0.2405,-1,-1,-1
200,-1,1877.01,391.37,42.22,255.99,0.2334,-1,-1,-1
200,-1,455.99,472.37,36.78,101.21,0.2307,-1,-1,-1
200,-1,1848.96,478.63,60.74,175.85,0.2202,-1,-1,-1
200,-1,1857.97,380.91,61.58,271.25,0.1826,-1,-1,-1
200,-1,1299.81,421.56,43.52,126.09,0.1658,-1,-1,-1
200,-1,1895.38,477.97,23.88,154.63,0.1402,-1,-1,-1
200,-1,1044.83,448.35,85.91,177.77,0.1358,-1,-1,-1
200,-1,1178.94,442.92,38.37,103.01,0.1321,-1,-1,-1
200,-1,1665.08,438.22,49.54,149.90,0.1318,-1,-1,-1
200,-1,966.93,444.27,28.76,66.91,0.1301,-1,-1,-1
200,-1,1838.13,474.09,53.29,152.52,0.1276,-1,-1,-1
200,-1,958.42,444.14,41.94,79.04,0.1264,-1,-1,-1
200,-1,1888.91,405.64,30.36,232.72,0.1161,-1,-1,-1
200,-1,1717.47,435.34,64.29,201.15,0.1158,-1,-1,-1
200,-1,1129.79,471.57,31.81,75.86,0.1115,-1,-1,-1
200,-1,1676.88,433.92,90.86,158.76,0.1093,-1,-1,-1
201,-1,820.42,437.74,161.18,374.75,0.8769,-1,-1,-1
201,-1,977.28,446.49,94.28,315.80,0.8086,-1,-1,-1
201,-1,643.40,428.12,189.75,529.72,0.8036,-1,-1,-1
201,-1,570.43,451.67,66.45,163.84,0.7455,-1,-1,-1
201,-1,1046.59,436.43,90.48,276.26,0.6597,-1,-1,-1
201,-1,1671.13,424.48,109.65,212.10,0.4991,-1,-1,-1
201,-1,1830.62,470.78,74.78,172.40,0.3024,-1,-1,-1
201,-1,1875.96,396.28,43.31,249.67,0.2656,-1,-1,-1
201,-1,1849.37,477.46,54.67,174.91,0.2376,-1,-1,-1
201,-1,965.05,443.13,36.78,79.83,0.2234,-1,-1,-1
201,-1,1141.25,453.72,31.43,92.91,0.2213,-1,-1,-1
201,-1,511.86,443.18,37.45,119.51,0.1976,-1,-1,-1
201,-1,969.07,443.50,27.38,70.33,0.1931,-1,-1,-1
201,-1,1300.49,422.99,41.51,123.69,0.1889,-1,-1,-1
201,-1,1857.53,413.79,62.00,241.59,0.1686,-1,-1,-1
201,-1,1892.87,457.43,26.47,195.78,0.1333,-1,-1,-1
201,-1,452.46,471.04,38.21,99.09,0.1253,-1,-1,-1
201,-1,1719.26,434.95,62.05,196.19,0.1144,-1,-1,-1
201,-1,1838.20,472.41,56.63,153.46,0.1122,-1,-1,-1
201,-1,1679.73,434.36,91.01,160.21,0.1091,-1,-1,-1
201,-1,1048.22,437.48,84.61,166.85,0.1036,-1,-1,-1
202,-1,823.39,437.60,156.74,375.81,0.8811,-1,-1,-1
202,-1,984.62,448.04,90.75,314.37,0.8339,-1,-1,-1
202,-1,644.67,424.02,194.81,541.55,0.8111,-1,-1,-1
202,-1,570.69,455.52,66.69,159.22,0.7511,-1,-1,-1
202,-1,1050.81,437.73,89.48,281.50,0.7353,-1,-1,-1
202,-1,1138.32,453.85,33.60,92.48,0.3471,-1,-1,-1
202,-1,1875.14,397.04,44.15,248.47,0.3119,-1,-1,-1
202,-1,1830.74,472.64,76.49,169.79,0.3016,-1,-1,-1
202,-1,1181.86,439.41,37.53,108.39,0.2589,-1,-1,-1
202,-1,966.16,444.11,42.14,81.97,0.2397,-1,-1,-1
202,-1,1667.18,413.34,113.92,222.54,0.2309,-1,-1,-1
202,-1,512.03,443.63,36.20,119.43,0.2213,-1,-1,-1
202,-1,1133.00,462.76,34.01,85.91,0.1994,-1,-1,-1
202,-1,1848.51,477.22,57.31,175.78,0.1913,-1,-1,-1
202,-1,1300.41,422.87,42.47,124.44,0.1754,-1,-1,-1
202,-1,969.36,443.55,29.06,78.59,0.1743,-1,-1,-1
202,-1,1888.83,414.39,30.42,218.87,0.1320,-1,-1,-1
202,-1,1891.52,461.25,27.79,186.78,0.1001,-1,-1,-1
203,-1,826.44,440.19,150.66,370.48,0.8594,-1,-1,-1
203,-1,653.95,425.04,188.30,551.70,0.8249,-1,-1,-1
203,-1,990.86,448.08,86.00,314.01,0.8216,-1,-1,-1
203,-1,571.45,454.73,68.46,161.98,0.8065,-1,-1,-1
203,-1,1054.38,439.28,89.39,277.46,0.7068,-1,-1,-1
203,-1,1668.14,417.41,111.75,218.98,0.3904,-1,-1,-1
203,-1,1829.23,471.20,78.74,171.66,0.3664,-1,-1,-1
203,-1,505.17,443.77,42.96,119.56,0.3275,-1,-1,-1
203,-1,1186.47,441.66,34.35,104.84,0.3098,-1,-1,-1
203,-1,1875.61,398.47,43.71,245.74,0.3045,-1,-1,-1
203,-1,1139.68,449.99,31.54,96.90,0.2585,-1,-1,-1
203,-1,966.79,445.02,43.87,80.09,0.1799,-1,-1,-1
203,-1,1133.39,459.49,31.89,89.48,0.1413,-1,-1,-1
203,-1,1664.18,443.98,49.95,145.80,0.1334,-1,-1,-1
203,-1,1887.17,452.20,32.08,194.52,0.1289,-1,-1,-1
203,-1,1300.42,424.37,41.46,122.90,0.1254,-1,-1,-1
203,-1,1867.80,449.74,50.75,192.55,0.1224,-1,-1,-1
204,-1,827.11,435.64,151.39,376.64,0.8690,-1,-1,-1
204,-1,654.82,426.17,190.84,559.11,0.8297,-1,-1,-1
204,-1,993.38,447.64,89.02,318.76,0.8248,-1,-1,-1
204,-1,573.45,454.17,67.35,162.60,0.8191,-1,-1,-1
204,-1,1057.83,439.41,86.71,276.41,0.6520,-1,-1,-1
204,-1,1668.61,411.87,112.24,224.16,0.4580,-1,-1,-1
204,-1,1828.60,468.84,79.97,180.41,0.3396,-1,-1,-1
204,-1,1187.22,445.84,33.98,101.41,0.3386,-1,-1,-1
204,-1,1873.60,399.03,45.73,240.52,0.3168,-1,-1,-1
204,-1,507.49,443.76,41.17,118.87,0.3134,-1,-1,-1
204,-1,1835.63,472.82,61.51,163.34,0.1620,-1,-1,-1
204,-1,1140.74,444.88,31.50,100.69,0.1554,-1,-1,-1
204,-1,1300.51,423.24,40.63,124.18,0.1521,-1,-1,-1
204,-1,966.37,446.40,47.27,79.41,0.1487,-1,-1,-1
204,-1,1884.83,450.95,34.42,194.90,0.1313,-1,-1,-1
205,-1,827.54,434.91,151.82,377.11,0.8725,-1,-1,-1
205,-1,667.52,426.75,175.17,563.32,0.8360,-1,-1,-1
205,-1,997.77,447.06,90.21,323.96,0.8042,-1,-1,-1
205,-1,574.03,450.72,66.40,167.64,0.7815,-1,-1,-1
205,-1,1060.94,444.84,85.17,270.64,0.6369,-1,-1,-1
205,-1,1669.30,421.19,110.63,214.37,0.4627,-1,-1,-1
205,-1,507.05,443.26,41.66,119.61,0.3473,-1,-1,-1
205,-1,1872.44,397.71,46.88,244.47,0.3458,-1,-1,-1
205,-1,1833.46,467.46,74.08,182.74,0.3171,-1,-1,-1
205,-1,1185.09,447.02,39.57,101.07,0.2747,-1,-1,-1
205,-1,1824.42,476.13,70.74,167.57,0.1783,-1,-1,-1
205,-1,1300.06,422.80,41.07,124.36,0.1546,-1,-1,-1
205,-1,1139.76,445.80,30.87,98.66,0.1507,-1,-1,-1
205,-1,1884.09,446.16,35.14,203.02,0.1208,-1,-1,-1
205,-1,966.12,443.13,39.44,76.15,0.1193,-1,-1,-1
205,-1,1674.69,432.04,98.89,161.35,0.1142,-1,-1,-1
205,-1,965.36,445.92,52.50,100.81,0.1109,-1,-1,-1
206,-1,829.90,435.14,149.96,374.88,0.8759,-1,-1,-1
206,-1,666.03,427.58,178.30,565.61,0.8359,-1,-1,-1
206,-1,1002.08,448.82,91.50,321.47,0.7934,-1,-1,-1
206,-1,576.58,454.10,64.96,164.83,0.7793,-1,-1,-1
206,-1,1064.83,437.01,84.40,282.18,0.6856,-1,-1,-1
206,-1,1186.06,450.05,38.44,97.79,0.4445,-1,-1,-1
206,-1,1830.11,471.96,77.25,170.84,0.3787,-1,-1,-1
206,-1,507.18,443.18,41.45,119.24,0.3284,-1,-1,-1
206,-1,1875.66,396.73,43.62,246.50,0.3191,-1,-1,-1
206,-1,1668.75,415.49,112.90,219.47,0.2905,-1,-1,-1
206,-1,1849.06,474.09,55.05,177.39,0.2650,-1,-1,-1
206,-1,1138.27,438.55,31.80,106.48,0.1884,-1,-1,-1
206,-1,1885.82,414.87,33.40,220.12,0.1510,-1,-1,-1
206,-1,1300.04,424.74,41.69,122.90,0.1339,-1,-1,-1
206,-1,964.07,446.32,56.63,125.52,0.1108,-1,-1,-1
206,-1,1890.04,451.47,29.23,195.46,0.1103,-1,-1,-1
206,-1,1144.76,435.98,33.66,106.70,0.1078,-1,-1,-1
206,-1,1663.95,439.99,51.54,149.79,0.1070,-1,-1,-1
206,-1,1865.73,460.23,52.23,182.40,0.1011,-1,-1,-1
206,-1,1134.29,442.43,29.66,104.63,0.1008,-1,-1,-1
207,-1,831.72,435.44,150.75,373.60,0.8747,-1,-1,-1
207,-1,667.15,422.79,178.64,572.00,0.8302,-1,-1,-1
207,-1,1006.95,448.08,97.08,316.62,0.7728,-1,-1,-1
207,-1,578.65,453.91,64.46,164.76,0.7150,-1,-1,-1
207,-1,1071.84,437.70,79.84,284.51,0.7039,-1,-1,-1
207,-1,1186.51,443.62,43.32,104.92,0.4540,-1,-1,-1
207,-1,1669.35,424.63,112.14,211.00,0.4172,-1,-1,-1
207,-1,1839.23,467.20,68.68,184.57,0.2993,-1,-1,-1
207,-1,1875.39,396.03,43.90,251.89,0.2927,-1,-1,-1
207,-1,510.26,448.32,37.68,112.86,0.2838,-1,-1,-1
207,-1,1302.49,426.12,36.03,120.21,0.1863,-1,-1,-1
207,-1,1886.82,412.04,32.49,227.01,0.1552,-1,-1,-1
207,-1,1142.52,440.42,28.31,102.06,0.1498,-1,-1,-1
207,-1,1854.89,458.94,64.68,196.61,0.1329,-1,-1,-1
207,-1,309.50,455.87,44.84,113.53,0.1114,-1,-1,-1
207,-1,1675.12,432.11,96.37,159.03,0.1046,-1,-1,-1
208,-1,832.65,434.54,151.84,375.32,0.8690,-1,-1,-1
208,-1,669.63,423.18,176.91,571.61,0.8215,-1,-1,-1
208,-1,1009.57,447.26,95.49,318.32,0.7906,-1,-1,-1
208,-1,579.65,450.16,66.86,168.86,0.7082,-1,-1,-1
208,-1,1075.95,435.60,77.58,284.61,0.6217,-1,-1,-1
208,-1,1186.97,441.39,41.89,107.43,0.4529,-1,-1,-1
208,-1,1840.94,464.57,65.63,187.91,0.3278,-1,-1,-1
208,-1,510.73,448.64,36.88,113.00,0.3148,-1,-1,-1
208,-1,1669.63,410.53,113.16,225.17,0.3123,-1,-1,-1
208,-1,1876.37,395.32,42.92,254.74,0.2534,-1,-1,-1
208,-1,1041.83,434.52,109.76,321.88,0.2045,-1,-1,-1
208,-1,1142.32,441.97,28.12,98.23,0.1728,-1,-1,-1
208,-1,1888.60,416.32,30.66,223.06,0.1417,-1,-1,-1
208,-1,1300.49,423.92,41.95,123.53,0.1283,-1,-1,-1
208,-1,1855.91,429.80,63.64,226.14,0.1241,-1,-1,-1
208,-1,1664.18,444.78,48.27,143.48,0.1012,-1,-1,-1
208,-1,308.65,455.81,47.03,113.85,0.1006,-1,-1,-1
209,-1,837.22,436.38,148.42,374.56,0.8593,-1,-1,-1
209,-1,671.74,416.88,177.03,578.28,0.8208,-1,-1,-1
209,-1,1015.13,445.96,130.79,316.66,0.7830,-1,-1,-1
209,-1,581.54,456.88,69.74,161.78,0.7098,-1,-1,-1
209,-1,1188.29,446.87,40.67,102.77,0.4470,-1,-1,-1
209,-1,1083.72,435.83,75.71,233.40,0.4389,-1,-1,-1
209,-1,1838.15,463.86,68.72,188.51,0.3381,-1,-1,-1
209,-1,507.67,445.63,42.72,117.83,0.2980,-1,-1,-1
209,-1,1670.11,412.92,111.89,222.90,0.2878,-1,-1,-1
209,-1,1876.28,395.50,43.01,253.67,0.2603,-1,-1,-1
209,-1,1301.08,423.24,41.07,124.08,0.1452,-1,-1,-1
209,-1,1887.99,416.93,31.26,221.92,0.1432,-1,-1,-1
209,-1,1142.33,439.30,29.24,89.63,0.1370,-1,-1,-1
209,-1,1855.84,454.22,63.71,201.89,0.1167,-1,-1,-1
210,-1,841.20,432.76,146.08,377.35,0.8556,-1,-1,-1
210,-1,1016.45,445.44,147.21,320.71,0.8330,-1,-1,-1
210,-1,671.46,415.44,178.74,578.92,0.8214,-1,-1,-1
210,-1,584.59,457.06,65.76,161.08,0.7023,-1,-1,-1
210,-1,1188.59,451.78,40.59,98.24,0.5123,-1,-1,-1
210,-1,1088.17,431.12,74.05,242.59,0.4316,-1,-1,-1
210,-1,1826.53,473.60,79.69,170.54,0.3249,-1,-1,-1
210,-1,1876.04,397.05,43.29,249.05,0.3090,-1,-1,-1
210,-1,508.60,447.80,39.54,112.85,0.2529,-1,-1,-1
210,-1,1671.43,410.42,110.62,225.34,0.2014,-1,-1,-1
210,-1,1848.67,477.09,57.54,176.35,0.1721,-1,-1,-1
210,-1,1890.30,440.33,29.07,210.67,0.1217,-1,-1,-1
210,-1,1299.58,424.04,42.10,123.10,0.1125,-1,-1,-1
211,-1,1018.44,450.36,156.93,313.56,0.8787,-1,-1,-1
211,-1,847.44,429.26,149.28,381.36,0.8518,-1,-1,-1
211,-1,672.84,415.60,180.00,578.82,0.8272,-1,-1,-1
211,-1,585.92,456.40,69.11,161.58,0.7226,-1,-1,-1
211,-1,1093.43,432.02,70.88,243.00,0.3808,-1,-1,-1
211,-1,1189.95,447.24,39.08,100.93,0.3652,-1,-1,-1
211,-1,1875.69,396.90,43.62,246.33,0.3162,-1,-1,-1
211,-1,1826.61,473.20,82.28,177.74,0.2839,-1,-1,-1
211,-1,508.14,444.29,42.23,118.54,0.2720,-1,-1,-1
211,-1,1670.04,409.29,111.75,226.75,0.2129,-1,-1,-1
211,-1,1300.29,423.72,41.36,123.61,0.1107,-1,-1,-1
211,-1,1889.66,441.50,29.72,209.18,0.1058,-1,-1,-1
212,-1,1019.02,448.97,158.07,316.60,0.8451,-1,-1,-1
212,-1,854.45,428.78,142.71,380.93,0.8413,-1,-1,-1
212,-1,674.20,409.76,181.35,585.24,0.8402,-1,-1,-1
212,-1,589.35,450.07,62.17,166.76,0.6588,-1,-1,-1
212,-1,1190.83,443.13,41.23,105.26,0.3818,-1,-1,-1
212,-1,1096.72,430.93,70.94,266.43,0.3630,-1,-1,-1
212,-1,1831.84,466.65,78.43,184.98,0.3432,-1,-1,-1
212,-1,509.28,447.09,38.21,113.47,0.3303,-1,-1,-1
212,-1,1019.72,446.35,105.73,313.54,0.3250,-1,-1,-1
212,-1,1669.03,406.88,112.02,228.96,0.3033,-1,-1,-1
212,-1,1876.03,395.93,43.27,250.92,0.2902,-1,-1,-1
212,-1,1096.37,425.67,69.60,192.15,0.1541,-1,-1,-1
212,-1,1884.94,411.19,34.35,220.12,0.1501,-1,-1,-1
212,-1,1064.60,438.10,112.51,326.85,0.1498,-1,-1,-1
212,-1,1300.36,423.70,41.21,122.61,0.1253,-1,-1,-1
213,-1,1018.55,448.01,160.21,320.21,0.8586,-1,-1,-1
213,-1,675.49,413.82,184.30,581.97,0.8426,-1,-1,-1
213,-1,863.81,429.98,137.01,382.95,0.8372,-1,-1,-1
213,-1,588.90,454.10,68.91,163.48,0.6690,-1,-1,-1
213,-1,1097.86,433.79,76.49,277.29,0.4196,-1,-1,-1
213,-1,508.95,446.65,37.81,113.82,0.3521,-1,-1,-1
213,-1,1875.07,394.90,44.21,249.09,0.3351,-1,-1,-1
213,-1,1669.09,407.99,111.55,227.88,0.3030,-1,-1,-1
213,-1,1827.11,473.96,81.98,175.06,0.2462,-1,-1,-1
213,-1,1192.44,436.85,41.63,110.57,0.2178,-1,-1,-1
213,-1,1884.57,408.42,34.74,221.31,0.1577,-1,-1,-1
213,-1,1300.66,421.41,40.29,125.06,0.1104,-1,-1,-1
214,-1,870.50,426.50,134.11,386.01,0.8540,-1,-1,-1
214,-1,678.24,415.64,183.22,580.56,0.8402,-1,-1,-1
214,-1,1020.90,451.25,157.02,318.58,0.8348,-1,-1,-1
214,-1,590.71,452.86,67.44,166.96,0.6677,-1,-1,-1
214,-1,1873.13,393.38,46.14,252.29,0.3509,-1,-1,-1
214,-1,509.39,448.02,38.08,112.72,0.3436,-1,-1,-1
214,-1,1669.83,408.37,111.06,227.29,0.2722,-1,-1,-1
214,-1,1194.65,437.59,40.21,108.99,0.2646,-1,-1,-1
214,-1,1107.37,427.93,82.55,297.35,0.2646,-1,-1,-1
214,-1,1107.44,435.88,70.07,239.36,0.2378,-1,-1,-1
214,-1,1832.94,472.62,78.48,179.04,0.2340,-1,-1,-1
214,-1,1883.54,404.73,35.78,225.82,0.1660,-1,-1,-1
214,-1,1301.48,419.68,39.80,126.72,0.1364,-1,-1,-1
214,-1,1106.10,434.29,66.92,171.20,0.1104,-1,-1,-1
214,-1,440.21,466.52,41.86,101.19,0.1068,-1,-1,-1
215,-1,877.76,428.77,129.68,388.12,0.8741,-1,-1,-1
215,-1,686.14,411.16,183.77,584.61,0.8522,-1,-1,-1
215,-1,1022.17,447.68,153.85,322.41,0.8415,-1,-1,-1
215,-1,592.29,454.48,67.44,164.99,0.6799,-1,-1,-1
215,-1,1670.83,417.54,110.66,219.20,0.4184,-1,-1,-1
215,-1,1828.69,473.69,76.80,169.42,0.3634,-1,-1,-1
215,-1,1112.34,427.23,80.88,299.44,0.3579,-1,-1,-1
215,-1,507.84,443.78,41.53,117.69,0.3316,-1,-1,-1
215,-1,1876.48,396.94,42.78,248.34,0.2653,-1,-1,-1
215,-1,1848.21,475.48,59.59,176.88,0.2132,-1,-1,-1
215,-1,1028.68,439.42,44.09,89.72,0.1572,-1,-1,-1
215,-1,1202.74,444.98,35.44,101.49,0.1426,-1,-1,-1
215,-1,1887.11,426.58,32.18,204.08,0.1328,-1,-1,-1
215,-1,1303.03,423.64,36.39,121.14,0.1207,-1,-1,-1
215,-1,1677.00,431.22,94.42,161.91,0.1006,-1,-1,-1
216,-1,881.44,428.94,125.62,391.12,0.8816,-1,-1,-1
216,-1,1023.86,446.89,160.86,324.45,0.8579,-1,-1,-1
216,-1,684.31,411.45,187.09,583.65,0.8430,-1,-1,-1
216,-1,594.88,457.35,68.36,165.69,0.6847,-1,-1,-1
216,-1,1119.31,427.28,83.41,305.13,0.5674,-1,-1,-1
216,-1,1830.82,472.52,75.96,170.87,0.4113,-1,-1,-1
216,-1,507.94,444.14,42.75,117.58,0.3522,-1,-1,-1
216,-1,1030.37,428.71,47.15,104.61,0.2934,-1,-1,-1
216,-1,1669.30,417.55,111.01,218.77,0.2897,-1,-1,-1
216,-1,1201.52,439.96,40.82,111.81,0.2885,-1,-1,-1
216,-1,1876.02,395.00,43.25,255.81,0.2720,-1,-1,-1
216,-1,1118.88,427.90,67.81,201.58,0.1638,-1,-1,-1
216,-1,1889.12,423.52,30.04,209.99,0.1376,-1,-1,-1
216,-1,1664.55,440.79,47.80,147.79,0.1226,-1,-1,-1
216,-1,310.37,457.41,41.27,111.87,0.1212,-1,-1,-1
216,-1,1894.68,442.95,24.64,205.01,0.1162,-1,-1,-1
216,-1,1302.96,423.57,36.65,121.97,0.1160,-1,-1,-1
216,-1,1856.35,449.77,63.23,204.47,0.1106,-1,-1,-1
216,-1,440.57,469.46,39.90,97.00,0.1061,-1,-1,-1
216,-1,518.74,442.87,39.93,119.23,0.1001,-1,-1,-1
217,-1,882.48,428.53,125.60,395.88,0.8836,-1,-1,-1
217,-1,684.29,410.82,189.50,584.33,0.8568,-1,-1,-1
217,-1,1025.81,446.28,162.26,324.76,0.8081,-1,-1,-1
217,-1,594.54,457.09,69.83,165.12,0.6814,-1,-1,-1
217,-1,1123.62,428.65,73.86,312.55,0.4899,-1,-1,-1
217,-1,1830.06,472.75,76.20,170.12,0.3697,-1,-1,-1
217,-1,508.86,444.71,42.18,116.81,0.3664,-1,-1,-1
217,-1,1203.45,438.97,39.11,110.86,0.3432,-1,-1,-1
217,-1,1669.28,415.58,110.41,221.09,0.3236,-1,-1,-1
217,-1,1034.18,431.52,50.23,106.81,0.2784,-1,-1,-1
217,-1,1869.25,388.75,50.29,259.10,0.2747,-1,-1,-1
217,-1,1302.39,423.36,37.36,122.75,0.2207,-1,-1,-1
217,-1,1126.62,429.82,60.91,209.04,0.1552,-1,-1,-1
217,-1,437.77,469.19,42.82,102.38,0.1535,-1,-1,-1
217,-1,1030.16,432.41,55.19,143.30,0.1477,-1,-1,-1
217,-1,1855.28,417.59,64.29,237.56,0.1344,-1,-1,-1
217,-1,1889.16,420.47,29.98,217.48,0.1319,-1,-1,-1
217,-1,310.54,456.56,41.76,112.90,0.1303,-1,-1,-1
217,-1,1666.12,439.81,45.79,147.12,0.1268,-1,-1,-1
217,-1,1080.92,442.22,114.96,325.17,0.1164,-1,-1,-1
217,-1,518.48,443.65,40.90,117.56,0.1111,-1,-1,-1
218,-1,883.94,428.28,126.58,395.40,0.8764,-1,-1,-1
218,-1,689.52,410.50,191.57,585.51,0.8407,-1,-1,-1
218,-1,1030.49,448.43,159.91,321.61,0.8328,-1,-1,-1
218,-1,597.06,456.93,65.68,163.69,0.6430,-1,-1,-1
218,-1,1202.35,443.56,41.58,108.08,0.4821,-1,-1,-1
218,-1,1829.70,472.77,75.35,169.67,0.4102,-1,-1,-1
218,-1,1670.87,416.86,110.24,219.98,0.3905,-1,-1,-1
218,-1,507.64,445.07,42.72,116.51,0.3800,-1,-1,-1
218,-1,1037.02,431.88,51.73,110.78,0.3429,-1,-1,-1
218,-1,1133.49,434.10,60.33,278.51,0.3163,-1,-1,-1
218,-1,1871.39,389.77,48.14,257.58,0.2498,-1,-1,-1
218,-1,1302.41,423.86,37.18,122.33,0.2203,-1,-1,-1
218,-1,1134.62,433.01,56.87,184.16,0.2167,-1,-1,-1
218,-1,1887.98,434.44,31.13,202.83,0.1316,-1,-1,-1
218,-1,1030.73,428.98,58.01,162.06,0.1237,-1,-1,-1
218,-1,1858.09,451.22,61.46,203.62,0.1200,-1,-1,-1
218,-1,434.56,470.63,45.56,96.10,0.1192,-1,-1,-1
218,-1,1893.58,457.70,25.70,195.01,0.1175,-1,-1,-1
218,-1,1850.69,491.85,52.40,160.14,0.1059,-1,-1,-1
218,-1,310.94,455.60,41.52,113.90,0.1037,-1,-1,-1
219,-1,886.59,428.21,130.60,395.44,0.8776,-1,-1,-1
219,-1,1034.52,444.36,151.25,328.56,0.8281,-1,-1,-1
219,-1,693.25,408.33,192.73,586.53,0.8225,-1,-1,-1
219,-1,596.32,459.99,65.19,162.70,0.6486,-1,-1,-1
219,-1,1670.31,415.53,110.85,221.34,0.4218,-1,-1,-1
219,-1,1830.81,473.31,74.53,169.63,0.4169,-1,-1,-1
219,-1,1205.28,440.68,39.43,110.94,0.4142,-1,-1,-1
219,-1,507.90,444.18,42.30,117.55,0.4082,-1,-1,-1
219,-1,1037.32,432.52,53.21,132.78,0.3425,-1,-1,-1
219,-1,1876.47,394.48,42.81,255.47,0.2488,-1,-1,-1
219,-1,1137.59,431.85,59.00,222.06,0.2334,-1,-1,-1
219,-1,1302.56,425.02,36.62,121.06,0.1895,-1,-1,-1
219,-1,1140.37,431.72,57.83,311.71,0.1469,-1,-1,-1
219,-1,427.59,468.45,52.52,103.34,0.1371,-1,-1,-1
219,-1,1857.90,461.49,61.65,193.39,0.1342,-1,-1,-1
219,-1,1888.41,438.93,30.67,195.18,0.1199,-1,-1,-1
219,-1,1666.57,439.37,44.39,145.75,0.1055,-1,-1,-1
220,-1,888.08,429.23,129.57,401.83,0.8569,-1,-1,-1
220,-1,1040.62,442.11,148.89,330.55,0.8115,-1,-1,-1
220,-1,695.25,408.50,199.80,588.00,0.8068,-1,-1,-1
220,-1,596.75,457.86,63.33,163.87,0.6014,-1,-1,-1
220,-1,508.45,443.95,41.62,117.76,0.3969,-1,-1,-1
220,-1,1671.19,418.20,109.91,218.33,0.3896,-1,-1,-1
220,-1,1832.15,473.05,73.39,170.36,0.3759,-1,-1,-1
220,-1,1209.32,448.82,38.05,103.64,0.3330,-1,-1,-1
220,-1,1038.07,433.19,54.23,127.78,0.2818,-1,-1,-1
220,-1,1874.94,393.26,44.34,258.63,0.2426,-1,-1,-1
220,-1,1302.98,426.03,35.90,120.14,0.1731,-1,-1,-1
220,-1,1855.78,462.27,63.78,193.34,0.1650,-1,-1,-1
220,-1,1850.58,482.32,53.11,169.97,0.1425,-1,-1,-1
220,-1,436.25,468.57,42.70,101.06,0.1241,-1,-1,-1
220,-1,1891.49,445.76,27.86,208.59,0.1124,-1,-1,-1
220,-1,1666.97,440.09,43.01,145.83,0.1050,-1,-1,-1
221,-1,894.21,430.25,126.60,408.44,0.8551,-1,-1,-1
221,-1,1053.02,440.55,135.61,330.62,0.8015,-1,-1,-1
221,-1,697.53,409.10,196.25,584.83,0.7978,-1,-1,-1
221,-1,599.28,456.98,60.90,163.10,0.6348,-1,-1,-1
221,-1,1670.03,411.19,110.73,225.51,0.4053,-1,-1,-1
221,-1,508.57,443.52,40.72,118.84,0.3974,-1,-1,-1
221,-1,1148.84,431.92,64.26,312.36,0.3899,-1,-1,-1
221,-1,1830.26,473.49,72.89,168.55,0.3826,-1,-1,-1
221,-1,1207.32,450.44,42.39,102.36,0.3145,-1,-1,-1
221,-1,1039.78,435.75,54.14,134.52,0.2797,-1,-1,-1
221,-1,1869.88,389.42,49.65,257.01,0.2522,-1,-1,-1
221,-1,1849.64,475.82,54.66,175.35,0.2407,-1,-1,-1
221,-1,1158.24,435.86,78.23,289.58,0.1788,-1,-1,-1
221,-1,1203.26,459.80,35.18,94.98,0.1556,-1,-1,-1
221,-1,1886.27,419.38,32.86,218.40,0.1327,-1,-1,-1
221,-1,1857.50,437.43,62.04,216.83,0.1214,-1,-1,-1
221,-1,432.77,466.76,45.77,102.96,0.1075,-1,-1,-1
221,-1,1893.40,443.89,25.94,206.21,0.1068,-1,-1,-1
222,-1,894.32,428.19,127.15,398.39,0.8670,-1,-1,-1
222,-1,1066.80,443.74,128.22,326.40,0.8145,-1,-1,-1
222,-1,701.02,408.50,233.41,585.59,0.7755,-1,-1,-1
222,-1,602.04,460.61,58.12,160.16,0.6349,-1,-1,-1
222,-1,508.84,443.68,41.33,119.40,0.4788,-1,-1,-1
222,-1,1156.03,435.95,71.06,306.13,0.3785,-1,-1,-1
222,-1,1828.17,473.03,75.91,169.40,0.3418,-1,-1,-1
222,-1,1868.80,389.53,50.74,255.32,0.2931,-1,-1,-1
222,-1,1669.44,412.90,111.67,223.57,0.2607,-1,-1,-1
222,-1,1850.64,476.49,54.80,175.26,0.1781,-1,-1,-1
222,-1,1883.24,409.58,35.95,227.16,0.1668,-1,-1,-1
222,-1,1156.91,433.09,96.12,294.73,0.1570,-1,-1,-1
222,-1,1039.14,434.22,56.85,149.39,0.1496,-1,-1,-1
222,-1,1209.18,453.99,43.38,98.27,0.1414,-1,-1,-1
222,-1,1664.69,439.08,46.20,147.29,0.1139,-1,-1,-1
222,-1,433.97,467.43,44.07,102.66,0.1112,-1,-1,-1
222,-1,1302.39,421.91,39.84,123.40,0.1084,-1,-1,-1
222,-1,1888.03,445.93,31.21,203.75,0.1060,-1,-1,-1
222,-1,1856.06,450.33,63.51,204.19,0.1004,-1,-1,-1
223,-1,896.84,429.14,128.23,399.55,0.8662,-1,-1,-1
223,-1,710.63,407.54,253.55,588.82,0.8436,-1,-1,-1
223,-1,1081.76,442.64,117.25,333.02,0.8118,-1,-1,-1
223,-1,603.05,459.93,58.99,162.62,0.6910,-1,-1,-1
223,-1,508.94,443.94,40.73,119.36,0.4949,-1,-1,-1
223,-1,1214.57,448.14,37.94,100.49,0.3339,-1,-1,-1
223,-1,1841.79,464.85,67.19,185.87,0.2836,-1,-1,-1
223,-1,1043.17,434.20,51.84,145.22,0.2711,-1,-1,-1
223,-1,1876.44,392.14,42.86,258.14,0.2675,-1,-1,-1
223,-1,1173.41,437.50,62.71,290.90,0.2396,-1,-1,-1
223,-1,1669.18,418.11,112.20,217.55,0.2105,-1,-1,-1
223,-1,1301.33,420.95,40.19,124.94,0.1663,-1,-1,-1
223,-1,431.13,469.42,46.79,102.21,0.1596,-1,-1,-1
223,-1,1136.42,435.47,81.05,336.48,0.1309,-1,-1,-1
223,-1,1886.99,411.83,32.16,225.25,0.1299,-1,-1,-1
223,-1,1664.16,446.29,46.18,141.95,0.1262,-1,-1,-1
223,-1,1854.47,458.78,65.07,195.73,0.1188,-1,-1,-1
223,-1,1837.80,472.79,59.34,150.59,0.1121,-1,-1,-1
223,-1,1163.21,434.06,58.51,318.45,0.1036,-1,-1,-1
223,-1,515.84,443.76,43.51,120.28,0.1020,-1,-1,-1
224,-1,898.64,429.62,128.50,400.10,0.8551,-1,-1,-1
224,-1,713.67,409.27,264.28,587.06,0.8354,-1,-1,-1
224,-1,1094.81,439.39,103.85,339.64,0.7606,-1,-1,-1
224,-1,603.04,456.96,60.18,166.46,0.6955,-1,-1,-1
224,-1,508.97,443.40,40.84,119.56,0.4624,-1,-1,-1
224,-1,1876.48,392.94,42.83,255.65,0.3116,-1,-1,-1
224,-1,1827.29,472.34,80.32,168.85,0.2554,-1,-1,-1
224,-1,1045.90,434.90,51.12,145.33,0.2523,-1,-1,-1
224,-1,1669.40,414.23,112.11,222.39,0.2205,-1,-1,-1
224,-1,1171.43,436.96,63.98,291.41,0.1909,-1,-1,-1
224,-1,1217.78,451.00,34.41,99.85,0.1837,-1,-1,-1
224,-1,1665.34,436.59,47.66,150.12,0.1345,-1,-1,-1
224,-1,1854.76,459.13,64.82,195.43,0.1304,-1,-1,-1
224,-1,1167.10,422.09,54.82,176.88,0.1277,-1,-1,-1
224,-1,1201.10,431.49,42.82,305.06,0.1243,-1,-1,-1
224,-1,432.00,468.82,45.35,101.73,0.1221,-1,-1,-1
224,-1,1301.97,421.59,39.34,124.49,0.1110,-1,-1,-1
224,-1,1674.41,429.16,99.91,158.06,0.1020,-1,-1,-1
225,-1,901.44,429.30,128.29,410.15,0.8490,-1,-1,-1
225,-1,717.72,409.51,276.59,586.47,0.8180,-1,-1,-1
225,-1,1102.46,437.20,104.33,341.75,0.7813,-1,-1,-1
225,-1,604.34,458.04,58.69,165.80,0.7018,-1,-1,-1
225,-1,509.35,444.48,42.11,118.76,0.4860,-1,-1,-1
225,-1,1667.88,423.34,112.12,213.85,0.3197,-1,-1,-1
225,-1,1833.30,462.21,76.31,189.53,0.3159,-1,-1,-1
225,-1,1877.19,391.55,42.10,261.02,0.2888,-1,-1,-1
225,-1,1861.16,381.70,58.41,267.42,0.2614,-1,-1,-1
225,-1,1174.08,428.37,62.68,309.93,0.2193,-1,-1,-1
225,-1,1045.76,439.15,49.86,149.75,0.2058,-1,-1,-1
225,-1,1220.98,454.58,32.81,95.42,0.2044,-1,-1,-1
225,-1,1664.85,438.24,52.79,148.70,0.1742,-1,-1,-1
225,-1,429.78,472.38,46.18,98.08,0.1599,-1,-1,-1
225,-1,1887.73,407.12,31.43,229.56,0.1421,-1,-1,-1
225,-1,1669.87,432.41,98.72,154.40,0.1189,-1,-1,-1
225,-1,1852.72,460.61,66.83,194.03,0.1003,-1,-1,-1
226,-1,902.28,429.62,134.07,411.35,0.8305,-1,-1,-1
226,-1,728.54,406.73,280.70,589.51,0.8239,-1,-1,-1
226,-1,1107.40,439.16,94.21,345.04,0.7860,-1,-1,-1
226,-1,605.02,460.39,59.89,166.40,0.6996,-1,-1,-1
226,-1,1174.72,427.15,66.23,304.08,0.5538,-1,-1,-1
226,-1,1669.72,423.42,110.26,213.46,0.4738,-1,-1,-1
226,-1,509.04,443.80,41.95,119.23,0.3688,-1,-1,-1
226,-1,1833.74,467.61,73.21,183.73,0.2984,-1,-1,-1
226,-1,1872.03,387.66,47.50,257.64,0.2972,-1,-1,-1
226,-1,1665.90,437.91,51.98,148.92,0.1680,-1,-1,-1
226,-1,428.35,470.87,47.33,100.41,0.1464,-1,-1,-1
226,-1,1886.39,404.66,32.80,232.92,0.1447,-1,-1,-1
226,-1,1301.72,421.60,41.39,124.88,0.1327,-1,-1,-1
226,-1,1046.72,435.91,48.75,151.01,0.1207,-1,-1,-1
226,-1,1671.15,432.84,94.66,157.57,0.1121,-1,-1,-1
227,-1,904.07,429.32,131.12,409.86,0.8353,-1,-1,-1
227,-1,1113.95,441.67,90.67,342.14,0.8184,-1,-1,-1
227,-1,731.33,407.52,295.65,587.43,0.7828,-1,-1,-1
227,-1,607.78,458.23,55.91,167.12,0.6916,-1,-1,-1
227,-1,1176.77,426.89,68.98,304.92,0.5375,-1,-1,-1
227,-1,509.00,442.76,42.01,120.92,0.3955,-1,-1,-1
227,-1,1668.15,409.08,111.58,226.58,0.3652,-1,-1,-1
227,-1,1124.49,429.46,123.81,332.56,0.3523,-1,-1,-1
227,-1,1828.87,475.50,77.92,167.18,0.3260,-1,-1,-1
227,-1,1873.83,395.11,45.51,252.51,0.3115,-1,-1,-1
227,-1,1302.86,420.32,39.63,126.45,0.1985,-1,-1,-1
227,-1,1179.29,431.77,63.78,194.26,0.1046,-1,-1,-1
228,-1,1115.70,440.86,92.94,349.16,0.8287,-1,-1,-1
228,-1,905.42,426.79,132.81,414.94,0.8212,-1,-1,-1
228,-1,740.17,407.43,292.51,588.31,0.8133,-1,-1,-1
228,-1,611.28,461.31,53.20,163.88,0.6573,-1,-1,-1
228,-1,1183.76,428.42,67.49,300.30,0.5404,-1,-1,-1
228,-1,507.73,443.06,43.86,120.83,0.4425,-1,-1,-1
228,-1,1668.70,411.75,111.07,225.48,0.3356,-1,-1,-1
228,-1,1827.67,475.71,77.63,166.04,0.3080,-1,-1,-1
228,-1,1874.55,395.02,44.80,251.81,0.3029,-1,-1,-1
228,-1,1303.47,424.09,38.40,122.02,0.1618,-1,-1,-1
228,-1,1884.03,411.55,35.19,223.02,0.1467,-1,-1,-1
228,-1,426.26,475.86,50.45,98.88,0.1449,-1,-1,-1
228,-1,1186.22,429.14,69.31,205.92,0.1246,-1,-1,-1
228,-1,673.58,472.86,53.52,130.56,0.1037,-1,-1,-1
229,-1,904.85,426.75,134.56,419.56,0.8172,-1,-1,-1
229,-1,743.91,409.75,290.80,586.13,0.8091,-1,-1,-1
229,-1,1115.35,438.86,102.29,345.50,0.8084,-1,-1,-1
229,-1,611.93,460.29,53.73,166.75,0.7069,-1,-1,-1
229,-1,507.84,443.51,43.00,120.47,0.4391,-1,-1,-1
229,-1,1190.54,434.08,72.52,171.71,0.3732,-1,-1,-1
229,-1,1872.92,393.71,46.41,248.67,0.3484,-1,-1,-1
229,-1,1667.22,408.88,112.31,228.35,0.2956,-1,-1,-1
229,-1,1827.76,467.41,88.62,183.96,0.2845,-1,-1,-1
229,-1,1190.00,427.77,71.26,270.37,0.2682,-1,-1,-1
229,-1,425.09,477.61,50.79,96.07,0.1446,-1,-1,-1
229,-1,1302.90,422.87,38.92,122.62,0.1335,-1,-1,-1
229,-1,1833.12,476.15,65.55,147.93,0.1319,-1,-1,-1
229,-1,473.94,447.75,37.57,111.62,0.1192,-1,-1,-1
230,-1,906.43,426.50,136.52,421.26,0.8111,-1,-1,-1
230,-1,757.22,411.38,278.31,585.27,0.7864,-1,-1,-1
230,-1,1120.18,446.27,106.93,338.32,0.7805,-1,-1,-1
230,-1,612.54,453.40,54.81,173.50,0.6952,-1,-1,-1
230,-1,1190.74,427.20,76.58,186.03,0.5739,-1,-1,-1
230,-1,508.72,443.46,42.09,119.88,0.4215,-1,-1,-1
230,-1,1829.92,473.74,78.79,168.54,0.3346,-1,-1,-1
230,-1,1667.24,408.06,112.57,228.61,0.3326,-1,-1,-1
230,-1,1874.94,393.97,44.39,248.74,0.3280,-1,-1,-1
230,-1,424.74,477.51,50.80,96.19,0.2034,-1,-1,-1
230,-1,1191.62,426.67,73.89,311.41,0.1824,-1,-1,-1
230,-1,744.45,433.33,84.32,165.34,0.1470,-1,-1,-1
230,-1,1302.85,422.57,39.19,123.43,0.1316,-1,-1,-1
230,-1,1050.06,438.53,59.84,145.79,0.1073,-1,-1,-1
231,-1,1127.28,443.08,122.98,346.78,0.8413,-1,-1,-1
231,-1,911.64,426.19,127.64,421.40,0.7872,-1,-1,-1
231,-1,765.11,412.53,272.49,586.38,0.7042,-1,-1,-1
231,-1,612.52,457.51,57.47,170.43,0.6950,-1,-1,-1
231,-1,1196.53,429.26,73.86,174.13,0.5640,-1,-1,-1
231,-1,510.54,443.57,40.47,119.47,0.3594,-1,-1,-1
231,-1,1832.95,460.63,74.38,190.71,0.3557,-1,-1,-1
231,-1,1875.53,393.74,43.82,257.47,0.3046,-1,-1,-1
231,-1,1668.34,411.95,111.37,224.10,0.2643,-1,-1,-1
231,-1,1124.93,439.82,119.92,167.71,0.2007,-1,-1,-1
231,-1,425.78,477.53,50.20,96.56,0.1733,-1,-1,-1
231,-1,747.47,434.83,82.81,206.59,0.1693,-1,-1,-1
231,-1,713.14,429.62,130.12,356.77,0.1445,-1,-1,-1
231,-1,744.86,432.90,87.33,350.05,0.1214,-1,-1,-1
231,-1,1051.40,434.55,56.28,150.50,0.1204,-1,-1,-1
231,-1,474.46,452.96,36.46,106.78,0.1155,-1,-1,-1
231,-1,1889.15,437.81,30.11,213.80,0.1138,-1,-1,-1
231,-1,1302.36,421.15,40.32,124.30,0.1133,-1,-1,-1
231,-1,1867.22,456.10,50.85,189.47,0.1084,-1,-1,-1
231,-1,1663.71,438.38,47.49,148.46,0.1011,-1,-1,-1
232,-1,1131.53,446.55,128.75,346.53,0.7944,-1,-1,-1
232,-1,913.66,425.99,129.42,418.14,0.7910,-1,-1,-1
232,-1,770.45,412.76,271.24,585.60,0.7708,-1,-1,-1
232,-1,613.40,452.71,58.67,174.79,0.6636,-1,-1,-1
232,-1,1205.19,430.33,68.11,175.82,0.5191,-1,-1,-1
232,-1,509.08,445.27,41.50,117.52,0.3901,-1,-1,-1
232,-1,1832.82,458.45,75.66,192.78,0.3864,-1,-1,-1
232,-1,1868.06,387.12,51.48,258.68,0.2483,-1,-1,-1
232,-1,422.91,477.76,52.14,95.82,0.1972,-1,-1,-1
232,-1,1667.62,414.28,112.87,221.51,0.1810,-1,-1,-1
232,-1,1056.73,436.05,59.08,151.01,0.1791,-1,-1,-1
232,-1,749.29,433.85,86.27,160.31,0.1685,-1,-1,-1
232,-1,712.04,431.85,135.03,357.20,0.1522,-1,-1,-1
232,-1,1886.97,412.40,32.07,225.53,0.1364,-1,-1,-1
232,-1,1836.10,473.16,62.05,157.96,0.1155,-1,-1,-1
232,-1,745.36,433.12,92.59,338.28,0.1136,-1,-1,-1
232,-1,1118.96,438.79,32.05,107.38,0.1100,-1,-1,-1
232,-1,1891.01,450.67,28.18,198.87,0.1025,-1,-1,-1
233,-1,1131.52,445.98,138.06,348.10,0.8213,-1,-1,-1
233,-1,919.27,428.82,131.93,412.88,0.8154,-1,-1,-1
233,-1,769.02,417.56,270.95,581.88,0.7825,-1,-1,-1
233,-1,614.13,451.02,60.74,175.83,0.6780,-1,-1,-1
233,-1,1210.18,432.25,68.82,173.35,0.5379,-1,-1,-1
233,-1,508.76,443.32,40.38,119.63,0.4266,-1,-1,-1
233,-1,1833.75,459.18,73.28,191.64,0.3670,-1,-1,-1
233,-1,1875.65,391.74,43.66,257.47,0.2941,-1,-1,-1
233,-1,1848.48,475.38,55.97,175.76,0.2228,-1,-1,-1
233,-1,1060.68,437.88,56.94,151.56,0.2123,-1,-1,-1
233,-1,723.89,434.79,127.10,359.31,0.1909,-1,-1,-1
233,-1,1668.08,414.13,112.11,221.77,0.1848,-1,-1,-1
233,-1,1886.08,404.91,33.05,230.39,0.1792,-1,-1,-1
233,-1,1118.29,439.30,33.17,107.41,0.1641,-1,-1,-1
233,-1,423.76,478.25,49.63,95.03,0.1614,-1,-1,-1
233,-1,716.88,430.18,180.75,430.15,0.1356,-1,-1,-1
233,-1,1851.95,396.38,67.56,257.91,0.1139,-1,-1,-1
233,-1,682.09,491.76,43.22,106.51,0.1131,-1,-1,-1
233,-1,1892.27,437.24,26.97,210.23,0.1131,-1,-1,-1
233,-1,749.89,434.57,94.25,171.84,0.1118,-1,-1,-1
233,-1,1664.89,438.80,50.62,147.89,0.1073,-1,-1,-1
233,-1,720.07,474.48,43.54,98.72,0.1055,-1,-1,-1
234,-1,1131.32,444.38,139.93,353.24,0.8177,-1,-1,-1
234,-1,920.64,427.69,133.53,410.93,0.8148,-1,-1,-1
234,-1,776.59,418.88,265.72,580.45,0.7638,-1,-1,-1
234,-1,614.65,451.50,61.02,175.47,0.6443,-1,-1,-1
234,-1,508.56,441.85,40.52,120.87,0.4221,-1,-1,-1
234,-1,1212.64,432.11,73.22,171.53,0.3948,-1,-1,-1
234,-1,1832.12,460.07,75.86,191.37,0.3614,-1,-1,-1
234,-1,723.36,437.07,159.86,425.90,0.3585,-1,-1,-1
234,-1,1874.55,393.85,44.76,255.39,0.2582,-1,-1,-1
234,-1,1847.54,475.11,57.32,176.92,0.2166,-1,-1,-1
234,-1,1063.02,440.00,62.44,151.92,0.2013,-1,-1,-1
234,-1,1213.39,432.58,72.71,306.76,0.2012,-1,-1,-1
234,-1,733.56,436.47,120.82,370.97,0.1874,-1,-1,-1
234,-1,1667.89,414.41,111.75,220.36,0.1714,-1,-1,-1
234,-1,1885.53,410.16,33.64,225.50,0.1551,-1,-1,-1
234,-1,1665.16,438.27,46.71,148.45,0.1492,-1,-1,-1
234,-1,753.93,436.11,94.24,172.98,0.1275,-1,-1,-1
234,-1,680.17,487.70,47.99,117.31,0.1194,-1,-1,-1
234,-1,422.43,476.91,47.18,94.33,0.1096,-1,-1,-1
234,-1,1892.52,446.42,26.74,201.56,0.1071,-1,-1,-1
234,-1,720.57,469.85,44.37,95.05,0.1055,-1,-1,-1
234,-1,474.77,455.22,36.03,103.62,0.1043,-1,-1,-1
234,-1,1835.58,473.50,62.78,154.61,0.1002,-1,-1,-1
235,-1,1131.69,443.08,145.65,359.65,0.8260,-1,-1,-1
235,-1,923.63,427.36,131.01,410.22,0.7735,-1,-1,-1
235,-1,777.69,421.92,265.70,576.21,0.7684,-1,-1,-1
235,-1,615.92,453.34,60.99,173.21,0.6580,-1,-1,-1
235,-1,1833.91,456.61,76.37,194.99,0.4432,-1,-1,-1
235,-1,732.47,434.22,150.02,429.69,0.4095,-1,-1,-1
235,-1,508.29,441.09,40.08,122.26,0.4040,-1,-1,-1
235,-1,1217.12,430.42,72.48,180.55,0.3770,-1,-1,-1
235,-1,1871.70,387.50,47.83,255.99,0.2472,-1,-1,-1
235,-1,1062.46,441.97,64.34,152.22,0.1835,-1,-1,-1
235,-1,1882.65,416.06,36.42,221.80,0.1595,-1,-1,-1
235,-1,1216.64,429.75,73.04,274.53,0.1567,-1,-1,-1
235,-1,1116.54,442.28,35.74,106.28,0.1546,-1,-1,-1
235,-1,1825.62,473.94,65.85,167.92,0.1524,-1,-1,-1
235,-1,1666.55,412.05,112.14,221.55,0.1512,-1,-1,-1
235,-1,1664.84,437.93,46.77,148.91,0.1455,-1,-1,-1
235,-1,754.28,435.15,101.02,187.93,0.1443,-1,-1,-1
235,-1,423.72,474.19,41.06,95.89,0.1395,-1,-1,-1
235,-1,708.58,476.28,60.88,162.88,0.1341,-1,-1,-1
235,-1,708.21,437.31,153.98,399.10,0.1332,-1,-1,-1
235,-1,1888.87,447.02,30.36,203.01,0.1263,-1,-1,-1
235,-1,677.22,488.16,50.17,115.02,0.1126,-1,-1,-1
235,-1,474.93,453.66,34.91,104.97,0.1126,-1,-1,-1
235,-1,720.39,474.57,45.57,90.58,0.1103,-1,-1,-1
235,-1,1304.20,424.09,38.67,120.43,0.1006,-1,-1,-1
235,-1,1864.45,461.43,52.18,183.09,0.1002,-1,-1,-1
236,-1,1134.71,444.06,148.41,357.74,0.8151,-1,-1,-1
236,-1,782.67,420.85,260.77,576.49,0.7560,-1,-1,-1
236,-1,931.37,426.37,126.59,411.59,0.7099,-1,-1,-1
236,-1,619.96,456.31,56.32,172.18,0.6430,-1,-1,-1
236,-1,1834.79,459.90,72.19,192.12,0.4033,-1,-1,-1
236,-1,507.24,439.01,40.26,124.37,0.3905,-1,-1,-1
236,-1,737.86,435.29,132.45,430.91,0.3636,-1,-1,-1
236,-1,1226.00,429.40,68.35,181.12,0.2797,-1,-1,-1
236,-1,1872.31,388.04,47.21,255.47,0.2659,-1,-1,-1
236,-1,1064.44,441.42,61.89,152.82,0.2524,-1,-1,-1
236,-1,1666.46,411.17,113.11,224.58,0.2397,-1,-1,-1
236,-1,1825.87,474.85,69.15,167.78,0.1666,-1,-1,-1
236,-1,1304.60,423.32,37.81,121.69,0.1465,-1,-1,-1
236,-1,1118.38,444.58,35.86,104.35,0.1419,-1,-1,-1
236,-1,677.77,486.57,48.55,114.64,0.1373,-1,-1,-1
236,-1,1884.35,423.23,34.82,214.66,0.1353,-1,-1,-1
236,-1,1664.60,436.47,47.26,150.85,0.1352,-1,-1,-1
236,-1,721.28,470.05,48.17,95.18,0.1236,-1,-1,-1
236,-1,422.69,473.62,39.33,96.64,0.1162,-1,-1,-1
236,-1,1895.82,441.10,23.52,210.80,0.1127,-1,-1,-1
236,-1,755.43,437.00,103.88,348.93,0.1029,-1,-1,-1
237,-1,1136.87,445.40,147.56,357.21,0.8143,-1,-1,-1
237,-1,792.85,423.74,248.50,574.20,0.8009,-1,-1,-1
237,-1,620.65,451.79,57.52,179.41,0.6267,-1,-1,-1
237,-1,936.04,425.84,123.91,405.80,0.5683,-1,-1,-1
237,-1,754.70,433.02,126.92,433.58,0.4476,-1,-1,-1
237,-1,506.72,439.37,40.28,123.49,0.4342,-1,-1,-1
237,-1,1834.52,459.52,71.93,192.68,0.3764,-1,-1,-1
237,-1,1232.85,424.53,68.53,191.31,0.3660,-1,-1,-1
237,-1,1871.37,388.74,48.15,257.45,0.3187,-1,-1,-1
237,-1,1065.74,440.48,60.32,154.12,0.2664,-1,-1,-1
237,-1,1305.00,421.17,37.79,123.29,0.1925,-1,-1,-1
237,-1,1825.80,474.97,63.04,168.18,0.1923,-1,-1,-1
237,-1,1665.43,411.58,113.75,213.68,0.1756,-1,-1,-1
237,-1,757.43,437.12,103.89,189.67,0.1714,-1,-1,-1
237,-1,1114.19,443.10,36.56,105.83,0.1537,-1,-1,-1
237,-1,1895.19,427.85,24.16,226.25,0.1387,-1,-1,-1
237,-1,757.76,436.39,101.89,298.41,0.1263,-1,-1,-1
237,-1,1663.21,437.50,48.43,150.16,0.1186,-1,-1,-1
237,-1,677.47,485.20,49.09,114.29,0.1184,-1,-1,-1
237,-1,1231.27,424.59,67.65,340.84,0.1079,-1,-1,-1
237,-1,712.28,478.59,57.49,164.84,0.1069,-1,-1,-1
237,-1,720.42,476.54,49.12,96.82,0.1001,-1,-1,-1
238,-1,1140.43,444.42,143.12,358.43,0.8082,-1,-1,-1
238,-1,790.58,410.15,252.65,587.20,0.8052,-1,-1,-1
238,-1,623.86,457.22,53.03,173.97,0.6603,-1,-1,-1
238,-1,943.33,422.69,120.07,421.12,0.5506,-1,-1,-1
238,-1,506.56,441.74,40.30,120.76,0.4404,-1,-1,-1
238,-1,736.23,436.26,134.41,425.45,0.4119,-1,-1,-1
238,-1,1833.97,460.27,72.49,192.33,0.4085,-1,-1,-1
238,-1,1234.49,427.88,70.31,190.34,0.3077,-1,-1,-1
238,-1,1873.04,388.66,46.49,258.09,0.2866,-1,-1,-1
238,-1,1236.55,429.95,67.03,311.71,0.2582,-1,-1,-1
238,-1,1169.46,437.99,126.50,347.49,0.2574,-1,-1,-1
238,-1,1666.12,410.12,112.89,223.10,0.2404,-1,-1,-1
238,-1,1067.46,443.73,58.60,150.27,0.2374,-1,-1,-1
238,-1,760.84,438.23,102.62,184.39,0.1818,-1,-1,-1
238,-1,669.80,473.27,50.69,133.75,0.1691,-1,-1,-1
238,-1,1825.79,474.62,65.41,168.74,0.1672,-1,-1,-1
238,-1,1115.52,444.43,35.63,103.94,0.1527,-1,-1,-1
238,-1,1304.35,418.69,37.74,125.37,0.1458,-1,-1,-1
238,-1,1895.64,434.75,23.69,218.26,0.1373,-1,-1,-1
238,-1,1663.19,439.81,46.88,147.49,0.1344,-1,-1,-1
238,-1,1883.56,420.21,35.62,221.87,0.1334,-1,-1,-1
238,-1,680.59,472.35,50.52,127.19,0.1261,-1,-1,-1
238,-1,722.85,470.13,50.05,104.96,0.1083,-1,-1,-1
238,-1,762.09,437.32,101.21,322.41,0.1051,-1,-1,-1
238,-1,567.39,457.46,27.88,64.95,0.1025,-1,-1,-1
239,-1,801.10,417.42,242.53,578.52,0.8030,-1,-1,-1
239,-1,1153.59,442.64,128.78,360.25,0.7551,-1,-1,-1
239,-1,716.75,435.36,151.53,430.84,0.7005,-1,-1,-1
239,-1,625.55,456.73,65.78,174.78,0.6265,-1,-1,-1
239,-1,506.22,441.42,40.27,120.96,0.4433,-1,-1,-1
239,-1,945.82,423.86,120.82,423.32,0.4419,-1,-1,-1
239,-1,1834.36,459.76,72.05,193.08,0.4366,-1,-1,-1
239,-1,1666.84,409.30,112.61,225.68,0.2887,-1,-1,-1
239,-1,1873.08,388.47,46.45,258.54,0.2611,-1,-1,-1
239,-1,1239.81,432.73,65.48,340.62,0.2475,-1,-1,-1
239,-1,1115.37,443.27,35.96,105.68,0.2012,-1,-1,-1
239,-1,1068.70,448.70,57.06,145.31,0.1987,-1,-1,-1
239,-1,1825.79,474.28,64.89,169.69,0.1720,-1,-1,-1
239,-1,1895.17,440.59,24.15,212.63,0.1466,-1,-1,-1
239,-1,671.55,475.05,45.34,125.74,0.1444,-1,-1,-1
239,-1,1304.70,418.01,37.35,127.39,0.1342,-1,-1,-1
239,-1,1883.47,431.03,35.72,211.31,0.1268,-1,-1,-1
239,-1,1664.43,438.95,43.48,147.61,0.1252,-1,-1,-1
239,-1,711.04,445.30,79.45,419.13,0.1069,-1,-1,-1
239,-1,715.51,469.75,60.88,141.58,0.1043,-1,-1,-1
239,-1,723.56,467.62,53.14,109.80,0.1014,-1,-1,-1
239,-1,764.14,437.99,104.63,189.10,0.1014,-1,-1,-1
239,-1,1238.56,424.55,69.72,197.66,0.1001,-1,-1,-1
240,-1,805.57,415.43,236.29,581.48,0.8296,-1,-1,-1
240,-1,715.69,434.88,154.83,432.98,0.7469,-1,-1,-1
240,-1,1167.26,440.51,122.41,361.58,0.7336,-1,-1,-1
240,-1,626.18,455.01,64.20,175.21,0.6457,-1,-1,-1
240,-1,949.26,423.07,121.08,420.17,0.5565,-1,-1,-1
240,-1,506.40,442.78,40.18,118.83,0.4535,-1,-1,-1
240,-1,1834.66,455.42,74.41,196.88,0.3761,-1,-1,-1
240,-1,1665.31,406.36,112.27,228.93,0.3462,-1,-1,-1
240,-1,1865.11,386.12,54.45,262.17,0.3415,-1,-1,-1
240,-1,1244.02,433.80,62.76,345.04,0.2406,-1,-1,-1
240,-1,1068.51,448.76,57.32,146.78,0.1921,-1,-1,-1
240,-1,1877.33,408.82,41.85,236.69,0.1716,-1,-1,-1
240,-1,1663.21,435.94,49.75,151.92,0.1388,-1,-1,-1
240,-1,570.68,456.92,27.97,65.18,0.1354,-1,-1,-1
240,-1,1299.58,414.71,39.89,132.06,0.1348,-1,-1,-1
240,-1,712.96,451.17,66.96,410.36,0.1242,-1,-1,-1
240,-1,1885.85,438.96,33.29,214.61,0.1190,-1,-1,-1
240,-1,1854.25,429.76,65.32,225.52,0.1123,-1,-1,-1
240,-1,1895.71,420.46,23.63,234.32,0.1114,-1,-1,-1
240,-1,1825.56,476.09,57.63,165.57,0.1085,-1,-1,-1
240,-1,468.72,450.67,40.67,108.28,0.1024,-1,-1,-1
241,-1,813.84,428.16,226.32,569.89,0.8393,-1,-1,-1
241,-1,1183.65,439.33,105.38,367.53,0.7607,-1,-1,-1
241,-1,721.60,435.93,154.86,427.82,0.6889,-1,-1,-1
241,-1,627.72,455.44,63.66,177.77,0.6830,-1,-1,-1
241,-1,953.09,423.80,115.68,418.82,0.5707,-1,-1,-1
241,-1,507.13,442.20,39.76,120.54,0.4943,-1,-1,-1
241,-1,1837.53,456.45,70.03,196.10,0.3947,-1,-1,-1
241,-1,1666.66,408.20,113.11,226.69,0.3709,-1,-1,-1
241,-1,1867.66,388.96,51.88,260.03,0.3428,-1,-1,-1
241,-1,1070.01,453.03,54.90,143.52,0.2609,-1,-1,-1
241,-1,571.05,457.18,29.41,64.44,0.1682,-1,-1,-1
241,-1,1250.41,422.03,55.74,358.50,0.1583,-1,-1,-1
241,-1,1894.53,420.61,24.78,233.40,0.1471,-1,-1,-1
241,-1,1252.63,412.20,58.69,205.27,0.1349,-1,-1,-1
241,-1,1885.95,440.31,33.24,213.52,0.1282,-1,-1,-1
241,-1,468.49,449.77,41.47,108.94,0.1151,-1,-1,-1
241,-1,1304.18,421.16,37.72,123.41,0.1138,-1,-1,-1
241,-1,673.74,471.27,41.11,130.52,0.1125,-1,-1,-1
241,-1,1665.08,436.69,46.99,150.70,0.1113,-1,-1,-1
241,-1,1825.69,477.40,56.67,164.06,0.1081,-1,-1,-1
242,-1,1182.05,439.76,113.23,362.10,0.8113,-1,-1,-1
242,-1,824.80,430.96,216.83,566.99,0.7784,-1,-1,-1
242,-1,627.72,457.67,67.16,174.04,0.6857,-1,-1,-1
242,-1,759.52,439.08,124.87,424.09,0.6598,-1,-1,-1
242,-1,956.03,423.72,116.27,420.96,0.5688,-1,-1,-1
242,-1,507.06,443.34,39.79,119.16,0.4505,-1,-1,-1
242,-1,1834.81,456.89,72.37,195.84,0.4012,-1,-1,-1
242,-1,1070.18,451.69,54.89,142.79,0.2945,-1,-1,-1
242,-1,1871.43,390.53,48.11,258.22,0.2685,-1,-1,-1
242,-1,1668.54,413.97,111.01,220.62,0.2451,-1,-1,-1
242,-1,1882.21,417.90,36.97,225.98,0.1701,-1,-1,-1
242,-1,1894.66,426.72,24.66,227.20,0.1582,-1,-1,-1
242,-1,1824.70,476.22,64.55,165.66,0.1544,-1,-1,-1
242,-1,1255.48,410.42,58.66,218.76,0.1323,-1,-1,-1
242,-1,570.22,456.30,30.07,65.49,0.1265,-1,-1,-1
242,-1,1857.15,427.00,62.41,229.19,0.1204,-1,-1,-1
242,-1,1664.36,436.40,49.74,152.14,0.1100,-1,-1,-1
242,-1,452.59,451.02,33.14,105.23,0.1091,-1,-1,-1
243,-1,1190.55,437.00,114.30,366.25,0.8416,-1,-1,-1
243,-1,629.18,458.97,71.56,173.59,0.7189,-1,-1,-1
243,-1,833.50,422.16,214.42,578.19,0.7108,-1,-1,-1
243,-1,749.42,439.10,137.45,425.35,0.6934,-1,-1,-1
243,-1,961.78,422.06,111.27,422.57,0.5351,-1,-1,-1
243,-1,506.64,444.32,40.38,118.30,0.4163,-1,-1,-1
243,-1,1839.45,462.82,66.72,189.11,0.4158,-1,-1,-1
243,-1,1070.60,450.92,54.48,143.70,0.2757,-1,-1,-1
243,-1,1871.72,390.65,47.82,257.95,0.2599,-1,-1,-1
243,-1,1668.89,414.48,110.89,218.36,0.2441,-1,-1,-1
243,-1,1885.87,423.33,33.28,218.26,0.1541,-1,-1,-1
243,-1,1895.07,427.40,24.23,224.91,0.1421,-1,-1,-1
243,-1,1664.70,435.14,51.04,154.22,0.1332,-1,-1,-1
243,-1,1119.60,444.82,33.70,103.24,0.1250,-1,-1,-1
243,-1,1855.03,420.50,64.51,235.25,0.1210,-1,-1,-1
243,-1,1825.83,477.60,59.75,163.79,0.1175,-1,-1,-1
243,-1,569.68,454.73,29.34,67.06,0.1106,-1,-1,-1
243,-1,678.20,460.27,53.21,137.72,0.1082,-1,-1,-1
243,-1,597.00,452.95,22.55,69.93,0.1057,-1,-1,-1
244,-1,1198.68,435.44,108.66,366.77,0.8416,-1,-1,-1
244,-1,764.99,436.76,124.21,427.13,0.7392,-1,-1,-1
244,-1,629.75,460.08,71.49,173.22,0.7252,-1,-1,-1
244,-1,842.45,411.87,203.80,594.25,0.7122,-1,-1,-1
244,-1,1830.80,468.73,75.64,182.07,0.4050,-1,-1,-1
244,-1,971.15,417.15,103.19,426.79,0.3922,-1,-1,-1
244,-1,507.25,442.83,40.02,120.43,0.3478,-1,-1,-1
244,-1,1874.47,390.64,45.05,256.54,0.2511,-1,-1,-1
244,-1,1669.12,415.62,111.68,217.39,0.2229,-1,-1,-1
244,-1,1070.94,451.60,54.90,142.77,0.1986,-1,-1,-1
244,-1,1664.82,439.88,48.70,149.13,0.1716,-1,-1,-1
244,-1,1825.93,476.23,65.16,165.81,0.1660,-1,-1,-1
244,-1,1118.19,446.23,35.25,102.14,0.1531,-1,-1,-1
244,-1,1883.10,432.38,36.09,210.56,0.1503,-1,-1,-1
244,-1,1893.12,435.05,26.20,219.73,0.1424,-1,-1,-1
244,-1,681.25,460.14,51.71,138.22,0.1315,-1,-1,-1
244,-1,571.61,455.42,28.59,65.67,0.1273,-1,-1,-1
244,-1,600.32,451.71,25.02,70.53,0.1057,-1,-1,-1
245,-1,1201.14,435.29,114.95,368.44,0.8306,-1,-1,-1
245,-1,853.67,394.45,209.78,617.55,0.7683,-1,-1,-1
245,-1,765.66,435.10,125.53,428.98,0.7496,-1,-1,-1
245,-1,629.54,461.67,70.68,172.83,0.6820,-1,-1,-1
245,-1,1831.66,471.48,75.46,175.71,0.4510,-1,-1,-1
245,-1,1668.61,412.12,112.99,223.21,0.3512,-1,-1,-1
245,-1,506.26,442.97,40.75,119.89,0.3229,-1,-1,-1
245,-1,1873.88,390.21,45.65,257.81,0.2529,-1,-1,-1
245,-1,987.00,409.93,90.62,437.97,0.1950,-1,-1,-1
245,-1,1070.35,453.24,55.96,140.87,0.1734,-1,-1,-1
245,-1,723.72,476.51,52.30,129.27,0.1503,-1,-1,-1
245,-1,684.01,461.57,48.12,133.99,0.1483,-1,-1,-1
245,-1,1895.10,438.11,24.22,215.58,0.1341,-1,-1,-1
245,-1,1888.04,426.14,31.11,215.48,0.1311,-1,-1,-1
245,-1,1118.06,447.87,34.82,100.72,0.1310,-1,-1,-1
245,-1,1665.03,435.43,52.63,153.86,0.1274,-1,-1,-1
246,-1,1207.61,437.58,105.07,365.12,0.8325,-1,-1,-1
246,-1,861.02,395.09,219.75,628.84,0.8097,-1,-1,-1
246,-1,770.95,435.16,131.10,437.47,0.7267,-1,-1,-1
246,-1,630.10,459.56,71.74,175.17,0.6583,-1,-1,-1
246,-1,1668.98,413.31,111.93,223.52,0.4503,-1,-1,-1
246,-1,1831.26,470.12,75.63,175.99,0.4365,-1,-1,-1
246,-1,1069.42,452.29,57.35,142.74,0.3143,-1,-1,-1
246,-1,1278.20,417.09,58.00,227.99,0.2986,-1,-1,-1
246,-1,506.68,445.13,40.64,114.58,0.2814,-1,-1,-1
246,-1,1873.88,391.02,45.63,254.77,0.2221,-1,-1,-1
246,-1,687.38,465.73,45.18,130.13,0.2027,-1,-1,-1
246,-1,726.23,475.98,49.11,125.13,0.1611,-1,-1,-1
246,-1,1894.71,441.23,24.63,212.09,0.1402,-1,-1,-1
246,-1,1122.49,450.30,31.45,97.94,0.1312,-1,-1,-1
246,-1,415.42,468.39,46.49,100.30,0.1198,-1,-1,-1
246,-1,1076.14,450.46,52.42,113.87,0.1131,-1,-1,-1
246,-1,665.92,460.66,45.40,173.52,0.1046,-1,-1,-1
246,-1,989.28,408.06,95.82,438.47,0.1043,-1,-1,-1
247,-1,1209.18,437.50,114.79,364.73,0.8210,-1,-1,-1
247,-1,874.34,399.00,213.51,630.57,0.8210,-1,-1,-1
247,-1,774.45,434.39,140.35,444.00,0.7769,-1,-1,-1
247,-1,630.26,459.91,74.18,175.93,0.5982,-1,-1,-1
247,-1,1666.50,411.07,115.02,225.53,0.4996,-1,-1,-1
247,-1,505.13,442.96,41.84,117.12,0.3664,-1,-1,-1
247,-1,1833.78,466.47,73.01,186.47,0.3598,-1,-1,-1
247,-1,1868.20,389.93,51.33,256.30,0.2986,-1,-1,-1
247,-1,1068.78,456.50,57.16,138.69,0.2511,-1,-1,-1
247,-1,648.10,460.08,65.31,173.58,0.2314,-1,-1,-1
247,-1,415.23,468.64,41.69,104.30,0.2050,-1,-1,-1
247,-1,683.02,465.64,47.78,132.60,0.1909,-1,-1,-1
247,-1,723.88,476.48,48.49,121.84,0.1843,-1,-1,-1
247,-1,1883.55,429.90,35.68,210.51,0.1647,-1,-1,-1
247,-1,1121.08,446.20,30.38,101.94,0.1549,-1,-1,-1
247,-1,1824.35,476.49,66.37,165.87,0.1482,-1,-1,-1
247,-1,1278.86,413.28,60.27,349.00,0.1371,-1,-1,-1
247,-1,1892.74,432.42,26.61,222.95,0.1242,-1,-1,-1
247,-1,1282.21,414.88,55.91,232.18,0.1129,-1,-1,-1
247,-1,1854.85,460.52,64.70,195.72,0.1070,-1,-1,-1
247,-1,1663.51,438.40,49.62,150.13,0.1034,-1,-1,-1
248,-1,1213.00,440.82,135.34,363.01,0.8173,-1,-1,-1
248,-1,888.08,413.17,197.52,622.57,0.8044,-1,-1,-1
248,-1,782.25,434.92,135.93,443.21,0.7764,-1,-1,-1
248,-1,633.49,466.59,65.83,167.09,0.6160,-1,-1,-1
248,-1,1667.87,414.23,114.59,222.48,0.5598,-1,-1,-1
248,-1,1836.05,464.34,70.17,188.14,0.3875,-1,-1,-1
248,-1,1871.32,389.71,48.21,256.75,0.3089,-1,-1,-1
248,-1,691.84,485.26,38.65,111.88,0.2833,-1,-1,-1
248,-1,506.29,444.59,40.78,115.38,0.2814,-1,-1,-1
248,-1,888.12,420.49,213.24,441.96,0.2157,-1,-1,-1
248,-1,724.85,478.58,48.88,118.56,0.2118,-1,-1,-1
248,-1,414.91,475.02,41.30,97.98,0.2072,-1,-1,-1
248,-1,1091.57,436.34,51.41,120.58,0.2010,-1,-1,-1
248,-1,1068.65,445.66,61.50,149.00,0.1868,-1,-1,-1
248,-1,1885.26,423.08,33.86,214.68,0.1600,-1,-1,-1
248,-1,1824.13,475.57,64.28,166.05,0.1444,-1,-1,-1
248,-1,723.98,499.65,39.58,97.61,0.1365,-1,-1,-1
248,-1,1120.12,442.91,29.01,104.63,0.1291,-1,-1,-1
248,-1,1664.41,439.56,49.42,148.92,0.1287,-1,-1,-1
248,-1,1848.55,481.89,52.73,170.59,0.1027,-1,-1,-1
248,-1,1668.98,431.17,98.13,159.01,0.1004,-1,-1,-1
249,-1,1216.91,440.08,154.11,364.91,0.8109,-1,-1,-1
249,-1,892.27,416.41,195.32,624.85,0.7907,-1,-1,-1
249,-1,784.02,433.62,135.09,444.70,0.7848,-1,-1,-1
249,-1,634.94,458.15,67.86,177.43,0.6324,-1,-1,-1
249,-1,1829.22,472.94,81.15,171.69,0.4273,-1,-1,-1
249,-1,1668.40,415.75,112.48,220.96,0.3373,-1,-1,-1
249,-1,691.17,481.95,39.80,116.03,0.3042,-1,-1,-1
249,-1,506.47,441.45,41.43,120.96,0.3007,-1,-1,-1
249,-1,724.78,478.43,48.78,120.24,0.2701,-1,-1,-1
249,-1,1105.33,442.66,47.07,106.09,0.2664,-1,-1,-1
249,-1,415.44,475.90,40.92,97.55,0.2195,-1,-1,-1
249,-1,1066.84,463.62,58.94,133.28,0.2085,-1,-1,-1
249,-1,1857.18,445.55,62.16,212.57,0.1975,-1,-1,-1
249,-1,891.52,422.73,214.28,418.51,0.1602,-1,-1,-1
249,-1,1876.29,398.14,43.05,211.61,0.1550,-1,-1,-1
249,-1,1088.61,442.45,52.42,147.04,0.1144,-1,-1,-1
249,-1,1664.49,438.32,50.34,150.67,0.1143,-1,-1,-1
249,-1,596.05,464.14,26.76,56.10,0.1139,-1,-1,-1
249,-1,1877.00,470.75,42.41,185.06,0.1045,-1,-1,-1
250,-1,1218.44,435.92,176.73,369.56,0.8572,-1,-1,-1
250,-1,894.08,412.52,219.84,626.81,0.8312,-1,-1,-1
250,-1,782.39,434.18,139.84,446.25,0.8015,-1,-1,-1
250,-1,641.61,455.71,65.17,177.60,0.6812,-1,-1,-1
250,-1,1668.39,426.32,113.55,209.87,0.5311,-1,-1,-1
250,-1,506.04,443.32,42.31,119.46,0.4365,-1,-1,-1
250,-1,1095.41,437.45,53.47,142.36,0.3733,-1,-1,-1
250,-1,724.64,482.06,49.88,117.33,0.3091,-1,-1,-1
250,-1,1831.73,473.04,84.78,175.17,0.2819,-1,-1,-1
250,-1,694.54,486.80,35.75,110.50,0.2362,-1,-1,-1
250,-1,413.93,476.55,42.25,95.97,0.1788,-1,-1,-1
250,-1,1665.92,439.18,48.62,149.17,0.1661,-1,-1,-1
250,-1,1075.48,438.27,52.76,157.68,0.1505,-1,-1,-1
250,-1,1875.12,392.43,44.21,188.96,0.1426,-1,-1,-1
250,-1,1870.38,388.56,48.79,113.46,0.1361,-1,-1,-1
250,-1,1671.05,433.00,97.04,155.50,0.1333,-1,-1,-1
250,-1,1859.53,387.42,60.02,264.30,0.1300,-1,-1,-1
250,-1,1852.16,470.53,67.41,186.35,0.1265,-1,-1,-1
250,-1,1005.29,444.06,84.25,207.94,0.1160,-1,-1,-1
250,-1,598.60,470.18,28.39,49.08,0.1157,-1,-1,-1
250,-1,1885.39,471.83,34.01,184.45,0.1123,-1,-1,-1
250,-1,1854.70,465.63,64.81,316.65,0.1109,-1,-1,-1
251,-1,1218.54,437.93,192.00,368.21,0.8863,-1,-1,-1
251,-1,901.69,409.03,217.75,631.94,0.8545,-1,-1,-1
251,-1,787.09,433.22,137.83,445.31,0.7918,-1,-1,-1
251,-1,646.21,451.64,66.81,181.83,0.6725,-1,-1,-1
251,-1,505.48,442.48,43.38,120.17,0.4547,-1,-1,-1
251,-1,1098.68,441.07,53.78,110.87,0.4246,-1,-1,-1
251,-1,1668.94,420.73,113.73,215.94,0.3393,-1,-1,-1
251,-1,1093.96,441.27,55.64,150.17,0.3337,-1,-1,-1
251,-1,1851.63,472.02,67.89,309.38,0.2476,-1,-1,-1
251,-1,726.81,475.87,47.68,121.21,0.2248,-1,-1,-1
251,-1,410.64,472.90,46.66,100.53,0.2177,-1,-1,-1
251,-1,1876.90,392.13,42.38,178.30,0.1926,-1,-1,-1
251,-1,1666.25,438.24,52.84,149.61,0.1854,-1,-1,-1
251,-1,695.77,472.42,37.34,123.86,0.1626,-1,-1,-1
251,-1,1854.79,384.60,64.75,262.62,0.1428,-1,-1,-1
251,-1,597.72,468.81,29.38,52.39,0.1392,-1,-1,-1
251,-1,1885.70,501.28,33.74,276.22,0.1284,-1,-1,-1
251,-1,1077.06,441.78,50.03,153.87,0.1210,-1,-1,-1
251,-1,1668.97,432.28,100.65,155.88,0.1178,-1,-1,-1
251,-1,1831.49,471.91,86.87,175.34,0.1091,-1,-1,-1
251,-1,1873.63,453.63,45.73,200.14,0.1024,-1,-1,-1
251,-1,1828.54,476.26,78.99,135.01,0.1007,-1,-1,-1
252,-1,1217.90,429.28,201.80,377.74,0.8763,-1,-1,-1
252,-1,909.56,407.76,211.90,631.39,0.8751,-1,-1,-1
252,-1,792.77,431.39,134.41,448.07,0.7803,-1,-1,-1
252,-1,650.37,455.51,65.87,176.56,0.7042,-1,-1,-1
252,-1,1850.27,481.18,69.21,301.91,0.4759,-1,-1,-1
252,-1,1097.52,436.47,51.49,127.55,0.4667,-1,-1,-1
252,-1,505.93,444.62,43.18,118.64,0.4050,-1,-1,-1
252,-1,1668.91,422.89,112.96,213.05,0.3650,-1,-1,-1
252,-1,727.60,487.41,45.72,110.80,0.3548,-1,-1,-1
252,-1,410.19,471.50,45.84,102.17,0.3367,-1,-1,-1
252,-1,1878.99,520.73,40.34,253.70,0.2635,-1,-1,-1
252,-1,698.86,470.79,34.36,123.34,0.1828,-1,-1,-1
252,-1,1665.88,439.01,53.24,149.36,0.1516,-1,-1,-1
252,-1,1007.52,442.71,87.05,207.76,0.1279,-1,-1,-1
252,-1,1821.31,477.93,81.96,165.22,0.1253,-1,-1,-1
252,-1,599.92,475.79,27.49,44.55,0.1239,-1,-1,-1
252,-1,1079.69,439.13,47.83,156.80,0.1199,-1,-1,-1
252,-1,1013.66,438.83,69.84,158.52,0.1102,-1,-1,-1
252,-1,1067.48,456.76,55.28,140.38,0.1036,-1,-1,-1
252,-1,711.22,482.23,41.23,114.39,0.1034,-1,-1,-1
252,-1,1669.80,433.44,97.43,155.09,0.1029,-1,-1,-1
252,-1,310.83,456.65,43.02,113.76,0.1025,-1,-1,-1
253,-1,1218.18,429.77,204.03,377.58,0.8817,-1,-1,-1
253,-1,917.26,408.59,204.65,632.66,0.8694,-1,-1,-1
253,-1,798.86,433.45,130.19,446.55,0.7464,-1,-1,-1
253,-1,650.58,454.21,68.93,180.10,0.6949,-1,-1,-1
253,-1,1851.70,451.58,67.78,331.23,0.5631,-1,-1,-1
253,-1,1670.02,424.81,113.14,211.45,0.5201,-1,-1,-1
253,-1,506.20,442.32,42.95,120.68,0.4647,-1,-1,-1
253,-1,1100.13,440.63,48.19,119.68,0.4445,-1,-1,-1
253,-1,729.69,479.95,45.60,118.16,0.3941,-1,-1,-1
253,-1,411.00,471.21,45.70,103.03,0.3326,-1,-1,-1
253,-1,1868.34,509.35,51.07,268.06,0.2775,-1,-1,-1
253,-1,718.87,477.92,43.51,119.73,0.1890,-1,-1,-1
253,-1,701.91,474.17,30.80,123.25,0.1589,-1,-1,-1
253,-1,1018.49,432.01,68.82,156.66,0.1462,-1,-1,-1
253,-1,1083.05,439.29,49.84,155.04,0.1406,-1,-1,-1
253,-1,1665.98,439.98,47.20,148.46,0.1348,-1,-1,-1
254,-1,921.32,411.11,193.51,629.94,0.8664,-1,-1,-1
254,-1,1217.62,428.94,201.43,380.90,0.8404,-1,-1,-1
254,-1,804.93,431.34,120.15,448.05,0.7426,-1,-1,-1
254,-1,651.90,453.28,70.12,180.70,0.7162,-1,-1,-1
254,-1,1839.18,404.48,80.29,376.65,0.6193,-1,-1,-1
254,-1,1669.34,420.18,113.63,215.95,0.5151,-1,-1,-1
254,-1,729.45,480.35,44.96,117.38,0.4286,-1,-1,-1
254,-1,506.50,443.33,42.98,119.51,0.4043,-1,-1,-1
254,-1,1101.46,442.34,47.47,124.35,0.3975,-1,-1,-1
254,-1,1822.36,389.03,96.61,276.93,0.3519,-1,-1,-1
254,-1,409.88,466.99,43.09,107.15,0.3270,-1,-1,-1
254,-1,1020.36,444.98,65.11,154.07,0.2177,-1,-1,-1
254,-1,765.97,435.51,151.02,448.37,0.2092,-1,-1,-1
254,-1,1862.39,444.59,56.77,327.94,0.2048,-1,-1,-1
254,-1,1665.36,436.87,50.76,151.22,0.1893,-1,-1,-1
254,-1,720.36,477.74,44.38,120.03,0.1767,-1,-1,-1
254,-1,1081.68,442.42,57.30,152.18,0.1436,-1,-1,-1
254,-1,706.56,477.21,33.45,119.70,0.1285,-1,-1,-1
254,-1,310.92,457.33,43.80,113.39,0.1074,-1,-1,-1
255,-1,925.02,413.00,190.81,628.67,0.8607,-1,-1,-1
255,-1,1219.54,426.91,202.58,385.97,0.8401,-1,-1,-1
255,-1,809.21,430.55,121.71,451.21,0.8023,-1,-1,-1
255,-1,1810.86,388.08,108.74,394.70,0.7672,-1,-1,-1
255,-1,655.11,453.49,68.09,178.67,0.7120,-1,-1,-1
255,-1,1100.50,439.49,47.43,119.10,0.5155,-1,-1,-1
255,-1,1672.25,426.02,111.87,210.31,0.4992,-1,-1,-1
255,-1,507.71,443.79,42.07,119.25,0.4952,-1,-1,-1
255,-1,728.31,480.41,47.61,117.45,0.4519,-1,-1,-1
255,-1,408.39,471.37,43.21,101.94,0.3507,-1,-1,-1
255,-1,663.91,456.65,67.14,149.93,0.2654,-1,-1,-1
255,-1,1022.70,452.44,73.28,147.57,0.2304,-1,-1,-1
255,-1,1090.45,437.59,50.23,152.87,0.1531,-1,-1,-1
255,-1,1805.22,387.27,113.79,273.43,0.1530,-1,-1,-1
255,-1,572.00,453.97,22.73,66.43,0.1231,-1,-1,-1
255,-1,713.49,476.06,49.68,122.06,0.1183,-1,-1,-1
255,-1,701.17,460.92,30.33,142.49,0.1160,-1,-1,-1
255,-1,773.19,435.59,147.25,448.67,0.1090,-1,-1,-1
255,-1,1665.58,439.82,45.51,147.89,0.1068,-1,-1,-1
255,-1,705.73,476.64,33.20,121.23,0.1051,-1,-1,-1
256,-1,1800.96,390.75,118.59,390.22,0.8614,-1,-1,-1
256,-1,1225.16,427.87,200.77,386.51,0.8496,-1,-1,-1
256,-1,924.98,423.00,197.97,619.36,0.8304,-1,-1,-1
256,-1,812.06,431.01,126.87,459.26,0.8138,-1,-1,-1
256,-1,656.99,454.64,69.08,177.58,0.7080,-1,-1,-1
256,-1,1669.62,416.71,112.28,219.56,0.4845,-1,-1,-1
256,-1,728.52,479.87,47.18,117.10,0.4652,-1,-1,-1
256,-1,1098.14,438.61,52.95,120.64,0.4467,-1,-1,-1
256,-1,506.51,444.30,42.76,118.52,0.4355,-1,-1,-1
256,-1,699.88,460.34,31.74,152.81,0.2250,-1,-1,-1
256,-1,407.04,472.68,42.58,100.91,0.2229,-1,-1,-1
256,-1,1032.33,474.04,57.73,122.07,0.1762,-1,-1,-1
256,-1,1085.39,437.16,53.03,156.78,0.1346,-1,-1,-1
256,-1,714.13,475.27,50.04,122.55,0.1132,-1,-1,-1
256,-1,570.80,452.78,24.02,67.36,0.1045,-1,-1,-1
256,-1,705.51,475.44,32.69,121.99,0.1036,-1,-1,-1
257,-1,1231.93,426.58,197.17,387.32,0.8436,-1,-1,-1
257,-1,926.63,409.75,202.61,632.15,0.8271,-1,-1,-1
257,-1,814.45,431.72,129.54,461.23,0.8259,-1,-1,-1
257,-1,1804.36,395.55,115.18,381.32,0.8156,-1,-1,-1
257,-1,656.61,454.80,71.94,178.93,0.7369,-1,-1,-1
257,-1,1670.00,412.64,112.64,223.66,0.4983,-1,-1,-1
257,-1,1098.69,440.09,51.40,116.45,0.4719,-1,-1,-1
257,-1,506.37,444.73,42.36,118.11,0.4357,-1,-1,-1
257,-1,727.25,479.07,48.60,118.43,0.4007,-1,-1,-1
257,-1,673.19,458.33,58.84,169.18,0.3941,-1,-1,-1
257,-1,406.64,471.87,43.40,103.00,0.3025,-1,-1,-1
257,-1,1038.42,469.55,62.26,128.44,0.2217,-1,-1,-1
257,-1,930.29,425.89,151.74,581.57,0.1525,-1,-1,-1
257,-1,1091.48,437.23,52.67,153.31,0.1343,-1,-1,-1
257,-1,1034.33,452.46,80.27,189.53,0.1178,-1,-1,-1
257,-1,709.67,474.35,41.15,124.38,0.1101,-1,-1,-1
258,-1,1240.73,429.25,191.41,385.77,0.8597,-1,-1,-1
258,-1,813.78,431.74,131.70,463.97,0.8042,-1,-1,-1
258,-1,1801.87,395.61,117.67,383.34,0.7997,-1,-1,-1
258,-1,660.23,452.32,71.16,183.08,0.7957,-1,-1,-1
258,-1,930.69,403.69,187.67,638.42,0.7770,-1,-1,-1
258,-1,1666.73,403.38,114.02,233.73,0.4572,-1,-1,-1
258,-1,1101.81,439.04,50.26,117.78,0.4383,-1,-1,-1
258,-1,729.16,479.91,47.91,118.58,0.3634,-1,-1,-1
258,-1,1043.00,460.36,75.84,149.31,0.2467,-1,-1,-1
258,-1,507.12,449.13,43.08,113.31,0.2420,-1,-1,-1
258,-1,1044.10,468.93,61.07,126.67,0.1624,-1,-1,-1
258,-1,406.47,472.74,42.52,94.35,0.1017,-1,-1,-1
259,-1,1778.75,399.75,140.40,380.39,0.8500,-1,-1,-1
259,-1,1252.18,428.73,180.95,386.17,0.8274,-1,-1,-1
259,-1,815.61,431.76,127.10,462.82,0.7885,-1,-1,-1
259,-1,660.51,453.84,71.81,181.24,0.7882,-1,-1,-1
259,-1,933.55,398.46,186.68,642.95,0.7034,-1,-1,-1
259,-1,729.00,479.31,48.85,119.06,0.4338,-1,-1,-1
259,-1,1102.43,437.28,52.01,122.34,0.3802,-1,-1,-1
259,-1,506.17,447.09,44.65,115.99,0.3228,-1,-1,-1
259,-1,1667.38,407.60,110.77,229.16,0.2830,-1,-1,-1
259,-1,1045.04,462.61,68.94,134.19,0.2591,-1,-1,-1
259,-1,1876.81,391.81,42.41,255.52,0.1829,-1,-1,-1
259,-1,1285.05,434.23,41.00,101.47,0.1246,-1,-1,-1
259,-1,1043.81,444.40,77.72,200.12,0.1172,-1,-1,-1
259,-1,1887.28,393.99,31.96,234.46,0.1142,-1,-1,-1
259,-1,405.55,471.89,43.59,101.14,0.1118,-1,-1,-1
259,-1,717.73,475.67,53.30,123.11,0.1005,-1,-1,-1
259,-1,715.28,477.75,31.65,120.67,0.1001,-1,-1,-1
260,-1,1265.54,426.97,170.20,387.89,0.8600,-1,-1,-1
260,-1,661.82,454.00,69.66,180.15,0.7904,-1,-1,-1
260,-1,1755.39,399.00,163.27,376.60,0.7886,-1,-1,-1
260,-1,934.67,403.55,177.68,637.58,0.7635,-1,-1,-1
260,-1,815.28,430.20,124.04,476.68,0.7630,-1,-1,-1
260,-1,1101.20,437.06,55.45,117.63,0.4252,-1,-1,-1
260,-1,1048.05,458.64,72.01,135.37,0.4185,-1,-1,-1
260,-1,506.02,448.78,45.04,113.80,0.3880,-1,-1,-1
260,-1,730.50,478.67,48.00,119.12,0.3867,-1,-1,-1
260,-1,1667.76,402.01,112.48,233.08,0.3393,-1,-1,-1
260,-1,1875.20,390.73,44.35,282.85,0.3234,-1,-1,-1
260,-1,1283.27,430.02,46.70,119.74,0.1995,-1,-1,-1
260,-1,1046.18,447.26,75.77,199.66,0.1753,-1,-1,-1
260,-1,719.10,473.30,53.51,126.36,0.1141,-1,-1,-1
260,-1,717.97,475.45,30.98,124.66,0.1054,-1,-1,-1
260,-1,802.02,478.80,42.90,82.79,0.1007,-1,-1,-1
261,-1,1720.08,399.09,198.11,377.44,0.8586,-1,-1,-1
261,-1,1280.96,423.51,161.49,390.85,0.8395,-1,-1,-1
261,-1,935.51,407.54,178.79,634.33,0.8348,-1,-1,-1
261,-1,662.33,454.04,70.55,183.45,0.7836,-1,-1,-1
261,-1,802.89,431.51,134.51,487.54,0.7596,-1,-1,-1
261,-1,505.48,448.70,45.50,114.26,0.4045,-1,-1,-1
261,-1,1102.94,439.18,56.24,112.37,0.3384,-1,-1,-1
261,-1,1872.49,390.06,46.94,264.69,0.3028,-1,-1,-1
261,-1,1050.77,461.47,70.15,132.40,0.2915,-1,-1,-1
261,-1,730.34,480.57,48.83,119.16,0.2852,-1,-1,-1
261,-1,1666.90,404.89,115.51,224.72,0.2797,-1,-1,-1
261,-1,1286.69,427.10,48.16,120.28,0.2378,-1,-1,-1
261,-1,1048.55,450.91,79.37,196.60,0.2266,-1,-1,-1
261,-1,1666.33,435.49,51.46,152.28,0.1237,-1,-1,-1
261,-1,1878.39,392.68,41.06,211.30,0.1054,-1,-1,-1
262,-1,1684.86,419.16,234.27,357.44,0.8510,-1,-1,-1
262,-1,936.02,413.54,178.75,627.95,0.8346,-1,-1,-1
262,-1,1306.04,422.04,139.71,393.61,0.8168,-1,-1,-1
262,-1,816.66,432.06,133.08,491.27,0.7823,-1,-1,-1
262,-1,662.04,454.38,72.03,184.93,0.7755,-1,-1,-1
262,-1,505.65,445.61,44.87,117.22,0.4638,-1,-1,-1
262,-1,1104.62,438.03,52.79,115.23,0.4435,-1,-1,-1
262,-1,1870.46,388.56,49.07,258.40,0.3728,-1,-1,-1
262,-1,731.66,477.70,47.48,120.75,0.3535,-1,-1,-1
262,-1,1054.11,459.89,69.85,136.96,0.3271,-1,-1,-1
262,-1,1286.42,423.90,52.50,125.82,0.1948,-1,-1,-1
262,-1,1667.38,415.23,110.54,204.50,0.1709,-1,-1,-1
262,-1,1853.21,463.45,53.22,182.32,0.1466,-1,-1,-1
262,-1,1879.75,433.37,39.55,217.60,0.1444,-1,-1,-1
262,-1,1665.61,441.47,49.02,149.42,0.1231,-1,-1,-1
262,-1,1852.09,492.59,48.29,145.58,0.1210,-1,-1,-1
262,-1,1052.42,449.85,78.92,194.66,0.1202,-1,-1,-1
263,-1,1668.41,412.92,249.15,364.37,0.8491,-1,-1,-1
263,-1,937.99,407.44,179.56,634.59,0.8287,-1,-1,-1
263,-1,1321.04,425.48,129.00,390.03,0.8271,-1,-1,-1
263,-1,819.14,432.20,129.28,491.57,0.7904,-1,-1,-1
263,-1,663.52,456.28,75.25,182.32,0.7495,-1,-1,-1
263,-1,1107.21,438.57,49.34,115.28,0.4666,-1,-1,-1
263,-1,504.33,443.22,45.46,119.77,0.4210,-1,-1,-1
263,-1,1866.97,389.06,52.56,260.44,0.3860,-1,-1,-1
263,-1,734.03,477.93,44.80,119.57,0.3697,-1,-1,-1
263,-1,1291.62,432.14,45.95,117.89,0.3620,-1,-1,-1
263,-1,1055.83,467.44,69.80,131.19,0.2685,-1,-1,-1
263,-1,1841.16,460.27,66.80,189.79,0.2346,-1,-1,-1
263,-1,1884.32,400.18,34.96,239.51,0.2302,-1,-1,-1
263,-1,1666.42,442.77,50.81,148.05,0.1918,-1,-1,-1
263,-1,1667.41,428.81,76.47,164.07,0.1351,-1,-1,-1
263,-1,1051.26,425.72,71.39,174.18,0.1110,-1,-1,-1
263,-1,1053.32,456.74,79.16,184.10,0.1050,-1,-1,-1
264,-1,1666.05,413.79,250.02,362.28,0.8629,-1,-1,-1
264,-1,1334.00,422.24,120.26,394.30,0.8486,-1,-1,-1
264,-1,938.56,407.00,186.79,635.42,0.8173,-1,-1,-1
264,-1,821.00,440.46,130.03,483.58,0.7877,-1,-1,-1
264,-1,664.57,457.12,77.32,182.67,0.7354,-1,-1,-1
264,-1,505.69,442.53,45.32,119.95,0.4831,-1,-1,-1
264,-1,1108.23,439.87,46.92,109.29,0.4678,-1,-1,-1
264,-1,1867.50,388.72,52.02,262.68,0.4202,-1,-1,-1
264,-1,1843.97,479.50,60.39,172.35,0.3573,-1,-1,-1
264,-1,1298.90,436.27,37.54,112.52,0.2499,-1,-1,-1
264,-1,1886.47,400.94,32.82,237.18,0.2152,-1,-1,-1
264,-1,1057.58,468.44,68.46,130.22,0.2123,-1,-1,-1
264,-1,730.93,485.11,46.86,112.40,0.2016,-1,-1,-1
264,-1,1679.61,424.36,75.35,168.34,0.1434,-1,-1,-1
264,-1,1665.36,444.95,43.88,145.92,0.1331,-1,-1,-1
264,-1,1668.71,428.88,72.25,163.12,0.1220,-1,-1,-1
264,-1,722.98,485.88,36.12,111.17,0.1155,-1,-1,-1
264,-1,403.15,466.20,48.08,78.13,0.1035,-1,-1,-1
265,-1,1659.03,419.37,247.09,352.85,0.8728,-1,-1,-1
265,-1,1341.57,422.25,118.86,402.97,0.8702,-1,-1,-1
265,-1,938.78,409.94,191.72,632.25,0.7902,-1,-1,-1
265,-1,821.47,439.40,130.85,484.43,0.7797,-1,-1,-1
265,-1,668.95,456.86,72.95,183.28,0.6983,-1,-1,-1
265,-1,505.99,441.56,45.57,121.29,0.5327,-1,-1,-1
265,-1,1837.82,474.32,67.19,178.59,0.4353,-1,-1,-1
265,-1,1109.66,439.29,48.40,112.66,0.4123,-1,-1,-1
265,-1,1878.17,391.38,41.08,257.36,0.3030,-1,-1,-1
265,-1,1850.60,387.79,68.83,270.74,0.2410,-1,-1,-1
265,-1,1064.08,472.74,65.07,124.31,0.1744,-1,-1,-1
265,-1,1891.06,402.98,28.19,230.36,0.1584,-1,-1,-1
265,-1,1675.46,427.53,77.77,165.80,0.1538,-1,-1,-1
265,-1,1301.00,436.56,41.15,112.73,0.1429,-1,-1,-1
265,-1,733.58,494.54,45.41,102.46,0.1221,-1,-1,-1
265,-1,403.79,465.94,48.75,78.67,0.1100,-1,-1,-1
266,-1,1659.10,421.52,235.16,350.92,0.8653,-1,-1,-1
266,-1,1346.65,422.63,123.42,408.41,0.8588,-1,-1,-1
266,-1,823.81,432.50,129.45,491.30,0.7838,-1,-1,-1
266,-1,941.00,409.81,174.84,631.85,0.7826,-1,-1,-1
266,-1,673.24,456.96,71.28,183.31,0.6486,-1,-1,-1
266,-1,505.80,441.20,46.27,121.25,0.5244,-1,-1,-1
266,-1,1834.61,476.76,68.57,169.14,0.4796,-1,-1,-1
266,-1,1877.55,389.48,41.70,257.35,0.2896,-1,-1,-1
266,-1,1068.01,465.20,64.41,134.14,0.2778,-1,-1,-1
266,-1,1112.28,441.34,47.04,112.87,0.2498,-1,-1,-1
266,-1,1061.74,439.94,70.88,244.45,0.1504,-1,-1,-1
266,-1,1663.99,416.80,92.42,174.01,0.1332,-1,-1,-1
266,-1,1852.90,384.66,66.50,271.77,0.1329,-1,-1,-1
266,-1,1891.11,420.80,28.06,210.10,0.1261,-1,-1,-1
266,-1,773.35,508.67,55.16,144.42,0.1131,-1,-1,-1
266,-1,1667.78,449.59,61.57,140.83,0.1117,-1,-1,-1
266,-1,1053.02,433.61,77.35,165.26,0.1085,-1,-1,-1
266,-1,1894.83,453.39,24.47,191.99,0.1072,-1,-1,-1
266,-1,734.34,510.76,44.69,85.38,0.1063,-1,-1,-1
266,-1,1057.33,440.88,87.64,413.80,0.1019,-1,-1,-1
266,-1,1837.97,477.49,53.13,135.79,0.1019,-1,-1,-1
267,-1,1353.18,429.15,121.64,401.28,0.8304,-1,-1,-1
267,-1,1656.08,411.86,219.63,353.00,0.8252,-1,-1,-1
267,-1,943.53,413.48,170.92,627.75,0.7937,-1,-1,-1
267,-1,823.25,431.60,132.77,491.42,0.7881,-1,-1,-1
267,-1,671.86,454.48,70.46,186.27,0.7098,-1,-1,-1
267,-1,504.82,441.01,46.87,121.82,0.5191,-1,-1,-1
267,-1,1834.71,476.39,69.65,171.32,0.4644,-1,-1,-1
267,-1,1877.92,389.79,41.36,258.37,0.3432,-1,-1,-1
267,-1,1116.68,441.52,43.66,112.64,0.2344,-1,-1,-1
267,-1,1066.64,468.80,70.41,132.69,0.2007,-1,-1,-1
267,-1,1890.08,403.21,29.18,227.91,0.1923,-1,-1,-1
267,-1,1861.82,385.20,57.72,268.96,0.1618,-1,-1,-1
267,-1,1893.37,449.59,25.98,192.35,0.1410,-1,-1,-1
267,-1,401.83,465.39,45.45,100.87,0.1305,-1,-1,-1
267,-1,730.30,515.04,48.22,80.97,0.1099,-1,-1,-1
267,-1,1062.41,469.86,87.64,180.78,0.1071,-1,-1,-1
267,-1,1712.99,451.61,74.70,158.33,0.1059,-1,-1,-1
267,-1,1667.56,424.80,63.11,167.10,0.1046,-1,-1,-1
267,-1,494.79,452.38,50.79,108.95,0.1015,-1,-1,-1
268,-1,1655.43,414.00,192.94,342.64,0.8579,-1,-1,-1
268,-1,1354.56,423.21,140.74,413.24,0.8443,-1,-1,-1
268,-1,945.10,418.34,166.75,623.58,0.7805,-1,-1,-1
268,-1,820.52,431.12,132.68,492.30,0.7471,-1,-1,-1
268,-1,675.29,455.43,68.28,185.27,0.6738,-1,-1,-1
268,-1,504.02,436.76,47.78,126.09,0.5637,-1,-1,-1
268,-1,1834.87,461.35,72.35,189.75,0.3891,-1,-1,-1
268,-1,1117.42,444.84,43.08,112.18,0.3304,-1,-1,-1
268,-1,1070.94,471.99,73.60,134.58,0.2144,-1,-1,-1
268,-1,1874.43,394.15,45.08,251.60,0.2033,-1,-1,-1
268,-1,1825.00,474.92,66.87,167.30,0.1600,-1,-1,-1
268,-1,732.23,499.34,47.41,97.48,0.1489,-1,-1,-1
268,-1,1063.88,456.01,89.71,200.07,0.1425,-1,-1,-1
268,-1,1888.76,450.64,30.57,198.37,0.1359,-1,-1,-1
268,-1,1056.51,444.95,97.20,407.57,0.1242,-1,-1,-1
268,-1,1057.80,443.59,93.77,285.11,0.1223,-1,-1,-1
268,-1,572.03,455.22,22.20,64.81,0.1158,-1,-1,-1
268,-1,581.83,456.82,17.38,62.28,0.1153,-1,-1,-1
268,-1,496.26,444.22,49.01,117.04,0.1100,-1,-1,-1
269,-1,1357.98,422.29,159.70,416.61,0.8594,-1,-1,-1
269,-1,1654.41,416.02,169.70,339.88,0.8198,-1,-1,-1
269,-1,948.49,419.40,164.07,623.03,0.7802,-1,-1,-1
269,-1,793.74,430.47,159.02,494.38,0.7562,-1,-1,-1
269,-1,673.06,454.54,72.91,183.82,0.6388,-1,-1,-1
269,-1,503.96,438.43,47.50,124.62,0.5329,-1,-1,-1
269,-1,1836.65,461.38,70.18,189.27,0.3554,-1,-1,-1
269,-1,734.89,502.07,45.16,94.47,0.2896,-1,-1,-1
269,-1,1118.97,445.91,42.99,110.46,0.2630,-1,-1,-1
269,-1,1060.90,451.26,92.10,163.68,0.2412,-1,-1,-1
269,-1,1056.29,439.05,98.49,222.32,0.2102,-1,-1,-1
269,-1,1874.44,396.74,45.08,249.20,0.1727,-1,-1,-1
269,-1,1679.97,420.70,95.02,208.12,0.1685,-1,-1,-1
269,-1,1824.78,475.72,63.03,165.39,0.1418,-1,-1,-1
269,-1,1054.79,439.36,100.67,407.63,0.1401,-1,-1,-1
269,-1,1888.91,451.73,30.43,197.55,0.1324,-1,-1,-1
269,-1,570.53,454.32,23.60,65.71,0.1021,-1,-1,-1
270,-1,1359.63,423.81,181.48,415.48,0.8571,-1,-1,-1
270,-1,1655.36,413.01,138.87,341.38,0.8468,-1,-1,-1
270,-1,792.02,429.52,159.62,495.16,0.7616,-1,-1,-1
270,-1,950.10,420.22,166.74,622.69,0.7568,-1,-1,-1
270,-1,677.39,453.84,69.86,186.20,0.7317,-1,-1,-1
270,-1,504.66,437.49,46.88,125.72,0.5271,-1,-1,-1
270,-1,1831.09,473.41,70.54,169.00,0.4042,-1,-1,-1
270,-1,1052.24,424.18,101.21,188.12,0.3098,-1,-1,-1
270,-1,1051.64,423.38,105.55,414.99,0.2351,-1,-1,-1
270,-1,1870.40,393.14,49.12,253.83,0.2229,-1,-1,-1
270,-1,737.17,494.38,40.63,103.09,0.2033,-1,-1,-1
270,-1,1117.50,440.08,41.83,112.16,0.1978,-1,-1,-1
270,-1,1844.82,469.78,70.08,175.98,0.1589,-1,-1,-1
270,-1,1888.59,451.88,30.71,197.49,0.1420,-1,-1,-1
270,-1,571.19,454.24,23.20,65.16,0.1379,-1,-1,-1
270,-1,1847.41,487.56,55.25,165.31,0.1301,-1,-1,-1
270,-1,1303.65,427.56,45.20,123.29,0.1293,-1,-1,-1
270,-1,581.88,455.50,19.15,63.02,0.1118,-1,-1,-1
270,-1,391.04,462.35,57.09,109.20,0.1005,-1,-1,-1
270,-1,552.05,452.19,26.06,68.62,0.1003,-1,-1,-1
271,-1,1359.18,427.71,197.56,413.53,0.8824,-1,-1,-1
271,-1,952.91,415.72,159.82,627.54,0.8151,-1,-1,-1
271,-1,1654.42,406.97,110.19,348.27,0.7864,-1,-1,-1
271,-1,819.26,428.53,134.35,495.06,0.7515,-1,-1,-1
271,-1,684.93,454.52,62.20,184.54,0.7133,-1,-1,-1
271,-1,505.39,437.00,45.98,126.21,0.5161,-1,-1,-1
271,-1,1836.20,469.41,68.73,182.30,0.4270,-1,-1,-1
271,-1,1057.28,424.39,97.32,185.49,0.3277,-1,-1,-1
271,-1,1874.72,392.10,44.80,255.32,0.2268,-1,-1,-1
271,-1,739.40,496.25,38.93,99.52,0.1913,-1,-1,-1
271,-1,1055.00,426.27,103.04,367.59,0.1874,-1,-1,-1
271,-1,571.01,454.35,22.84,64.82,0.1752,-1,-1,-1
271,-1,553.01,451.41,25.38,68.83,0.1371,-1,-1,-1
271,-1,1304.28,433.60,45.44,117.59,0.1342,-1,-1,-1
271,-1,390.69,460.54,57.10,113.16,0.1282,-1,-1,-1
271,-1,580.45,455.11,19.35,62.86,0.1259,-1,-1,-1
271,-1,1888.46,441.53,30.66,193.78,0.1190,-1,-1,-1
271,-1,558.93,454.31,24.89,64.06,0.1117,-1,-1,-1
271,-1,584.96,456.33,26.49,62.63,0.1037,-1,-1,-1
271,-1,458.04,453.61,33.38,101.80,0.1015,-1,-1,-1
272,-1,1363.22,428.40,197.40,413.25,0.8687,-1,-1,-1
272,-1,955.91,411.66,160.11,631.54,0.8255,-1,-1,-1
272,-1,1642.02,408.70,97.80,343.83,0.7566,-1,-1,-1
272,-1,824.60,428.63,130.98,494.57,0.7533,-1,-1,-1
272,-1,683.58,451.06,68.32,192.95,0.6939,-1,-1,-1
272,-1,505.43,442.61,46.85,120.20,0.5195,-1,-1,-1
272,-1,1832.54,458.60,75.82,192.59,0.4184,-1,-1,-1
272,-1,1059.28,425.51,97.48,189.10,0.3663,-1,-1,-1
272,-1,1877.51,396.53,41.79,243.83,0.2323,-1,-1,-1
272,-1,392.78,462.78,53.89,110.93,0.2035,-1,-1,-1
272,-1,570.32,454.26,23.20,65.34,0.1926,-1,-1,-1
272,-1,740.88,498.76,37.16,97.42,0.1914,-1,-1,-1
272,-1,1825.25,474.06,72.75,168.04,0.1672,-1,-1,-1
272,-1,553.81,451.49,25.64,69.03,0.1618,-1,-1,-1
272,-1,559.11,454.03,25.34,64.60,0.1577,-1,-1,-1
272,-1,580.21,455.14,18.57,63.39,0.1494,-1,-1,-1
272,-1,1889.37,451.25,30.00,191.21,0.1490,-1,-1,-1
272,-1,1303.00,431.89,49.43,119.84,0.1454,-1,-1,-1
272,-1,1082.43,457.80,73.55,151.42,0.1257,-1,-1,-1
272,-1,584.40,455.26,26.47,63.86,0.1149,-1,-1,-1
273,-1,1366.92,427.61,196.08,419.85,0.8713,-1,-1,-1
273,-1,830.38,427.02,129.81,496.79,0.7668,-1,-1,-1
273,-1,960.61,417.91,155.98,625.63,0.7639,-1,-1,-1
273,-1,1637.19,408.46,87.24,345.33,0.7429,-1,-1,-1
273,-1,685.61,452.38,68.85,190.60,0.6196,-1,-1,-1
273,-1,505.56,442.90,46.51,120.17,0.5068,-1,-1,-1
273,-1,1061.16,423.53,95.96,185.44,0.3877,-1,-1,-1
273,-1,1832.48,460.58,75.37,190.72,0.3859,-1,-1,-1
273,-1,963.21,409.18,151.09,463.27,0.3347,-1,-1,-1
273,-1,390.37,461.92,55.32,113.43,0.3101,-1,-1,-1
273,-1,738.32,486.17,40.28,109.44,0.2665,-1,-1,-1
273,-1,1875.15,409.91,44.43,236.74,0.2082,-1,-1,-1
273,-1,570.64,454.44,22.68,64.95,0.1861,-1,-1,-1
273,-1,1132.62,432.93,51.91,111.02,0.1839,-1,-1,-1
273,-1,1305.95,433.08,50.72,115.64,0.1646,-1,-1,-1
273,-1,1889.88,453.43,29.49,188.46,0.1395,-1,-1,-1
273,-1,1058.33,422.24,101.20,288.53,0.1387,-1,-1,-1
273,-1,578.33,454.96,18.48,63.48,0.1351,-1,-1,-1
273,-1,1835.96,474.58,61.07,160.05,0.1344,-1,-1,-1
273,-1,553.57,451.13,24.65,69.28,0.1193,-1,-1,-1
273,-1,559.26,454.06,24.02,64.25,0.1120,-1,-1,-1
273,-1,666.12,467.80,27.09,69.30,0.1106,-1,-1,-1
273,-1,455.10,460.77,38.13,98.16,0.1094,-1,-1,-1
274,-1,1366.64,424.73,201.08,427.43,0.8572,-1,-1,-1
274,-1,1612.47,423.88,108.60,327.67,0.8170,-1,-1,-1
274,-1,832.51,425.83,130.14,498.01,0.7682,-1,-1,-1
274,-1,965.78,415.80,152.94,628.30,0.7160,-1,-1,-1
274,-1,681.83,449.40,83.10,193.61,0.6322,-1,-1,-1
274,-1,505.76,442.03,47.09,120.76,0.5141,-1,-1,-1
274,-1,964.27,406.31,153.10,458.11,0.5043,-1,-1,-1
274,-1,1065.03,426.68,97.02,177.94,0.4898,-1,-1,-1
274,-1,1833.38,461.03,73.98,190.23,0.3528,-1,-1,-1
274,-1,390.87,461.65,54.22,113.73,0.3487,-1,-1,-1
274,-1,1306.15,431.66,51.71,117.40,0.2630,-1,-1,-1
274,-1,1876.62,398.55,42.68,245.97,0.2340,-1,-1,-1
274,-1,570.95,454.64,22.19,64.38,0.1981,-1,-1,-1
274,-1,692.13,462.00,78.55,158.03,0.1918,-1,-1,-1
274,-1,738.91,487.97,39.14,108.31,0.1751,-1,-1,-1
274,-1,1885.37,436.13,33.93,194.90,0.1597,-1,-1,-1
274,-1,579.91,455.33,18.32,62.67,0.1523,-1,-1,-1
274,-1,1130.75,433.79,52.50,106.60,0.1435,-1,-1,-1
274,-1,1835.93,475.22,59.09,157.11,0.1277,-1,-1,-1
274,-1,514.98,443.63,46.66,112.16,0.1184,-1,-1,-1
274,-1,454.60,466.48,39.80,91.88,0.1127,-1,-1,-1
274,-1,1893.62,442.14,25.73,202.86,0.1099,-1,-1,-1
274,-1,1863.24,454.94,56.33,198.70,0.1046,-1,-1,-1
275,-1,1368.28,425.69,200.56,427.23,0.8703,-1,-1,-1
275,-1,1588.57,417.94,129.96,334.14,0.7853,-1,-1,-1
275,-1,830.96,425.95,131.86,497.60,0.7654,-1,-1,-1
275,-1,969.65,411.09,153.37,633.23,0.7306,-1,-1,-1
275,-1,685.84,448.40,85.06,191.27,0.5594,-1,-1,-1
275,-1,505.53,441.58,47.84,121.27,0.5170,-1,-1,-1
275,-1,1835.42,470.26,68.92,181.14,0.3755,-1,-1,-1
275,-1,390.27,461.67,52.03,113.39,0.3435,-1,-1,-1
275,-1,1305.49,431.31,53.70,118.59,0.3274,-1,-1,-1
275,-1,1068.48,419.85,92.96,182.51,0.3150,-1,-1,-1
275,-1,1873.26,387.39,46.28,260.42,0.3139,-1,-1,-1
275,-1,1063.95,422.67,132.59,381.53,0.2889,-1,-1,-1
275,-1,570.41,453.79,23.70,64.14,0.2489,-1,-1,-1
275,-1,676.46,451.69,76.46,173.81,0.2357,-1,-1,-1
275,-1,578.55,454.51,19.39,62.15,0.1833,-1,-1,-1
275,-1,1889.44,408.21,29.75,227.18,0.1774,-1,-1,-1
275,-1,1385.57,440.26,57.73,196.83,0.1502,-1,-1,-1
275,-1,513.47,442.77,48.24,114.68,0.1433,-1,-1,-1
275,-1,1133.04,433.67,51.59,97.14,0.1404,-1,-1,-1
275,-1,1895.28,429.64,24.03,219.30,0.1262,-1,-1,-1
275,-1,1065.88,422.61,99.55,258.10,0.1226,-1,-1,-1
275,-1,553.17,451.26,25.27,68.74,0.1069,-1,-1,-1
275,-1,674.08,460.45,26.10,72.33,0.1059,-1,-1,-1
275,-1,671.06,458.51,36.97,79.41,0.1037,-1,-1,-1
276,-1,1377.66,426.13,190.53,427.18,0.8949,-1,-1,-1
276,-1,1563.01,418.15,153.54,333.87,0.8558,-1,-1,-1
276,-1,972.68,405.77,149.42,638.89,0.7617,-1,-1,-1
276,-1,823.80,424.01,136.51,498.74,0.7548,-1,-1,-1
276,-1,702.54,451.21,69.65,189.97,0.6004,-1,-1,-1
276,-1,505.30,440.62,47.51,122.24,0.5307,-1,-1,-1
276,-1,1304.11,428.98,56.65,121.17,0.3852,-1,-1,-1
276,-1,1837.12,469.25,67.30,181.66,0.3782,-1,-1,-1
276,-1,1872.81,388.52,46.72,258.87,0.2976,-1,-1,-1
276,-1,1075.30,428.90,87.85,170.68,0.2703,-1,-1,-1
276,-1,569.85,454.14,23.77,62.83,0.2350,-1,-1,-1
276,-1,1386.11,431.16,63.69,206.96,0.2129,-1,-1,-1
276,-1,389.63,462.15,50.22,111.62,0.2092,-1,-1,-1
276,-1,1399.39,452.69,51.62,181.78,0.2029,-1,-1,-1
276,-1,677.23,451.67,41.07,165.13,0.1793,-1,-1,-1
276,-1,576.81,454.95,19.76,60.96,0.1719,-1,-1,-1
276,-1,1888.98,410.11,30.21,222.51,0.1669,-1,-1,-1
276,-1,1055.01,424.43,162.76,395.64,0.1522,-1,-1,-1
276,-1,1894.09,451.58,25.19,192.18,0.1254,-1,-1,-1
276,-1,512.34,442.77,48.94,115.70,0.1225,-1,-1,-1
276,-1,602.96,447.18,21.72,67.30,0.1186,-1,-1,-1
276,-1,1069.33,429.47,105.90,372.21,0.1184,-1,-1,-1
276,-1,671.94,460.30,39.06,78.07,0.1142,-1,-1,-1
276,-1,1825.09,477.00,67.93,163.73,0.1095,-1,-1,-1
276,-1,675.62,460.11,28.27,71.60,0.1046,-1,-1,-1
277,-1,1381.13,426.56,191.69,428.13,0.8451,-1,-1,-1
277,-1,1546.77,415.85,171.10,335.10,0.8351,-1,-1,-1
277,-1,824.98,422.63,135.20,499.27,0.7706,-1,-1,-1
277,-1,974.42,406.20,157.26,637.14,0.7493,-1,-1,-1
277,-1,504.93,440.76,47.34,121.91,0.5614,-1,-1,-1
277,-1,701.11,455.39,74.40,190.49,0.5414,-1,-1,-1
277,-1,1838.61,467.09,65.57,184.20,0.3735,-1,-1,-1
277,-1,1066.08,425.27,151.99,379.30,0.3499,-1,-1,-1
277,-1,1872.18,388.55,47.37,260.30,0.3102,-1,-1,-1
277,-1,731.59,457.36,46.28,185.89,0.2934,-1,-1,-1
277,-1,1075.75,427.10,87.06,176.98,0.2564,-1,-1,-1
277,-1,569.95,454.47,23.99,62.63,0.2388,-1,-1,-1
277,-1,679.48,456.28,51.06,166.38,0.2343,-1,-1,-1
277,-1,1306.14,434.31,55.09,116.70,0.2123,-1,-1,-1
277,-1,1889.09,407.31,30.10,230.86,0.1876,-1,-1,-1
277,-1,576.65,455.26,19.68,60.68,0.1794,-1,-1,-1
277,-1,389.39,465.90,60.18,106.69,0.1463,-1,-1,-1
277,-1,1093.08,462.22,69.75,137.63,0.1377,-1,-1,-1
277,-1,651.47,469.40,20.30,53.99,0.1178,-1,-1,-1
277,-1,1894.44,458.20,24.83,192.61,0.1103,-1,-1,-1
277,-1,1077.97,445.14,96.15,215.42,0.1078,-1,-1,-1
277,-1,672.86,464.17,35.00,74.18,0.1074,-1,-1,-1
277,-1,678.35,460.21,41.99,148.33,0.1051,-1,-1,-1
278,-1,1539.91,419.57,176.18,328.14,0.8283,-1,-1,-1
278,-1,1420.56,429.39,175.05,425.20,0.7904,-1,-1,-1
278,-1,830.70,422.44,131.64,499.39,0.7784,-1,-1,-1
278,-1,975.17,407.44,153.83,637.21,0.7585,-1,-1,-1
278,-1,709.14,453.94,70.08,192.79,0.6126,-1,-1,-1
278,-1,505.04,440.07,46.82,122.20,0.5302,-1,-1,-1
278,-1,1836.38,464.41,67.00,186.21,0.3954,-1,-1,-1
278,-1,1873.10,388.44,46.44,259.67,0.3351,-1,-1,-1
278,-1,1076.67,440.66,143.11,360.10,0.2849,-1,-1,-1
278,-1,675.84,457.27,45.80,158.24,0.2815,-1,-1,-1
278,-1,389.49,466.26,59.94,106.92,0.2098,-1,-1,-1
278,-1,1097.88,462.75,66.03,146.19,0.2064,-1,-1,-1
278,-1,570.36,455.87,24.21,60.97,0.1983,-1,-1,-1
278,-1,1888.14,405.53,31.10,229.23,0.1970,-1,-1,-1
278,-1,1085.82,446.44,90.36,213.24,0.1857,-1,-1,-1
278,-1,674.28,461.30,42.94,113.22,0.1737,-1,-1,-1
278,-1,1303.24,427.66,50.81,121.83,0.1703,-1,-1,-1
278,-1,1677.22,410.61,104.85,230.73,0.1668,-1,-1,-1
278,-1,576.91,456.71,20.01,58.97,0.1610,-1,-1,-1
278,-1,1892.98,440.56,26.33,204.79,0.1570,-1,-1,-1
278,-1,733.15,460.00,48.65,184.14,0.1538,-1,-1,-1
278,-1,1431.11,426.86,80.22,210.97,0.1425,-1,-1,-1
278,-1,673.02,464.16,42.95,75.85,0.1385,-1,-1,-1
278,-1,1084.24,435.73,80.15,167.87,0.1374,-1,-1,-1
278,-1,1333.19,440.74,29.20,106.18,0.1254,-1,-1,-1
278,-1,700.25,456.56,53.15,185.85,0.1180,-1,-1,-1
278,-1,655.15,471.04,22.91,54.31,0.1125,-1,-1,-1
278,-1,1826.27,475.30,60.50,164.98,0.1082,-1,-1,-1
278,-1,514.19,442.56,45.85,114.33,0.1049,-1,-1,-1
279,-1,1538.64,418.31,175.60,330.28,0.8507,-1,-1,-1
279,-1,1438.67,423.57,148.71,429.96,0.7801,-1,-1,-1
279,-1,828.51,420.88,133.62,500.46,0.7558,-1,-1,-1
279,-1,979.18,406.18,152.43,638.96,0.7549,-1,-1,-1
279,-1,504.02,440.33,48.25,122.49,0.5368,-1,-1,-1
279,-1,712.84,454.87,71.45,189.19,0.4948,-1,-1,-1
279,-1,1073.54,438.59,145.80,365.33,0.3906,-1,-1,-1
279,-1,386.10,461.35,49.00,114.51,0.3364,-1,-1,-1
279,-1,1829.78,471.26,76.49,168.90,0.3046,-1,-1,-1
279,-1,673.16,459.64,51.67,162.76,0.3005,-1,-1,-1
279,-1,1875.41,395.21,43.88,248.03,0.2813,-1,-1,-1
279,-1,736.28,465.90,51.63,178.05,0.2766,-1,-1,-1
279,-1,1675.21,410.85,106.66,229.83,0.2492,-1,-1,-1
279,-1,1083.55,455.01,85.52,161.74,0.1834,-1,-1,-1
279,-1,671.35,464.16,49.12,126.40,0.1758,-1,-1,-1
279,-1,1097.65,468.95,67.48,142.02,0.1538,-1,-1,-1
279,-1,1849.18,480.75,54.74,168.99,0.1513,-1,-1,-1
279,-1,1888.24,415.76,31.05,214.43,0.1472,-1,-1,-1
279,-1,749.45,494.26,39.01,147.95,0.1315,-1,-1,-1
279,-1,1079.52,436.42,92.94,358.09,0.1215,-1,-1,-1
279,-1,1430.42,422.74,82.68,216.40,0.1204,-1,-1,-1
279,-1,1893.50,455.70,25.86,184.83,0.1164,-1,-1,-1
279,-1,570.93,459.39,23.17,58.34,0.1161,-1,-1,-1
279,-1,1863.69,458.72,55.84,193.22,0.1132,-1,-1,-1
279,-1,577.70,460.91,17.96,55.15,0.1110,-1,-1,-1
279,-1,669.42,461.56,48.04,83.50,0.1094,-1,-1,-1
280,-1,1560.55,417.50,145.20,331.57,0.8183,-1,-1,-1
280,-1,1443.14,422.31,141.71,432.29,0.8074,-1,-1,-1
280,-1,830.22,421.14,134.47,500.25,0.7784,-1,-1,-1
280,-1,984.26,407.34,151.81,637.47,0.7567,-1,-1,-1
280,-1,708.76,453.41,80.80,190.79,0.5876,-1,-1,-1
280,-1,503.42,438.86,48.93,124.08,0.5305,-1,-1,-1
280,-1,1088.76,445.24,132.37,353.74,0.4218,-1,-1,-1
280,-1,1829.24,471.96,77.16,168.75,0.2824,-1,-1,-1
280,-1,1875.46,396.04,43.84,248.01,0.2751,-1,-1,-1
280,-1,672.63,461.28,48.54,140.34,0.2671,-1,-1,-1
280,-1,385.65,461.15,48.50,114.59,0.2553,-1,-1,-1
280,-1,1089.04,459.29,80.40,152.30,0.1791,-1,-1,-1
280,-1,1672.71,414.75,108.52,225.66,0.1761,-1,-1,-1
280,-1,1666.26,440.49,50.54,146.70,0.1615,-1,-1,-1
280,-1,1094.44,460.19,82.13,198.96,0.1455,-1,-1,-1
280,-1,1886.72,421.43,32.56,209.23,0.1423,-1,-1,-1
280,-1,669.93,461.67,47.66,95.67,0.1292,-1,-1,-1
280,-1,1102.03,472.09,62.69,136.64,0.1207,-1,-1,-1
280,-1,551.46,454.51,24.33,64.93,0.1195,-1,-1,-1
280,-1,1089.89,443.12,85.59,346.70,0.1125,-1,-1,-1
280,-1,1677.20,435.75,78.64,148.53,0.1113,-1,-1,-1
280,-1,1848.92,478.14,57.90,173.42,0.1063,-1,-1,-1
281,-1,1455.01,417.28,126.65,434.55,0.7848,-1,-1,-1
281,-1,828.73,421.58,141.05,498.50,0.7654,-1,-1,-1
281,-1,985.88,410.39,151.09,633.97,0.7488,-1,-1,-1
281,-1,708.00,454.57,84.20,190.79,0.7058,-1,-1,-1
281,-1,1558.88,419.74,83.86,239.67,0.5782,-1,-1,-1
281,-1,503.76,440.92,48.23,122.16,0.5020,-1,-1,-1
281,-1,1082.63,428.86,137.48,376.17,0.3792,-1,-1,-1
281,-1,675.90,461.17,46.77,138.72,0.3658,-1,-1,-1
281,-1,1828.52,471.37,78.82,168.85,0.3434,-1,-1,-1
281,-1,1557.75,419.23,135.70,327.82,0.3385,-1,-1,-1
281,-1,1875.60,395.10,43.68,248.36,0.3128,-1,-1,-1
281,-1,1084.62,425.50,84.94,188.09,0.1811,-1,-1,-1
281,-1,384.53,464.16,49.18,111.71,0.1660,-1,-1,-1
281,-1,1665.05,440.28,52.71,147.72,0.1521,-1,-1,-1
281,-1,1085.36,427.47,98.11,362.49,0.1479,-1,-1,-1
281,-1,1668.17,416.78,112.51,219.65,0.1454,-1,-1,-1
281,-1,574.42,462.20,19.98,55.27,0.1451,-1,-1,-1
281,-1,1889.04,416.44,30.26,210.76,0.1407,-1,-1,-1
281,-1,673.03,460.12,45.77,112.02,0.1359,-1,-1,-1
281,-1,550.09,453.98,25.49,65.73,0.1355,-1,-1,-1
281,-1,582.39,462.24,17.30,53.50,0.1181,-1,-1,-1
281,-1,1339.36,443.78,31.34,99.82,0.1149,-1,-1,-1
281,-1,1438.87,416.43,118.11,222.81,0.1087,-1,-1,-1
281,-1,1892.83,458.61,26.52,180.57,0.1052,-1,-1,-1
281,-1,749.39,462.23,45.60,181.10,0.1011,-1,-1,-1
281,-1,557.04,461.45,23.74,55.94,0.1010,-1,-1,-1
282,-1,827.45,421.42,155.05,500.05,0.7826,-1,-1,-1
282,-1,1466.45,419.12,123.69,434.19,0.7673,-1,-1,-1
282,-1,988.52,412.98,153.63,630.13,0.7383,-1,-1,-1
282,-1,712.48,457.46,83.40,187.22,0.6445,-1,-1,-1
282,-1,1080.79,422.51,141.76,387.32,0.5453,-1,-1,-1
282,-1,1468.80,417.75,193.75,439.74,0.4805,-1,-1,-1
282,-1,1549.19,414.62,123.98,324.11,0.4716,-1,-1,-1
282,-1,505.00,441.21,46.34,122.11,0.4480,-1,-1,-1
282,-1,1548.07,416.63,87.46,297.60,0.3396,-1,-1,-1
282,-1,1340.67,442.23,35.03,101.95,0.3259,-1,-1,-1
282,-1,1833.80,466.00,75.41,185.06,0.3048,-1,-1,-1
282,-1,1875.29,393.81,43.98,250.99,0.2874,-1,-1,-1
282,-1,1444.73,412.28,110.75,233.53,0.2710,-1,-1,-1
282,-1,1550.33,415.02,76.69,210.21,0.2377,-1,-1,-1
282,-1,1083.32,426.38,86.95,189.59,0.2134,-1,-1,-1
282,-1,678.04,467.30,47.45,132.67,0.2094,-1,-1,-1
282,-1,1665.44,439.30,50.54,148.55,0.1679,-1,-1,-1
282,-1,1299.52,424.39,41.34,120.63,0.1507,-1,-1,-1
282,-1,1449.37,413.93,117.71,428.13,0.1426,-1,-1,-1
282,-1,1669.35,416.24,111.36,219.15,0.1365,-1,-1,-1
282,-1,575.47,462.00,19.40,55.82,0.1357,-1,-1,-1
282,-1,383.93,463.83,47.75,110.76,0.1329,-1,-1,-1
282,-1,1889.71,427.10,29.58,202.15,0.1248,-1,-1,-1
282,-1,548.22,451.77,26.02,67.72,0.1213,-1,-1,-1
282,-1,582.88,461.68,17.12,54.52,0.1155,-1,-1,-1
282,-1,1823.42,476.05,69.61,164.59,0.1111,-1,-1,-1
282,-1,1860.21,447.62,58.00,194.11,0.1105,-1,-1,-1
282,-1,673.92,464.60,39.41,78.39,0.1033,-1,-1,-1
283,-1,1474.08,418.23,136.39,436.59,0.8193,-1,-1,-1
283,-1,825.03,423.08,172.34,498.60,0.7782,-1,-1,-1
283,-1,989.68,413.78,155.41,630.75,0.7517,-1,-1,-1
283,-1,713.88,456.03,83.87,188.98,0.6126,-1,-1,-1
283,-1,1094.12,437.59,132.46,362.66,0.4137,-1,-1,-1
283,-1,505.77,442.82,45.01,120.47,0.3908,-1,-1,-1
283,-1,1342.60,442.41,36.54,101.41,0.3751,-1,-1,-1
283,-1,1835.95,461.03,70.98,190.14,0.3557,-1,-1,-1
283,-1,1549.68,436.80,68.88,220.00,0.2904,-1,-1,-1
283,-1,1084.11,449.34,87.85,159.36,0.2764,-1,-1,-1
283,-1,1450.82,414.58,102.40,226.54,0.2534,-1,-1,-1
283,-1,1876.33,397.19,42.93,247.07,0.2272,-1,-1,-1
283,-1,677.20,479.89,48.28,121.29,0.2007,-1,-1,-1
283,-1,384.36,463.29,47.47,112.11,0.1966,-1,-1,-1
283,-1,1665.16,442.24,51.40,145.45,0.1872,-1,-1,-1
283,-1,1449.03,413.62,59.61,230.43,0.1858,-1,-1,-1
283,-1,1299.74,423.05,41.39,122.63,0.1625,-1,-1,-1
283,-1,1093.60,437.21,85.44,353.67,0.1546,-1,-1,-1
283,-1,576.69,463.70,19.13,54.41,0.1516,-1,-1,-1
283,-1,1545.64,415.27,72.10,177.86,0.1465,-1,-1,-1
283,-1,547.43,451.65,26.05,67.69,0.1429,-1,-1,-1
283,-1,1854.49,460.22,65.00,193.76,0.1414,-1,-1,-1
283,-1,1670.01,418.22,109.08,212.76,0.1219,-1,-1,-1
283,-1,583.56,463.63,18.77,52.85,0.1194,-1,-1,-1
283,-1,1891.89,456.54,27.44,185.07,0.1172,-1,-1,-1
283,-1,959.00,446.08,50.34,143.40,0.1138,-1,-1,-1
283,-1,556.16,460.42,22.12,57.15,0.1116,-1,-1,-1
283,-1,1673.66,435.31,59.12,149.49,0.1101,-1,-1,-1
283,-1,1824.28,475.16,69.21,166.00,0.1093,-1,-1,-1
283,-1,710.66,460.78,53.25,181.19,0.1066,-1,-1,-1
284,-1,817.55,423.62,186.17,497.31,0.7929,-1,-1,-1
284,-1,1479.88,421.56,141.88,432.45,0.7883,-1,-1,-1
284,-1,994.09,409.88,144.97,632.37,0.7876,-1,-1,-1
284,-1,715.88,452.87,82.70,193.03,0.6858,-1,-1,-1
284,-1,507.13,441.38,43.99,121.62,0.4299,-1,-1,-1
284,-1,1344.51,444.33,36.90,101.21,0.3510,-1,-1,-1
284,-1,1456.54,416.06,103.07,227.54,0.3258,-1,-1,-1
284,-1,740.42,455.18,60.36,189.24,0.3193,-1,-1,-1
284,-1,1828.36,471.78,78.41,169.26,0.3163,-1,-1,-1
284,-1,1864.70,383.96,54.85,253.56,0.2835,-1,-1,-1
284,-1,1087.65,435.95,83.00,182.03,0.2420,-1,-1,-1
284,-1,576.41,463.95,20.74,53.48,0.2265,-1,-1,-1
284,-1,957.54,452.69,53.67,136.04,0.2168,-1,-1,-1
284,-1,1300.14,421.70,41.35,125.72,0.2143,-1,-1,-1
284,-1,1665.39,440.89,49.15,147.04,0.2125,-1,-1,-1
284,-1,676.04,467.09,52.28,133.24,0.2105,-1,-1,-1
284,-1,1098.14,438.11,75.44,241.44,0.1710,-1,-1,-1
284,-1,583.17,463.50,18.86,52.63,0.1689,-1,-1,-1
284,-1,385.24,465.12,45.77,109.39,0.1642,-1,-1,-1
284,-1,1669.04,417.59,109.95,215.88,0.1583,-1,-1,-1
284,-1,1100.01,465.97,71.53,150.03,0.1513,-1,-1,-1
284,-1,548.39,454.96,24.00,63.51,0.1472,-1,-1,-1
284,-1,1672.29,433.56,81.75,152.18,0.1313,-1,-1,-1
284,-1,1886.80,427.28,32.50,200.25,0.1275,-1,-1,-1
284,-1,556.26,461.77,22.25,55.12,0.1213,-1,-1,-1
284,-1,600.94,453.03,20.20,62.44,0.1121,-1,-1,-1
284,-1,452.22,465.11,32.44,95.34,0.1104,-1,-1,-1
285,-1,995.53,408.07,144.72,633.76,0.8060,-1,-1,-1
285,-1,807.31,425.08,204.78,494.00,0.7976,-1,-1,-1
285,-1,1480.85,421.83,150.78,430.66,0.7966,-1,-1,-1
285,-1,716.75,453.60,82.69,191.48,0.6671,-1,-1,-1
285,-1,506.60,443.08,44.30,120.13,0.4906,-1,-1,-1
285,-1,1347.46,444.23,34.94,101.70,0.3529,-1,-1,-1
285,-1,687.07,466.69,46.24,134.92,0.3214,-1,-1,-1
285,-1,1107.45,459.74,65.78,152.41,0.3041,-1,-1,-1
285,-1,1830.02,464.37,80.83,187.28,0.3034,-1,-1,-1
285,-1,1872.71,392.80,46.57,250.95,0.2807,-1,-1,-1
285,-1,1669.43,419.76,110.08,216.40,0.2538,-1,-1,-1
285,-1,1465.84,412.50,101.24,221.08,0.2404,-1,-1,-1
285,-1,576.97,464.74,19.82,54.00,0.2211,-1,-1,-1
285,-1,1103.45,446.40,70.13,220.37,0.2127,-1,-1,-1
285,-1,1665.49,440.60,50.47,148.30,0.1900,-1,-1,-1
285,-1,1834.42,472.79,63.09,161.77,0.1820,-1,-1,-1
285,-1,956.75,451.95,52.32,132.33,0.1748,-1,-1,-1
285,-1,548.79,454.82,23.96,64.54,0.1739,-1,-1,-1
285,-1,583.74,464.13,19.55,52.91,0.1517,-1,-1,-1
285,-1,1301.40,425.01,40.41,122.63,0.1509,-1,-1,-1
285,-1,673.44,476.21,52.46,128.37,0.1455,-1,-1,-1
285,-1,384.58,465.37,45.22,107.90,0.1444,-1,-1,-1
285,-1,1672.30,431.52,90.08,154.72,0.1427,-1,-1,-1
285,-1,708.88,458.29,38.81,178.67,0.1319,-1,-1,-1
285,-1,556.02,461.20,21.72,56.22,0.1284,-1,-1,-1
285,-1,1885.96,432.23,33.29,196.39,0.1264,-1,-1,-1
285,-1,1679.14,429.42,64.22,162.53,0.1213,-1,-1,-1
285,-1,1863.38,436.66,55.26,202.78,0.1090,-1,-1,-1
285,-1,757.84,458.32,43.35,187.92,0.1077,-1,-1,-1
285,-1,525.32,443.42,36.04,108.18,0.1028,-1,-1,-1
285,-1,705.82,459.27,31.41,157.78,0.1026,-1,-1,-1
286,-1,1488.92,428.14,164.68,425.98,0.8466,-1,-1,-1
286,-1,811.85,424.03,202.74,494.83,0.8169,-1,-1,-1
286,-1,996.30,407.72,146.77,636.92,0.7769,-1,-1,-1
286,-1,715.65,451.11,85.94,195.98,0.7340,-1,-1,-1
286,-1,1351.01,444.25,35.49,102.46,0.4768,-1,-1,-1
286,-1,506.68,443.98,43.99,118.87,0.4561,-1,-1,-1
286,-1,1472.67,425.67,58.65,220.15,0.3333,-1,-1,-1
286,-1,1471.43,413.56,98.32,227.59,0.3162,-1,-1,-1
286,-1,1108.81,461.18,64.20,149.96,0.3120,-1,-1,-1
286,-1,1831.41,463.42,81.58,188.75,0.3032,-1,-1,-1
286,-1,1873.12,394.78,46.18,246.09,0.2971,-1,-1,-1
286,-1,681.97,461.70,49.89,141.06,0.2842,-1,-1,-1
286,-1,1834.70,473.76,63.58,160.43,0.2155,-1,-1,-1
286,-1,1107.91,462.68,66.07,247.85,0.1985,-1,-1,-1
286,-1,1666.07,438.71,52.72,150.82,0.1876,-1,-1,-1
286,-1,1668.71,414.98,109.73,197.36,0.1870,-1,-1,-1
286,-1,576.14,463.23,20.01,55.35,0.1797,-1,-1,-1
286,-1,670.35,473.72,55.81,131.97,0.1747,-1,-1,-1
286,-1,382.69,463.91,45.64,107.98,0.1602,-1,-1,-1
286,-1,1672.64,430.92,90.44,155.33,0.1534,-1,-1,-1
286,-1,1475.81,418.49,65.16,177.03,0.1447,-1,-1,-1
286,-1,549.37,455.21,23.41,64.03,0.1377,-1,-1,-1
286,-1,967.82,450.50,40.59,135.75,0.1343,-1,-1,-1
286,-1,1861.11,442.46,57.63,196.17,0.1318,-1,-1,-1
286,-1,583.63,462.33,19.80,54.93,0.1172,-1,-1,-1
286,-1,556.69,459.71,21.57,57.87,0.1157,-1,-1,-1
286,-1,1301.58,426.06,39.25,120.45,0.1097,-1,-1,-1
286,-1,1681.20,430.18,57.96,158.88,0.1039,-1,-1,-1
287,-1,1488.82,425.31,189.40,428.76,0.8570,-1,-1,-1
287,-1,812.11,426.12,203.11,492.68,0.8246,-1,-1,-1
287,-1,999.07,407.16,146.52,633.51,0.7902,-1,-1,-1
287,-1,718.41,450.45,85.77,197.16,0.7622,-1,-1,-1
287,-1,1478.36,427.90,55.44,210.68,0.5520,-1,-1,-1
287,-1,504.77,438.97,45.59,124.09,0.5207,-1,-1,-1
287,-1,1351.25,444.47,34.23,102.94,0.3743,-1,-1,-1
287,-1,1109.70,464.58,61.74,146.43,0.3636,-1,-1,-1
287,-1,1871.11,392.44,48.23,252.31,0.3296,-1,-1,-1
287,-1,1476.34,416.10,82.17,230.62,0.3145,-1,-1,-1
287,-1,1832.34,467.76,78.79,184.41,0.3058,-1,-1,-1
287,-1,1668.72,428.47,111.45,201.51,0.2953,-1,-1,-1
287,-1,683.25,473.83,47.85,127.37,0.2948,-1,-1,-1
287,-1,1672.93,430.92,98.87,155.05,0.2253,-1,-1,-1
287,-1,576.68,462.50,20.48,56.01,0.1749,-1,-1,-1
287,-1,1665.07,437.91,54.05,151.02,0.1629,-1,-1,-1
287,-1,1836.04,474.83,60.85,156.36,0.1572,-1,-1,-1
287,-1,670.39,480.57,57.66,124.80,0.1351,-1,-1,-1
287,-1,1860.91,437.40,57.88,203.32,0.1348,-1,-1,-1
287,-1,549.66,457.03,22.97,62.43,0.1208,-1,-1,-1
287,-1,583.20,461.42,20.05,55.56,0.1138,-1,-1,-1
287,-1,967.04,451.40,42.10,133.07,0.1135,-1,-1,-1
288,-1,1493.59,431.79,213.60,424.36,0.8783,-1,-1,-1
288,-1,816.52,425.14,198.89,494.06,0.8385,-1,-1,-1
288,-1,1000.28,407.04,146.04,633.69,0.7678,-1,-1,-1
288,-1,720.67,449.26,83.71,198.64,0.7468,-1,-1,-1
288,-1,504.96,438.70,45.17,124.61,0.4844,-1,-1,-1
288,-1,1869.25,390.96,50.09,253.38,0.4018,-1,-1,-1
288,-1,1485.56,422.81,57.90,235.51,0.3546,-1,-1,-1
288,-1,1108.81,468.33,63.92,132.71,0.3441,-1,-1,-1
288,-1,1830.92,474.85,77.14,165.35,0.3160,-1,-1,-1
288,-1,684.02,475.64,47.95,126.43,0.2725,-1,-1,-1
288,-1,1668.52,430.55,112.04,202.80,0.2695,-1,-1,-1
288,-1,1671.49,431.05,99.93,155.63,0.2179,-1,-1,-1
288,-1,1665.37,437.79,55.97,151.00,0.1876,-1,-1,-1
288,-1,577.64,460.88,20.97,57.80,0.1806,-1,-1,-1
288,-1,1356.55,441.06,31.51,104.36,0.1676,-1,-1,-1
288,-1,1835.97,475.82,59.12,150.00,0.1464,-1,-1,-1
288,-1,1303.14,426.29,40.87,119.53,0.1445,-1,-1,-1
288,-1,672.01,481.11,56.63,124.97,0.1371,-1,-1,-1
288,-1,583.62,460.01,20.59,57.56,0.1322,-1,-1,-1
288,-1,1483.08,413.66,91.63,262.26,0.1300,-1,-1,-1
288,-1,1682.12,431.20,61.45,157.78,0.1269,-1,-1,-1
288,-1,706.26,477.53,31.48,99.28,0.1234,-1,-1,-1
288,-1,550.76,455.71,21.67,63.63,0.1230,-1,-1,-1
289,-1,1497.70,436.04,233.76,422.22,0.9085,-1,-1,-1
289,-1,829.02,425.29,186.48,493.20,0.8198,-1,-1,-1
289,-1,725.93,446.82,79.43,201.52,0.8119,-1,-1,-1
289,-1,1002.38,405.83,146.88,634.77,0.7946,-1,-1,-1
289,-1,505.20,440.06,44.94,123.35,0.4816,-1,-1,-1
289,-1,1474.25,416.45,78.45,306.77,0.4379,-1,-1,-1
289,-1,1831.49,473.94,80.89,173.07,0.3556,-1,-1,-1
289,-1,1109.02,464.61,63.74,138.47,0.3491,-1,-1,-1
289,-1,1359.01,435.85,40.09,109.46,0.3081,-1,-1,-1
289,-1,691.00,479.05,42.10,123.62,0.2818,-1,-1,-1
289,-1,1873.83,394.50,45.51,250.94,0.2772,-1,-1,-1
289,-1,1846.37,472.74,58.08,180.64,0.2324,-1,-1,-1
289,-1,1836.29,473.63,57.09,161.62,0.1857,-1,-1,-1
289,-1,705.57,480.01,31.09,97.33,0.1854,-1,-1,-1
289,-1,1881.30,427.06,37.93,205.79,0.1766,-1,-1,-1
289,-1,1303.37,425.89,40.31,120.21,0.1617,-1,-1,-1
289,-1,1666.51,438.60,47.55,149.75,0.1584,-1,-1,-1
289,-1,672.82,485.08,56.95,123.59,0.1419,-1,-1,-1
289,-1,577.90,462.67,19.27,56.03,0.1404,-1,-1,-1
289,-1,1888.54,450.47,30.77,195.57,0.1274,-1,-1,-1
289,-1,1668.84,411.81,112.13,187.92,0.1196,-1,-1,-1
289,-1,1106.35,459.11,69.30,196.08,0.1125,-1,-1,-1
289,-1,551.97,457.10,20.45,61.87,0.1063,-1,-1,-1
289,-1,1868.10,455.48,50.28,186.74,0.1051,-1,-1,-1
289,-1,584.05,462.60,19.70,54.71,0.1025,-1,-1,-1
290,-1,1501.21,447.36,237.37,417.40,0.8909,-1,-1,-1
290,-1,1005.66,407.53,142.96,632.62,0.8125,-1,-1,-1
290,-1,832.97,424.64,181.40,496.59,0.8034,-1,-1,-1
290,-1,732.31,449.83,73.49,198.36,0.7941,-1,-1,-1
290,-1,1439.61,418.04,119.75,297.83,0.6058,-1,-1,-1
290,-1,506.29,442.54,44.59,120.42,0.4155,-1,-1,-1
290,-1,1360.76,436.64,40.90,108.53,0.4005,-1,-1,-1
290,-1,1839.53,460.16,66.61,191.62,0.3796,-1,-1,-1
290,-1,679.13,479.45,52.77,125.20,0.3272,-1,-1,-1
290,-1,1109.20,463.01,65.10,141.50,0.2512,-1,-1,-1
290,-1,1877.96,397.29,41.31,247.98,0.2428,-1,-1,-1
290,-1,733.38,455.78,44.28,159.19,0.2210,-1,-1,-1
290,-1,1302.46,422.73,39.75,126.09,0.1722,-1,-1,-1
290,-1,577.04,461.42,20.19,56.47,0.1505,-1,-1,-1
290,-1,705.79,479.74,30.98,99.42,0.1464,-1,-1,-1
290,-1,1892.39,451.88,26.89,193.19,0.1343,-1,-1,-1
290,-1,1155.21,446.86,40.04,92.76,0.1294,-1,-1,-1
290,-1,1666.88,436.55,55.55,152.42,0.1281,-1,-1,-1
290,-1,711.17,479.14,31.06,99.99,0.1274,-1,-1,-1
290,-1,713.43,484.45,34.62,103.75,0.1248,-1,-1,-1
290,-1,550.63,456.44,21.72,62.33,0.1222,-1,-1,-1
290,-1,1856.82,458.63,62.67,196.15,0.1187,-1,-1,-1
290,-1,583.48,461.97,18.52,54.26,0.1174,-1,-1,-1
290,-1,1824.32,474.75,58.90,167.17,0.1115,-1,-1,-1
290,-1,557.29,463.88,19.95,52.87,0.1071,-1,-1,-1
290,-1,1438.65,412.88,160.07,319.00,0.1036,-1,-1,-1
291,-1,1498.97,428.85,252.05,439.92,0.8773,-1,-1,-1
291,-1,734.33,445.83,79.26,202.33,0.8199,-1,-1,-1
291,-1,838.57,425.68,178.70,495.35,0.8121,-1,-1,-1
291,-1,1006.47,406.48,146.51,633.06,0.8107,-1,-1,-1
291,-1,1362.84,437.86,40.39,109.21,0.5136,-1,-1,-1
291,-1,1417.65,420.25,158.92,321.14,0.4878,-1,-1,-1
291,-1,1836.13,462.59,69.56,188.57,0.4286,-1,-1,-1
291,-1,506.10,445.32,44.45,117.24,0.3710,-1,-1,-1
291,-1,675.94,475.72,54.69,127.76,0.3411,-1,-1,-1
291,-1,1474.78,425.98,50.71,156.81,0.3021,-1,-1,-1
291,-1,1878.03,391.07,41.21,252.69,0.2346,-1,-1,-1
291,-1,1302.89,421.21,38.67,126.70,0.1674,-1,-1,-1
291,-1,576.95,460.67,20.03,56.83,0.1461,-1,-1,-1
291,-1,1892.92,457.82,26.33,182.04,0.1414,-1,-1,-1
291,-1,550.42,456.76,23.43,62.10,0.1358,-1,-1,-1
291,-1,1506.48,421.40,62.32,168.65,0.1330,-1,-1,-1
291,-1,1156.60,443.77,40.10,91.52,0.1326,-1,-1,-1
291,-1,449.66,472.56,34.18,85.51,0.1298,-1,-1,-1
291,-1,1857.26,464.89,58.33,176.47,0.1223,-1,-1,-1
291,-1,583.45,461.71,19.16,54.10,0.1214,-1,-1,-1
291,-1,672.44,471.61,47.16,92.24,0.1178,-1,-1,-1
291,-1,1824.83,475.30,60.55,166.25,0.1175,-1,-1,-1
291,-1,380.21,467.23,45.59,103.74,0.1120,-1,-1,-1
291,-1,1474.87,415.89,100.23,284.35,0.1117,-1,-1,-1
291,-1,556.72,464.37,20.31,52.43,0.1087,-1,-1,-1
291,-1,1109.90,459.20,64.67,151.32,0.1054,-1,-1,-1
291,-1,712.54,480.02,25.50,100.45,0.1052,-1,-1,-1
292,-1,1502.43,437.82,247.57,432.78,0.8454,-1,-1,-1
292,-1,837.76,427.46,179.47,494.09,0.8126,-1,-1,-1
292,-1,1006.69,406.62,147.14,632.03,0.7949,-1,-1,-1
292,-1,739.78,445.84,72.88,203.58,0.7676,-1,-1,-1
292,-1,1363.65,438.71,40.11,108.38,0.5453,-1,-1,-1
292,-1,1838.77,461.81,66.66,189.40,0.3789,-1,-1,-1
292,-1,1402.53,427.55,129.49,290.74,0.3775,-1,-1,-1
292,-1,1506.93,428.31,73.11,249.81,0.3419,-1,-1,-1
292,-1,506.37,443.56,43.97,118.84,0.3401,-1,-1,-1
292,-1,680.21,478.77,51.49,124.22,0.3372,-1,-1,-1
292,-1,1501.47,423.35,78.80,363.16,0.3157,-1,-1,-1
292,-1,1871.89,389.10,47.63,253.98,0.2915,-1,-1,-1
292,-1,1403.39,425.16,165.50,338.45,0.2549,-1,-1,-1
292,-1,1303.18,421.15,38.20,126.93,0.2246,-1,-1,-1
292,-1,734.26,451.68,32.19,162.64,0.2245,-1,-1,-1
292,-1,1475.96,432.10,118.03,366.59,0.2019,-1,-1,-1
292,-1,1156.33,440.85,40.62,102.59,0.1974,-1,-1,-1
292,-1,1110.97,460.63,62.67,150.04,0.1709,-1,-1,-1
292,-1,1887.48,422.40,31.70,211.96,0.1634,-1,-1,-1
292,-1,1465.35,431.04,58.67,152.04,0.1526,-1,-1,-1
292,-1,1513.46,427.12,64.39,195.72,0.1398,-1,-1,-1
292,-1,1893.90,450.75,25.38,194.52,0.1385,-1,-1,-1
292,-1,577.58,462.68,18.55,54.31,0.1293,-1,-1,-1
292,-1,549.44,457.69,23.51,60.73,0.1257,-1,-1,-1
292,-1,1860.55,458.77,58.96,195.78,0.1209,-1,-1,-1
292,-1,1825.22,474.98,58.08,166.00,0.1205,-1,-1,-1
292,-1,583.78,464.73,17.38,50.45,0.1108,-1,-1,-1
292,-1,722.25,480.15,27.26,107.16,0.1100,-1,-1,-1
292,-1,735.55,448.80,41.78,196.13,0.1009,-1,-1,-1
293,-1,1501.67,429.87,257.68,447.77,0.8488,-1,-1,-1
293,-1,846.62,423.31,169.45,498.42,0.8250,-1,-1,-1
293,-1,1002.55,407.22,157.69,632.89,0.7971,-1,-1,-1
293,-1,740.22,444.27,72.70,203.68,0.7632,-1,-1,-1
293,-1,1402.56,429.73,129.26,280.47,0.6514,-1,-1,-1
293,-1,503.06,440.10,46.76,122.87,0.4403,-1,-1,-1
293,-1,1365.48,442.87,39.01,102.89,0.4078,-1,-1,-1
293,-1,1834.96,464.23,70.87,186.31,0.3869,-1,-1,-1
293,-1,678.31,478.52,50.40,127.89,0.3748,-1,-1,-1
293,-1,1155.80,438.74,42.94,112.86,0.3719,-1,-1,-1
293,-1,1871.46,388.27,48.06,252.86,0.3296,-1,-1,-1
293,-1,1302.88,424.22,39.27,123.79,0.2580,-1,-1,-1
293,-1,1501.80,422.67,87.76,345.30,0.2386,-1,-1,-1
293,-1,1514.66,427.56,73.60,262.18,0.2155,-1,-1,-1
293,-1,1402.65,426.76,165.45,327.31,0.1945,-1,-1,-1
293,-1,1822.80,474.77,66.17,166.64,0.1872,-1,-1,-1
293,-1,577.13,462.97,21.32,54.74,0.1657,-1,-1,-1
293,-1,1887.21,426.59,31.89,205.05,0.1595,-1,-1,-1
293,-1,737.15,450.08,41.02,160.00,0.1505,-1,-1,-1
293,-1,1892.16,454.84,27.10,187.67,0.1441,-1,-1,-1
293,-1,583.25,464.65,20.41,51.23,0.1366,-1,-1,-1
293,-1,550.19,459.46,24.09,60.10,0.1285,-1,-1,-1
293,-1,1858.18,460.49,61.29,193.17,0.1097,-1,-1,-1
293,-1,735.81,446.83,52.24,198.15,0.1055,-1,-1,-1
294,-1,1505.77,427.19,255.69,451.74,0.8749,-1,-1,-1
294,-1,843.92,423.75,172.64,496.52,0.8459,-1,-1,-1
294,-1,1003.00,406.05,159.15,634.15,0.8049,-1,-1,-1
294,-1,1401.19,428.92,135.16,280.81,0.7459,-1,-1,-1
294,-1,746.21,449.33,66.89,196.77,0.6966,-1,-1,-1
294,-1,1156.83,439.22,42.96,111.73,0.4842,-1,-1,-1
294,-1,505.17,445.14,45.02,116.95,0.3938,-1,-1,-1
294,-1,1828.08,472.56,76.33,167.98,0.3733,-1,-1,-1
294,-1,1530.16,427.23,70.71,232.24,0.3450,-1,-1,-1
294,-1,1367.99,436.20,39.24,111.69,0.3429,-1,-1,-1
294,-1,679.57,479.09,51.89,124.27,0.3367,-1,-1,-1
294,-1,1874.87,393.90,44.42,247.41,0.2832,-1,-1,-1
294,-1,1302.45,421.97,40.34,126.68,0.2604,-1,-1,-1
294,-1,1523.33,421.26,77.63,316.66,0.2319,-1,-1,-1
294,-1,1847.72,476.46,57.01,174.23,0.2079,-1,-1,-1
294,-1,736.90,457.53,31.88,147.87,0.1960,-1,-1,-1
294,-1,1885.40,423.51,33.65,206.55,0.1893,-1,-1,-1
294,-1,755.87,455.99,70.97,187.44,0.1573,-1,-1,-1
294,-1,577.23,460.95,18.26,57.15,0.1343,-1,-1,-1
294,-1,550.97,456.81,25.50,63.92,0.1266,-1,-1,-1
294,-1,583.62,463.28,17.08,52.94,0.1252,-1,-1,-1
294,-1,1864.92,460.99,52.50,179.05,0.1130,-1,-1,-1
294,-1,1893.36,446.68,25.98,204.69,0.1066,-1,-1,-1
294,-1,715.41,478.46,26.08,110.04,0.1047,-1,-1,-1
294,-1,1110.31,459.65,61.68,134.99,0.1020,-1,-1,-1
295,-1,1519.91,429.38,238.44,447.80,0.8778,-1,-1,-1
295,-1,845.81,421.84,171.38,499.28,0.8430,-1,-1,-1
295,-1,1004.69,405.61,158.00,634.29,0.7995,-1,-1,-1
295,-1,1399.09,427.67,143.84,282.14,0.7324,-1,-1,-1
295,-1,745.63,447.96,72.57,200.48,0.6786,-1,-1,-1
295,-1,1370.00,438.79,40.57,110.07,0.4746,-1,-1,-1
295,-1,1157.49,437.56,44.40,112.45,0.4497,-1,-1,-1
295,-1,1830.51,472.05,73.86,168.79,0.3831,-1,-1,-1
295,-1,1536.02,429.72,74.05,240.21,0.3635,-1,-1,-1
295,-1,504.91,450.37,42.44,107.78,0.3293,-1,-1,-1
295,-1,1868.71,388.55,50.83,256.22,0.3165,-1,-1,-1
295,-1,679.31,482.78,53.16,120.28,0.3152,-1,-1,-1
295,-1,1848.70,476.70,54.91,174.54,0.2323,-1,-1,-1
295,-1,1302.31,421.11,40.51,127.23,0.2001,-1,-1,-1
295,-1,1887.57,413.14,31.56,220.88,0.1901,-1,-1,-1
295,-1,1838.57,473.67,55.61,156.79,0.1575,-1,-1,-1
295,-1,1856.51,420.62,63.02,233.57,0.1568,-1,-1,-1
295,-1,1530.02,429.63,77.34,327.39,0.1310,-1,-1,-1
295,-1,1109.80,456.69,62.23,139.26,0.1309,-1,-1,-1
295,-1,1893.74,431.63,25.59,220.40,0.1297,-1,-1,-1
295,-1,734.74,465.73,32.39,136.25,0.1284,-1,-1,-1
295,-1,583.18,462.76,16.47,53.50,0.1238,-1,-1,-1
295,-1,552.81,457.10,23.17,63.46,0.1121,-1,-1,-1
295,-1,1865.80,453.59,52.11,188.32,0.1115,-1,-1,-1
295,-1,576.98,459.57,17.57,58.52,0.1077,-1,-1,-1
295,-1,710.62,483.05,27.24,106.63,0.1028,-1,-1,-1
295,-1,586.34,455.43,24.58,59.62,0.1007,-1,-1,-1
296,-1,1529.81,427.04,228.80,446.18,0.8483,-1,-1,-1
296,-1,847.88,420.92,172.17,501.77,0.8183,-1,-1,-1
296,-1,1005.39,407.68,159.51,632.76,0.7747,-1,-1,-1
296,-1,1400.21,428.35,145.47,283.68,0.6631,-1,-1,-1
296,-1,753.98,449.31,68.67,197.81,0.6569,-1,-1,-1
296,-1,1158.01,440.45,46.49,109.82,0.4840,-1,-1,-1
296,-1,1375.18,439.16,37.79,106.42,0.3986,-1,-1,-1
296,-1,676.78,479.77,51.16,123.11,0.3874,-1,-1,-1
296,-1,505.45,450.92,41.68,106.72,0.3766,-1,-1,-1
296,-1,1828.92,471.09,74.84,168.72,0.3136,-1,-1,-1
296,-1,1875.28,393.63,44.00,253.26,0.2927,-1,-1,-1
296,-1,1839.46,458.59,72.77,192.41,0.2690,-1,-1,-1
296,-1,1538.69,423.48,85.64,368.79,0.2098,-1,-1,-1
296,-1,1501.23,426.94,123.71,359.51,0.1929,-1,-1,-1
296,-1,1887.72,412.64,31.47,220.18,0.1865,-1,-1,-1
296,-1,1837.07,473.01,55.63,158.56,0.1512,-1,-1,-1
296,-1,1301.83,421.54,40.65,126.14,0.1481,-1,-1,-1
296,-1,1111.13,455.77,61.96,144.07,0.1475,-1,-1,-1
296,-1,1854.39,451.99,65.15,202.21,0.1385,-1,-1,-1
296,-1,1543.11,418.80,82.00,265.99,0.1355,-1,-1,-1
296,-1,552.35,455.72,22.79,64.46,0.1261,-1,-1,-1
296,-1,584.09,462.18,17.13,53.17,0.1192,-1,-1,-1
296,-1,733.50,478.20,33.27,121.72,0.1186,-1,-1,-1
296,-1,378.00,465.52,46.89,105.81,0.1179,-1,-1,-1
296,-1,577.07,458.81,17.46,58.26,0.1142,-1,-1,-1
296,-1,717.97,480.94,24.95,110.59,0.1116,-1,-1,-1
296,-1,586.86,455.68,24.56,59.71,0.1097,-1,-1,-1
296,-1,671.30,473.91,38.31,70.78,0.1071,-1,-1,-1
296,-1,379.96,464.30,40.39,56.66,0.1027,-1,-1,-1
296,-1,557.03,465.96,21.84,51.85,0.1018,-1,-1,-1
297,-1,1532.88,423.00,236.63,454.24,0.8635,-1,-1,-1
297,-1,854.40,418.71,164.39,503.22,0.8092,-1,-1,-1
297,-1,1008.77,405.99,154.06,634.33,0.7870,-1,-1,-1
297,-1,1399.72,428.25,139.51,284.50,0.7720,-1,-1,-1
297,-1,755.91,447.02,67.60,203.31,0.6997,-1,-1,-1
297,-1,1158.33,442.03,47.31,107.68,0.4543,-1,-1,-1
297,-1,680.20,484.12,49.77,120.16,0.3864,-1,-1,-1
297,-1,1873.50,389.67,45.78,255.42,0.3629,-1,-1,-1
297,-1,505.63,453.17,40.91,103.89,0.3419,-1,-1,-1
297,-1,1827.86,473.96,76.91,164.51,0.2576,-1,-1,-1
297,-1,1884.54,407.28,34.74,221.78,0.2487,-1,-1,-1
297,-1,1555.78,426.05,75.79,235.64,0.2126,-1,-1,-1
297,-1,1838.16,467.88,78.25,183.00,0.2111,-1,-1,-1
297,-1,1377.35,440.74,41.13,102.28,0.2008,-1,-1,-1
297,-1,732.64,492.06,27.77,104.15,0.1496,-1,-1,-1
297,-1,721.02,483.64,27.74,112.12,0.1046,-1,-1,-1
298,-1,1544.78,425.74,232.21,448.52,0.8304,-1,-1,-1
298,-1,1398.02,429.04,125.34,279.03,0.8157,-1,-1,-1
298,-1,1009.34,405.68,157.45,633.44,0.8087,-1,-1,-1
298,-1,857.19,420.80,163.28,501.49,0.8069,-1,-1,-1
298,-1,753.18,449.36,70.56,200.00,0.7448,-1,-1,-1
298,-1,1158.73,442.73,48.17,106.81,0.4245,-1,-1,-1
298,-1,504.70,449.49,42.76,108.85,0.4231,-1,-1,-1
298,-1,1873.03,388.70,46.25,255.24,0.4033,-1,-1,-1
298,-1,677.72,478.50,52.13,124.69,0.3857,-1,-1,-1
298,-1,1562.90,423.22,80.89,242.05,0.2616,-1,-1,-1
298,-1,1882.69,402.24,36.64,225.59,0.2567,-1,-1,-1
298,-1,1826.22,475.02,77.95,163.06,0.1925,-1,-1,-1
298,-1,1836.02,460.36,82.29,181.60,0.1578,-1,-1,-1
298,-1,731.95,494.09,28.44,103.64,0.1459,-1,-1,-1
298,-1,1546.44,425.34,98.09,356.09,0.1425,-1,-1,-1
298,-1,1835.75,475.30,56.14,135.96,0.1311,-1,-1,-1
298,-1,377.06,469.39,48.07,105.58,0.1214,-1,-1,-1
298,-1,380.61,465.46,39.62,64.96,0.1169,-1,-1,-1
298,-1,551.27,453.86,23.18,67.08,0.1118,-1,-1,-1
298,-1,1109.92,453.63,63.03,136.87,0.1003,-1,-1,-1
299,-1,1571.46,423.57,207.09,454.60,0.8337,-1,-1,-1
299,-1,1005.85,403.69,165.10,633.47,0.8291,-1,-1,-1
299,-1,1395.69,432.68,108.20,273.63,0.8251,-1,-1,-1
299,-1,862.12,419.45,157.10,505.01,0.7930,-1,-1,-1
299,-1,757.84,449.39,74.96,200.60,0.7711,-1,-1,-1
299,-1,682.88,486.27,45.60,117.51,0.4613,-1,-1,-1
299,-1,505.32,448.36,40.62,108.98,0.3524,-1,-1,-1
299,-1,732.56,492.72,36.95,108.79,0.3214,-1,-1,-1
299,-1,1876.07,394.18,43.22,251.69,0.2870,-1,-1,-1
299,-1,1855.74,383.01,63.83,266.31,0.2781,-1,-1,-1
299,-1,1841.91,464.98,73.66,186.45,0.2703,-1,-1,-1
299,-1,1159.07,443.09,48.14,105.80,0.2699,-1,-1,-1
299,-1,1889.14,414.31,30.14,221.69,0.1858,-1,-1,-1
299,-1,378.24,470.36,45.32,103.80,0.1444,-1,-1,-1
299,-1,675.21,481.87,45.00,124.17,0.1435,-1,-1,-1
299,-1,1382.28,433.71,33.79,115.34,0.1434,-1,-1,-1
299,-1,730.17,485.39,30.67,114.32,0.1428,-1,-1,-1
299,-1,1839.09,472.76,55.49,150.19,0.1389,-1,-1,-1
299,-1,1302.62,424.67,40.79,122.48,0.1179,-1,-1,-1
299,-1,553.45,455.21,21.93,65.12,0.1126,-1,-1,-1
299,-1,724.80,492.41,31.34,105.21,0.1073,-1,-1,-1
300,-1,1010.73,402.48,165.32,631.08,0.8199,-1,-1,-1
300,-1,1582.81,417.14,196.64,458.46,0.7967,-1,-1,-1
300,-1,1388.66,424.44,98.50,282.75,0.7927,-1,-1,-1
300,-1,765.85,448.94,71.60,203.05,0.7754,-1,-1,-1
300,-1,866.73,418.69,151.31,509.28,0.7631,-1,-1,-1
300,-1,683.94,491.39,43.69,113.61,0.4125,-1,-1,-1
300,-1,503.39,448.52,43.42,109.92,0.3946,-1,-1,-1
300,-1,1161.72,442.10,51.57,106.97,0.3928,-1,-1,-1
300,-1,1838.68,463.80,69.14,187.09,0.3390,-1,-1,-1
300,-1,1877.40,394.23,41.91,251.74,0.2958,-1,-1,-1
300,-1,1859.54,383.68,60.04,266.02,0.2785,-1,-1,-1
300,-1,1577.18,420.20,81.30,245.74,0.2561,-1,-1,-1
300,-1,735.98,493.91,38.22,107.24,0.2497,-1,-1,-1
300,-1,1889.74,410.30,29.49,224.50,0.2183,-1,-1,-1
300,-1,1179.25,441.77,39.54,107.58,0.1985,-1,-1,-1
300,-1,732.70,491.77,27.85,104.90,0.1800,-1,-1,-1
300,-1,1569.52,422.62,89.91,334.06,0.1618,-1,-1,-1
300,-1,1851.26,445.27,68.30,208.78,0.1569,-1,-1,-1
300,-1,378.48,467.13,45.07,106.74,0.1448,-1,-1,-1
300,-1,552.83,448.83,23.19,71.48,0.1369,-1,-1,-1
300,-1,558.72,458.59,22.54,59.69,0.1205,-1,-1,-1
300,-1,572.91,451.96,20.47,65.61,0.1140,-1,-1,-1
300,-1,0.29,709.15,103.93,154.06,0.1084,-1,-1,-1
300,-1,582.67,453.42,16.59,62.86,0.1047,-1,-1,-1
300,-1,497.75,449.56,34.96,106.10,0.1028,-1,-1,-1
300,-1,1716.30,429.65,67.50,151.86,0.1003,-1,-1,-1
300,-1,1892.93,447.80,26.43,201.71,0.1001,-1,-1,-1
301,-1,1011.63,402.37,163.55,629.68,0.8131,-1,-1,-1
301,-1,1615.11,419.66,177.93,457.76,0.8062,-1,-1,-1
301,-1,1383.22,425.17,82.44,279.66,0.7949,-1,-1,-1
301,-1,765.96,453.80,72.66,197.82,0.7802,-1,-1,-1
301,-1,884.78,420.65,132.81,513.75,0.7675,-1,-1,-1
301,-1,1578.55,419.91,91.10,340.42,0.5354,-1,-1,-1
301,-1,1161.80,442.87,54.45,107.77,0.3982,-1,-1,-1
301,-1,504.16,449.29,40.92,108.75,0.3796,-1,-1,-1
301,-1,681.82,486.69,46.74,119.78,0.3743,-1,-1,-1
301,-1,736.10,484.50,41.07,114.80,0.3629,-1,-1,-1
301,-1,1877.75,389.53,41.54,252.83,0.3265,-1,-1,-1
301,-1,1838.35,471.65,69.33,179.27,0.2861,-1,-1,-1
301,-1,1581.17,417.62,88.51,238.37,0.2728,-1,-1,-1
301,-1,0.00,615.75,108.67,245.25,0.2486,-1,-1,-1
301,-1,1182.15,442.27,36.65,109.74,0.2471,-1,-1,-1
301,-1,1890.43,405.40,28.84,227.12,0.2327,-1,-1,-1
301,-1,379.13,466.93,43.75,105.91,0.2292,-1,-1,-1
301,-1,1722.64,436.27,59.26,143.12,0.2173,-1,-1,-1
301,-1,1852.04,428.88,67.52,224.80,0.1859,-1,-1,-1
301,-1,731.71,488.75,30.09,107.43,0.1715,-1,-1,-1
301,-1,1301.68,424.33,42.70,123.78,0.1395,-1,-1,-1
301,-1,552.86,451.05,23.78,69.33,0.1278,-1,-1,-1
301,-1,581.57,454.48,18.49,62.58,0.1249,-1,-1,-1
301,-1,571.99,453.72,22.48,64.56,0.1221,-1,-1,-1
301,-1,1839.45,473.95,57.20,152.01,0.1219,-1,-1,-1
301,-1,558.45,459.45,23.35,59.21,0.1099,-1,-1,-1
301,-1,0.43,685.84,64.41,173.07,0.1084,-1,-1,-1
301,-1,0.00,343.09,109.28,517.57,0.1037,-1,-1,-1
302,-1,1007.19,402.78,170.02,603.64,0.8233,-1,-1,-1
302,-1,1636.11,413.09,165.54,464.93,0.8198,-1,-1,-1
302,-1,1371.64,425.85,81.17,279.27,0.7806,-1,-1,-1
302,-1,888.54,419.63,127.64,523.00,0.7652,-1,-1,-1
302,-1,766.52,455.79,77.52,196.23,0.7492,-1,-1,-1
302,-1,1163.69,442.76,55.66,107.22,0.4853,-1,-1,-1
302,-1,505.98,450.67,39.16,108.35,0.3860,-1,-1,-1
302,-1,1837.29,465.51,71.04,185.41,0.3197,-1,-1,-1
302,-1,683.42,487.81,45.77,116.95,0.3152,-1,-1,-1
302,-1,0.00,629.54,116.42,229.72,0.3107,-1,-1,-1
302,-1,378.94,467.49,43.58,105.40,0.2989,-1,-1,-1
302,-1,1877.60,389.18,41.68,255.01,0.2832,-1,-1,-1
302,-1,1582.81,420.12,102.20,379.50,0.2651,-1,-1,-1
302,-1,735.03,481.40,40.10,118.14,0.2474,-1,-1,-1
302,-1,1585.00,418.72,99.31,248.17,0.2216,-1,-1,-1
302,-1,1891.64,415.98,27.62,215.98,0.1833,-1,-1,-1
302,-1,0.45,671.14,74.10,186.81,0.1556,-1,-1,-1
302,-1,1301.74,424.46,43.94,123.37,0.1554,-1,-1,-1
302,-1,553.25,451.59,23.70,68.32,0.1495,-1,-1,-1
302,-1,731.00,488.80,31.23,108.06,0.1455,-1,-1,-1
302,-1,1852.72,433.52,66.86,221.17,0.1454,-1,-1,-1
302,-1,583.17,455.28,19.81,61.30,0.1284,-1,-1,-1
302,-1,736.99,503.05,34.53,97.83,0.1232,-1,-1,-1
302,-1,558.52,459.38,23.14,58.79,0.1224,-1,-1,-1
302,-1,574.85,454.41,20.40,63.34,0.1136,-1,-1,-1
302,-1,675.08,486.03,40.82,106.27,0.1068,-1,-1,-1
302,-1,585.13,454.81,25.38,61.21,0.1065,-1,-1,-1
302,-1,1725.19,435.59,57.29,143.07,0.1006,-1,-1,-1
303,-1,1651.47,407.78,161.98,487.56,0.8535,-1,-1,-1
303,-1,1012.26,402.96,163.96,619.72,0.8128,-1,-1,-1
303,-1,1357.06,424.41,92.02,280.78,0.8104,-1,-1,-1
303,-1,890.19,419.46,128.45,523.29,0.7713,-1,-1,-1
303,-1,770.44,451.48,76.42,199.94,0.7275,-1,-1,-1
303,-1,1175.63,442.12,43.84,108.44,0.4546,-1,-1,-1
303,-1,503.28,449.03,41.67,111.10,0.4206,-1,-1,-1
303,-1,0.00,599.77,120.16,259.09,0.4129,-1,-1,-1
303,-1,736.42,481.15,40.48,118.13,0.3899,-1,-1,-1
303,-1,1830.82,473.25,73.00,169.35,0.3529,-1,-1,-1
303,-1,1585.09,411.84,106.71,392.11,0.3366,-1,-1,-1
303,-1,679.89,485.75,47.27,121.94,0.3049,-1,-1,-1
303,-1,378.74,466.44,42.81,105.47,0.2970,-1,-1,-1
303,-1,1848.06,484.27,55.73,167.01,0.2680,-1,-1,-1
303,-1,1873.41,386.16,46.14,261.31,0.2556,-1,-1,-1
303,-1,0.32,635.50,83.32,221.01,0.1913,-1,-1,-1
303,-1,764.04,455.87,66.17,172.43,0.1887,-1,-1,-1
303,-1,1892.68,412.03,26.52,224.60,0.1747,-1,-1,-1
303,-1,553.10,451.31,24.16,68.61,0.1726,-1,-1,-1
303,-1,732.73,485.83,34.80,110.95,0.1707,-1,-1,-1
303,-1,574.35,454.36,21.22,63.17,0.1661,-1,-1,-1
303,-1,1593.08,407.43,100.29,260.73,0.1604,-1,-1,-1
303,-1,1301.30,423.31,43.48,124.15,0.1586,-1,-1,-1
303,-1,583.06,454.77,20.03,61.61,0.1520,-1,-1,-1
303,-1,558.04,458.02,23.33,60.57,0.1465,-1,-1,-1
303,-1,498.43,447.47,35.92,110.12,0.1325,-1,-1,-1
303,-1,584.50,454.42,26.47,62.11,0.1203,-1,-1,-1
303,-1,0.00,426.58,120.10,431.67,0.1197,-1,-1,-1
304,-1,1660.11,409.22,159.59,494.18,0.8556,-1,-1,-1
304,-1,1343.19,422.18,101.81,283.07,0.8363,-1,-1,-1
304,-1,1012.16,402.48,174.34,620.13,0.7928,-1,-1,-1
304,-1,772.46,451.06,79.01,203.40,0.7669,-1,-1,-1
304,-1,868.83,418.53,150.64,526.65,0.7600,-1,-1,-1
304,-1,0.00,543.90,121.14,315.73,0.5551,-1,-1,-1
304,-1,502.52,449.85,42.41,111.51,0.4636,-1,-1,-1
304,-1,737.98,477.50,40.61,121.42,0.4545,-1,-1,-1
304,-1,1834.39,473.64,67.18,168.80,0.4235,-1,-1,-1
304,-1,1184.70,441.59,36.27,107.99,0.3954,-1,-1,-1
304,-1,1593.62,407.14,106.95,363.70,0.3404,-1,-1,-1
304,-1,378.93,466.23,42.22,106.40,0.3380,-1,-1,-1
304,-1,680.16,484.99,46.71,122.56,0.3312,-1,-1,-1
304,-1,1872.27,386.43,47.30,262.22,0.2404,-1,-1,-1
304,-1,1603.10,403.42,97.52,267.39,0.2167,-1,-1,-1
304,-1,1848.53,492.00,54.95,160.61,0.1880,-1,-1,-1
304,-1,1894.19,452.54,25.07,193.12,0.1755,-1,-1,-1
304,-1,553.23,452.38,24.46,68.16,0.1689,-1,-1,-1
304,-1,1169.90,437.11,50.31,114.53,0.1651,-1,-1,-1
304,-1,1301.29,422.48,43.04,124.98,0.1595,-1,-1,-1
304,-1,558.43,457.78,23.67,61.63,0.1559,-1,-1,-1
304,-1,573.21,453.87,21.84,64.11,0.1443,-1,-1,-1
304,-1,582.21,454.15,19.43,62.81,0.1435,-1,-1,-1
304,-1,586.18,454.46,25.57,61.32,0.1186,-1,-1,-1
304,-1,1850.63,422.73,68.67,232.05,0.1069,-1,-1,-1
304,-1,731.52,474.74,39.07,121.18,0.1036,-1,-1,-1
304,-1,710.82,479.91,29.26,113.02,0.1009,-1,-1,-1
305,-1,1664.83,415.27,159.62,492.71,0.8178,-1,-1,-1
305,-1,1343.24,422.83,98.72,280.42,0.7977,-1,-1,-1
305,-1,868.25,418.44,151.16,528.23,0.7633,-1,-1,-1
305,-1,773.38,449.12,78.22,206.23,0.7584,-1,-1,-1
305,-1,1012.26,404.42,180.70,613.98,0.7425,-1,-1,-1
305,-1,1185.24,439.81,38.58,111.05,0.5284,-1,-1,-1
305,-1,739.05,480.78,40.04,116.87,0.4989,-1,-1,-1
305,-1,504.04,449.14,42.17,112.10,0.4621,-1,-1,-1
305,-1,1842.78,464.76,61.77,184.60,0.4422,-1,-1,-1
305,-1,682.11,486.52,46.22,119.53,0.3815,-1,-1,-1
305,-1,0.15,599.98,120.19,260.23,0.3730,-1,-1,-1
305,-1,378.80,466.24,42.77,106.28,0.3427,-1,-1,-1
305,-1,1606.35,409.14,106.33,378.80,0.2908,-1,-1,-1
305,-1,1301.75,413.77,45.21,136.50,0.2546,-1,-1,-1
305,-1,1878.78,393.07,40.53,252.74,0.2223,-1,-1,-1
305,-1,1610.57,406.15,98.72,261.24,0.2197,-1,-1,-1
305,-1,0.00,397.54,121.32,461.04,0.2111,-1,-1,-1
305,-1,0.11,611.75,72.03,246.27,0.1888,-1,-1,-1
305,-1,1892.35,449.66,26.99,194.42,0.1726,-1,-1,-1
305,-1,553.00,453.15,23.22,66.78,0.1429,-1,-1,-1
305,-1,573.93,454.10,21.67,63.18,0.1416,-1,-1,-1
305,-1,582.44,454.44,19.45,61.73,0.1304,-1,-1,-1
305,-1,675.10,486.59,43.09,118.63,0.1285,-1,-1,-1
305,-1,1850.34,450.42,68.98,203.41,0.1270,-1,-1,-1
305,-1,558.24,461.82,22.54,56.32,0.1224,-1,-1,-1
305,-1,1290.21,420.26,42.75,126.13,0.1117,-1,-1,-1
305,-1,587.23,455.44,23.93,60.14,0.1102,-1,-1,-1
305,-1,717.27,486.25,25.21,109.16,0.1048,-1,-1,-1
306,-1,1668.03,417.49,183.43,490.32,0.8461,-1,-1,-1
306,-1,1321.21,420.49,121.16,282.01,0.8137,-1,-1,-1
306,-1,869.23,417.77,152.93,527.21,0.7918,-1,-1,-1
306,-1,775.11,449.11,77.66,206.47,0.7793,-1,-1,-1
306,-1,1015.56,403.66,196.45,610.74,0.7285,-1,-1,-1
306,-1,0.00,404.08,121.42,457.58,0.6558,-1,-1,-1
306,-1,1187.22,442.97,38.23,107.99,0.5834,-1,-1,-1
306,-1,502.26,449.15,43.05,112.41,0.4723,-1,-1,-1
306,-1,1615.30,411.39,105.00,386.10,0.4241,-1,-1,-1
306,-1,735.97,477.57,44.81,120.13,0.4217,-1,-1,-1
306,-1,1843.49,473.35,62.07,176.06,0.3892,-1,-1,-1
306,-1,1302.59,411.58,42.89,165.08,0.3683,-1,-1,-1
306,-1,1618.56,407.88,98.98,244.28,0.3411,-1,-1,-1
306,-1,378.39,466.49,42.72,105.84,0.3134,-1,-1,-1
306,-1,679.40,486.79,51.42,120.51,0.2880,-1,-1,-1
306,-1,1870.78,386.85,48.77,261.17,0.2780,-1,-1,-1
306,-1,1890.31,419.86,28.81,218.53,0.1671,-1,-1,-1
306,-1,0.13,549.82,121.98,313.01,0.1458,-1,-1,-1
306,-1,1847.98,443.93,71.30,208.63,0.1451,-1,-1,-1
306,-1,552.55,454.11,23.94,65.25,0.1114,-1,-1,-1
306,-1,1292.40,417.29,47.74,133.94,0.1079,-1,-1,-1
306,-1,582.73,456.32,19.44,59.45,0.1061,-1,-1,-1
306,-1,574.25,455.98,21.20,60.93,0.1025,-1,-1,-1
307,-1,1310.09,426.65,130.18,276.53,0.8524,-1,-1,-1
307,-1,0.00,393.85,120.04,470.27,0.8085,-1,-1,-1
307,-1,869.99,415.32,148.16,523.69,0.8062,-1,-1,-1
307,-1,777.18,446.77,78.53,209.92,0.7915,-1,-1,-1
307,-1,1014.99,400.09,206.84,617.31,0.7836,-1,-1,-1
307,-1,1673.23,424.05,213.53,492.72,0.7101,-1,-1,-1
307,-1,1620.85,411.96,108.37,396.92,0.5526,-1,-1,-1
307,-1,1187.56,442.24,38.72,107.11,0.5167,-1,-1,-1
307,-1,735.82,478.23,45.27,120.20,0.4231,-1,-1,-1
307,-1,500.30,451.01,41.29,110.69,0.4017,-1,-1,-1
307,-1,375.51,466.75,47.29,107.56,0.3048,-1,-1,-1
307,-1,1838.69,471.52,69.40,178.94,0.2976,-1,-1,-1
307,-1,1301.80,416.38,40.90,150.20,0.2262,-1,-1,-1
307,-1,1871.81,386.15,47.72,261.79,0.2239,-1,-1,-1
307,-1,683.70,489.52,47.18,111.99,0.2104,-1,-1,-1
307,-1,1890.11,410.91,29.07,228.58,0.1847,-1,-1,-1
307,-1,507.65,449.27,40.44,112.98,0.1830,-1,-1,-1
307,-1,1625.48,407.98,103.61,253.39,0.1265,-1,-1,-1
307,-1,1853.59,465.99,65.72,186.08,0.1223,-1,-1,-1
307,-1,1176.09,437.12,47.27,112.28,0.1180,-1,-1,-1
307,-1,714.31,485.53,25.99,107.62,0.1061,-1,-1,-1
308,-1,1304.43,427.47,134.57,274.39,0.8475,-1,-1,-1
308,-1,1673.56,420.70,243.67,498.69,0.8375,-1,-1,-1
308,-1,1016.37,400.23,218.33,616.37,0.8355,-1,-1,-1
308,-1,870.56,415.61,151.60,522.69,0.8112,-1,-1,-1
308,-1,0.00,393.24,119.51,470.71,0.8108,-1,-1,-1
308,-1,782.48,445.72,73.29,210.87,0.7655,-1,-1,-1
308,-1,1623.17,408.44,123.90,394.05,0.6001,-1,-1,-1
308,-1,1189.33,443.67,39.90,105.83,0.4955,-1,-1,-1
308,-1,502.23,452.31,39.26,109.70,0.4137,-1,-1,-1
308,-1,735.28,479.57,47.22,118.60,0.4085,-1,-1,-1
308,-1,376.30,467.65,46.65,107.40,0.3487,-1,-1,-1
308,-1,1841.39,474.69,63.36,175.65,0.3289,-1,-1,-1
308,-1,1296.33,416.76,49.42,145.61,0.2627,-1,-1,-1
308,-1,687.42,488.47,46.71,112.12,0.2080,-1,-1,-1
308,-1,1873.09,386.14,46.42,262.50,0.2006,-1,-1,-1
308,-1,1891.58,410.44,27.48,230.43,0.1854,-1,-1,-1
308,-1,512.48,451.68,34.47,111.22,0.1272,-1,-1,-1
308,-1,1854.58,444.43,64.69,208.20,0.1235,-1,-1,-1
308,-1,1892.68,473.99,26.61,174.08,0.1188,-1,-1,-1
308,-1,674.75,492.04,55.75,112.02,0.1089,-1,-1,-1
309,-1,1296.47,430.06,140.81,270.87,0.8556,-1,-1,-1
309,-1,1676.19,420.88,241.31,504.73,0.8480,-1,-1,-1
309,-1,1016.49,400.38,226.73,614.57,0.8309,-1,-1,-1
309,-1,0.00,395.63,119.15,468.66,0.8150,-1,-1,-1
309,-1,871.71,415.84,149.91,523.48,0.8135,-1,-1,-1
309,-1,787.94,446.73,75.21,208.92,0.7658,-1,-1,-1
309,-1,1629.41,407.41,128.99,410.12,0.6052,-1,-1,-1
309,-1,734.25,479.86,49.27,119.05,0.4828,-1,-1,-1
309,-1,375.87,465.38,46.29,109.30,0.4417,-1,-1,-1
309,-1,1190.67,437.35,39.43,112.03,0.4286,-1,-1,-1
309,-1,500.52,452.69,40.05,109.23,0.4100,-1,-1,-1
309,-1,1297.10,422.04,42.01,127.23,0.2601,-1,-1,-1
309,-1,1848.31,472.04,57.61,175.05,0.2395,-1,-1,-1
309,-1,1879.74,391.88,39.58,255.33,0.2316,-1,-1,-1
309,-1,685.24,488.12,46.66,112.07,0.2057,-1,-1,-1
309,-1,1862.13,384.91,57.30,266.01,0.1650,-1,-1,-1
309,-1,417.74,466.11,35.75,100.15,0.1394,-1,-1,-1
309,-1,1889.26,430.57,30.02,218.84,0.1296,-1,-1,-1
309,-1,551.52,453.35,24.53,64.32,0.1158,-1,-1,-1
309,-1,713.88,483.98,25.17,108.81,0.1154,-1,-1,-1
309,-1,575.88,456.02,20.47,59.69,0.1090,-1,-1,-1
309,-1,583.73,457.49,20.84,57.59,0.1073,-1,-1,-1
309,-1,557.14,462.98,22.92,53.59,0.1041,-1,-1,-1
310,-1,1679.63,419.96,239.16,512.43,0.8753,-1,-1,-1
310,-1,1016.90,398.93,234.17,617.06,0.8609,-1,-1,-1
310,-1,1286.80,425.57,141.07,274.07,0.8316,-1,-1,-1
310,-1,870.58,416.83,151.20,524.87,0.8190,-1,-1,-1
310,-1,0.00,392.52,116.94,471.16,0.8075,-1,-1,-1
310,-1,794.49,445.03,71.94,210.40,0.7753,-1,-1,-1
310,-1,1626.30,407.32,135.19,402.90,0.6216,-1,-1,-1
310,-1,1190.21,439.79,41.18,109.35,0.5130,-1,-1,-1
310,-1,733.72,477.77,48.97,120.86,0.5130,-1,-1,-1
310,-1,375.63,463.88,45.54,109.67,0.4477,-1,-1,-1
310,-1,498.12,452.32,42.46,109.90,0.4032,-1,-1,-1
310,-1,1874.63,384.26,44.90,263.82,0.3096,-1,-1,-1
310,-1,683.19,483.04,49.06,120.85,0.2641,-1,-1,-1
310,-1,1886.51,400.50,32.68,241.05,0.2545,-1,-1,-1
310,-1,1848.97,481.77,56.85,166.46,0.1881,-1,-1,-1
310,-1,707.83,477.48,30.80,112.86,0.1293,-1,-1,-1
310,-1,671.61,480.62,34.20,61.49,0.1123,-1,-1,-1
310,-1,587.12,456.15,23.92,60.08,0.1053,-1,-1,-1
310,-1,552.38,456.08,23.34,61.36,0.1037,-1,-1,-1
310,-1,417.68,465.49,35.18,100.78,0.1024,-1,-1,-1
311,-1,1676.85,426.07,241.54,515.10,0.8566,-1,-1,-1
311,-1,1017.82,402.50,232.53,615.26,0.8496,-1,-1,-1
311,-1,1293.19,432.04,121.96,263.31,0.8339,-1,-1,-1
311,-1,869.25,418.71,153.06,522.77,0.8316,-1,-1,-1
311,-1,0.13,395.51,116.05,465.70,0.8177,-1,-1,-1
311,-1,796.70,445.84,70.67,210.92,0.7759,-1,-1,-1
311,-1,1628.08,406.30,138.26,392.11,0.6283,-1,-1,-1
311,-1,733.22,474.92,49.59,123.36,0.5420,-1,-1,-1
311,-1,1190.21,439.50,41.00,110.10,0.4810,-1,-1,-1
311,-1,497.27,451.98,43.63,109.95,0.3592,-1,-1,-1
311,-1,683.81,482.69,49.99,122.45,0.2953,-1,-1,-1
311,-1,376.87,464.30,43.68,107.42,0.2935,-1,-1,-1
311,-1,1871.44,383.35,48.07,265.93,0.2278,-1,-1,-1
311,-1,1883.62,396.15,35.56,250.74,0.1519,-1,-1,-1
311,-1,507.04,447.69,42.04,110.76,0.1385,-1,-1,-1
311,-1,417.17,466.92,34.89,100.25,0.1211,-1,-1,-1
311,-1,704.39,478.71,33.64,114.72,0.1128,-1,-1,-1
311,-1,553.29,456.85,22.57,60.47,0.1109,-1,-1,-1
311,-1,1865.80,378.99,53.71,444.02,0.1103,-1,-1,-1
311,-1,587.67,456.23,23.84,59.07,0.1045,-1,-1,-1
311,-1,584.07,459.63,19.81,55.55,0.1008,-1,-1,-1
311,-1,675.48,489.63,52.11,119.97,0.1003,-1,-1,-1
312,-1,1020.71,403.12,229.26,614.80,0.8396,-1,-1,-1
312,-1,1679.64,427.10,239.82,513.92,0.8322,-1,-1,-1
312,-1,868.58,418.70,152.21,523.74,0.8254,-1,-1,-1
312,-1,0.04,395.82,125.96,462.71,0.8204,-1,-1,-1
312,-1,1285.36,430.54,114.36,262.26,0.8172,-1,-1,-1
312,-1,799.42,447.21,68.00,207.67,0.7666,-1,-1,-1
312,-1,1642.60,407.13,130.78,410.39,0.5427,-1,-1,-1
312,-1,1191.02,437.04,42.39,113.41,0.5044,-1,-1,-1
312,-1,734.82,478.23,47.16,120.07,0.4776,-1,-1,-1
312,-1,496.26,454.20,41.40,107.33,0.3422,-1,-1,-1
312,-1,377.81,464.89,42.55,106.37,0.3257,-1,-1,-1
312,-1,685.29,485.65,46.30,119.33,0.2742,-1,-1,-1
312,-1,1872.05,384.66,47.50,333.64,0.1924,-1,-1,-1
312,-1,1276.91,434.67,94.93,256.42,0.1444,-1,-1,-1
312,-1,1875.38,391.87,43.94,229.64,0.1368,-1,-1,-1
312,-1,553.59,456.52,21.69,60.40,0.1271,-1,-1,-1
312,-1,706.55,480.23,31.21,112.85,0.1092,-1,-1,-1
312,-1,587.06,456.35,24.93,58.89,0.1059,-1,-1,-1
312,-1,416.07,476.92,39.51,92.07,0.1053,-1,-1,-1
313,-1,0.68,398.04,143.64,459.57,0.8585,-1,-1,-1
313,-1,1684.34,424.57,235.18,516.79,0.8484,-1,-1,-1
313,-1,1020.79,401.35,229.29,614.23,0.8308,-1,-1,-1
313,-1,868.62,419.21,154.98,522.91,0.8142,-1,-1,-1
313,-1,799.74,446.91,76.09,207.79,0.7839,-1,-1,-1
313,-1,1275.74,430.31,112.37,262.52,0.7651,-1,-1,-1
313,-1,732.54,476.31,50.61,122.05,0.5379,-1,-1,-1
313,-1,1191.39,438.76,43.32,112.69,0.5203,-1,-1,-1
313,-1,1642.97,409.48,145.88,414.36,0.5130,-1,-1,-1
313,-1,497.46,451.94,41.26,110.19,0.3531,-1,-1,-1
313,-1,683.40,481.76,50.03,121.89,0.2815,-1,-1,-1
313,-1,375.53,463.73,44.87,109.30,0.2784,-1,-1,-1
313,-1,1871.75,384.30,47.91,304.52,0.1858,-1,-1,-1
313,-1,1870.25,385.87,49.29,540.52,0.1557,-1,-1,-1
313,-1,553.60,457.33,21.74,59.34,0.1323,-1,-1,-1
313,-1,1867.87,385.56,51.28,217.57,0.1253,-1,-1,-1
313,-1,1123.67,432.30,58.95,154.42,0.1200,-1,-1,-1
313,-1,587.91,455.64,24.71,60.05,0.1147,-1,-1,-1
313,-1,672.06,484.31,44.48,101.18,0.1054,-1,-1,-1
313,-1,705.49,479.89,32.16,112.84,0.1054,-1,-1,-1
314,-1,10.91,397.43,150.40,461.43,0.8478,-1,-1,-1
314,-1,1023.83,403.30,227.36,613.22,0.8369,-1,-1,-1
314,-1,1692.74,421.36,226.82,522.14,0.8248,-1,-1,-1
314,-1,868.15,417.81,159.16,523.90,0.8185,-1,-1,-1
314,-1,798.91,447.21,84.44,207.27,0.7944,-1,-1,-1
314,-1,1272.14,425.87,94.14,266.39,0.7841,-1,-1,-1
314,-1,1192.36,435.41,41.66,116.11,0.5572,-1,-1,-1
314,-1,732.04,476.68,51.51,122.00,0.5445,-1,-1,-1
314,-1,1675.53,415.23,127.97,448.03,0.4120,-1,-1,-1
314,-1,497.15,450.76,41.66,111.66,0.3871,-1,-1,-1
314,-1,680.70,484.32,50.90,121.06,0.3174,-1,-1,-1
314,-1,376.46,463.83,44.71,108.80,0.3069,-1,-1,-1
314,-1,1621.72,413.80,178.11,408.04,0.2452,-1,-1,-1
314,-1,1876.96,387.30,42.42,238.30,0.1868,-1,-1,-1
314,-1,587.51,454.58,25.21,61.81,0.1504,-1,-1,-1
314,-1,552.74,456.14,22.60,60.20,0.1482,-1,-1,-1
314,-1,1874.42,391.25,45.12,515.30,0.1360,-1,-1,-1
314,-1,508.85,444.00,40.27,107.26,0.1178,-1,-1,-1
314,-1,579.04,458.02,17.56,57.08,0.1154,-1,-1,-1
314,-1,585.17,459.62,20.99,55.24,0.1153,-1,-1,-1
314,-1,673.73,481.98,47.25,115.23,0.1142,-1,-1,-1
315,-1,19.84,399.07,179.12,457.56,0.8550,-1,-1,-1
315,-1,1028.24,399.37,223.51,615.04,0.8278,-1,-1,-1
315,-1,802.22,445.50,87.03,211.30,0.8084,-1,-1,-1
315,-1,865.61,420.29,162.70,527.70,0.8067,-1,-1,-1
315,-1,1274.97,425.66,81.51,262.83,0.7754,-1,-1,-1
315,-1,1769.70,416.62,149.44,524.18,0.7391,-1,-1,-1
315,-1,1193.35,441.66,40.88,108.10,0.5605,-1,-1,-1
315,-1,732.73,478.90,50.13,119.75,0.4813,-1,-1,-1
315,-1,497.30,450.46,42.64,111.39,0.4235,-1,-1,-1
315,-1,1659.78,412.72,174.67,483.81,0.3503,-1,-1,-1
315,-1,376.16,462.20,45.15,111.35,0.3276,-1,-1,-1
315,-1,1423.13,439.71,34.81,107.30,0.2966,-1,-1,-1
315,-1,676.71,489.45,51.35,118.45,0.2830,-1,-1,-1
315,-1,1636.60,414.64,186.49,400.99,0.2162,-1,-1,-1
315,-1,552.57,454.76,21.86,61.24,0.1773,-1,-1,-1
315,-1,688.42,481.70,44.28,120.75,0.1508,-1,-1,-1
315,-1,502.92,444.40,45.91,110.95,0.1448,-1,-1,-1
315,-1,1674.10,415.07,137.33,371.40,0.1408,-1,-1,-1
315,-1,588.01,455.24,24.24,61.43,0.1336,-1,-1,-1
315,-1,557.57,459.79,21.83,55.81,0.1330,-1,-1,-1
315,-1,579.07,456.63,17.08,57.95,0.1325,-1,-1,-1
315,-1,585.47,458.87,20.43,55.68,0.1289,-1,-1,-1
315,-1,671.36,482.79,46.94,114.14,0.1243,-1,-1,-1
315,-1,1131.50,433.25,57.87,161.38,0.1240,-1,-1,-1
315,-1,1693.17,416.57,226.79,514.08,0.1145,-1,-1,-1
315,-1,1882.61,383.97,36.64,219.47,0.1079,-1,-1,-1
315,-1,594.80,451.75,21.24,61.75,0.1030,-1,-1,-1
315,-1,707.09,480.64,31.86,112.70,0.1029,-1,-1,-1
316,-1,25.27,401.29,213.90,454.15,0.8883,-1,-1,-1
316,-1,1792.20,416.58,126.95,526.29,0.8326,-1,-1,-1
316,-1,864.46,420.28,162.94,527.97,0.8108,-1,-1,-1
316,-1,1036.30,400.35,214.74,615.65,0.8069,-1,-1,-1
316,-1,803.09,445.95,84.93,210.06,0.8041,-1,-1,-1
316,-1,1272.58,429.46,77.38,262.27,0.7702,-1,-1,-1
316,-1,1195.41,442.94,42.82,107.95,0.5541,-1,-1,-1
316,-1,1425.78,438.49,35.24,108.88,0.5292,-1,-1,-1
316,-1,731.82,478.46,51.99,120.23,0.4799,-1,-1,-1
316,-1,497.28,450.65,42.01,111.07,0.4312,-1,-1,-1
316,-1,1681.15,411.19,146.93,384.45,0.3985,-1,-1,-1
316,-1,676.33,487.49,52.09,120.53,0.3170,-1,-1,-1
316,-1,376.47,462.10,44.46,110.78,0.2992,-1,-1,-1
316,-1,1651.34,406.70,201.21,486.45,0.2588,-1,-1,-1
316,-1,550.84,452.63,22.57,62.96,0.1658,-1,-1,-1
316,-1,1696.14,406.44,130.25,300.65,0.1654,-1,-1,-1
316,-1,588.07,454.43,24.62,61.90,0.1284,-1,-1,-1
316,-1,557.05,456.79,21.63,58.68,0.1217,-1,-1,-1
316,-1,578.66,455.11,17.37,59.19,0.1213,-1,-1,-1
316,-1,585.19,458.02,20.72,56.37,0.1205,-1,-1,-1
316,-1,417.56,468.34,36.65,99.16,0.1108,-1,-1,-1
316,-1,594.97,450.77,21.26,62.64,0.1040,-1,-1,-1
317,-1,24.48,403.09,239.94,452.50,0.8738,-1,-1,-1
317,-1,1038.05,399.55,213.56,618.29,0.8173,-1,-1,-1
317,-1,866.16,418.80,160.89,529.52,0.8031,-1,-1,-1
317,-1,804.79,446.26,76.31,210.65,0.7804,-1,-1,-1
317,-1,1805.71,418.37,114.02,516.23,0.7629,-1,-1,-1
317,-1,1263.03,419.08,81.33,268.75,0.7570,-1,-1,-1
317,-1,1750.74,413.67,168.43,527.13,0.7403,-1,-1,-1
317,-1,1427.70,438.71,36.60,108.43,0.5219,-1,-1,-1
317,-1,1702.63,404.59,131.16,408.43,0.5068,-1,-1,-1
317,-1,732.23,477.48,51.88,122.11,0.4999,-1,-1,-1
317,-1,1197.97,445.56,38.67,104.42,0.4631,-1,-1,-1
317,-1,496.28,451.14,42.87,110.87,0.4582,-1,-1,-1
317,-1,373.84,462.98,47.91,110.84,0.3607,-1,-1,-1
317,-1,1670.64,399.76,166.01,470.61,0.3399,-1,-1,-1
317,-1,677.83,486.77,51.75,118.43,0.2598,-1,-1,-1
317,-1,551.30,454.59,22.99,60.75,0.2006,-1,-1,-1
317,-1,417.06,468.09,37.78,102.58,0.1729,-1,-1,-1
317,-1,556.60,457.41,21.30,57.86,0.1532,-1,-1,-1
317,-1,693.18,481.33,39.62,119.11,0.1486,-1,-1,-1
317,-1,587.57,455.09,25.18,61.51,0.1405,-1,-1,-1
317,-1,580.89,456.66,17.03,57.64,0.1383,-1,-1,-1
317,-1,585.52,459.07,21.95,55.17,0.1371,-1,-1,-1
317,-1,594.14,451.50,21.51,62.24,0.1303,-1,-1,-1
317,-1,670.39,485.27,45.84,111.14,0.1110,-1,-1,-1
317,-1,1665.57,440.93,55.13,142.92,0.1035,-1,-1,-1
317,-1,706.52,479.41,31.56,111.46,0.1035,-1,-1,-1
318,-1,23.49,403.95,268.69,451.94,0.8747,-1,-1,-1
318,-1,867.66,419.68,161.46,528.83,0.8124,-1,-1,-1
318,-1,1040.65,402.01,210.53,616.19,0.8121,-1,-1,-1
318,-1,1789.28,418.71,130.32,516.80,0.7929,-1,-1,-1
318,-1,1257.91,417.68,82.45,269.00,0.7849,-1,-1,-1
318,-1,807.94,446.25,71.66,211.04,0.7651,-1,-1,-1
318,-1,1707.35,407.82,133.74,421.39,0.6127,-1,-1,-1
318,-1,1433.09,435.10,35.62,112.36,0.5614,-1,-1,-1
318,-1,732.03,479.07,51.07,120.08,0.4823,-1,-1,-1
318,-1,494.27,453.52,44.55,108.63,0.4689,-1,-1,-1
318,-1,1200.68,444.72,42.35,105.08,0.3584,-1,-1,-1
318,-1,372.84,462.49,48.99,110.93,0.3431,-1,-1,-1
318,-1,675.40,483.48,53.58,119.50,0.2907,-1,-1,-1
318,-1,551.12,455.48,21.96,59.88,0.2036,-1,-1,-1
318,-1,415.64,479.49,40.93,91.03,0.1510,-1,-1,-1
318,-1,579.73,460.44,18.33,53.78,0.1442,-1,-1,-1
318,-1,556.40,458.16,21.03,57.03,0.1423,-1,-1,-1
318,-1,585.20,461.89,21.52,51.86,0.1403,-1,-1,-1
318,-1,1664.71,429.68,54.27,156.12,0.1352,-1,-1,-1
318,-1,587.74,456.28,24.08,59.38,0.1147,-1,-1,-1
318,-1,1834.24,406.22,85.38,535.37,0.1039,-1,-1,-1
319,-1,23.18,402.65,278.65,451.75,0.8737,-1,-1,-1
319,-1,1039.44,402.33,211.02,616.15,0.8293,-1,-1,-1
319,-1,1822.86,420.26,96.81,511.88,0.8216,-1,-1,-1
319,-1,867.14,420.17,162.42,528.21,0.8091,-1,-1,-1
319,-1,809.58,446.23,77.18,211.86,0.7942,-1,-1,-1
319,-1,1249.23,415.14,89.53,273.26,0.7603,-1,-1,-1
319,-1,1717.88,404.86,128.94,443.79,0.6718,-1,-1,-1
319,-1,1432.13,435.54,39.64,110.31,0.5721,-1,-1,-1
319,-1,493.98,453.21,44.70,108.64,0.4731,-1,-1,-1
319,-1,732.35,479.63,50.78,118.99,0.4286,-1,-1,-1
319,-1,1201.75,445.32,43.43,105.12,0.3635,-1,-1,-1
319,-1,372.70,462.46,49.57,111.33,0.3142,-1,-1,-1
319,-1,674.31,481.82,54.21,120.41,0.2694,-1,-1,-1
319,-1,550.59,453.92,23.18,61.20,0.2050,-1,-1,-1
319,-1,579.09,459.89,19.24,54.18,0.1575,-1,-1,-1
319,-1,555.98,457.22,21.61,57.86,0.1516,-1,-1,-1
319,-1,584.85,461.05,22.06,52.68,0.1415,-1,-1,-1
319,-1,416.72,472.33,37.80,97.77,0.1286,-1,-1,-1
319,-1,1664.31,437.57,63.59,149.45,0.1181,-1,-1,-1
319,-1,587.62,455.33,24.71,60.22,0.1173,-1,-1,-1
319,-1,596.23,451.19,21.33,61.78,0.1091,-1,-1,-1
320,-1,22.62,401.99,282.07,451.90,0.8565,-1,-1,-1
320,-1,1832.29,421.53,87.22,508.64,0.8346,-1,-1,-1
320,-1,866.89,420.54,162.35,527.04,0.8146,-1,-1,-1
320,-1,1042.54,401.90,206.80,616.67,0.8004,-1,-1,-1
320,-1,813.07,447.46,71.17,209.95,0.7809,-1,-1,-1
320,-1,1232.23,426.19,108.42,261.49,0.7647,-1,-1,-1
320,-1,1435.25,436.32,40.48,111.57,0.6315,-1,-1,-1
320,-1,1718.76,399.85,133.52,434.40,0.6221,-1,-1,-1
320,-1,492.57,449.83,45.15,112.12,0.4264,-1,-1,-1
320,-1,732.99,480.08,50.03,119.00,0.4254,-1,-1,-1
320,-1,1206.11,446.75,38.59,102.52,0.3233,-1,-1,-1
320,-1,374.48,461.99,46.91,111.09,0.2800,-1,-1,-1
320,-1,674.88,482.31,53.79,120.59,0.2778,-1,-1,-1
320,-1,1724.53,400.22,128.03,296.35,0.2566,-1,-1,-1
320,-1,1665.33,439.93,55.71,144.63,0.2112,-1,-1,-1
320,-1,550.94,453.73,23.82,61.37,0.2092,-1,-1,-1
320,-1,579.68,459.48,18.42,54.71,0.1638,-1,-1,-1
320,-1,1675.72,434.33,68.56,148.57,0.1540,-1,-1,-1
320,-1,584.92,460.63,22.50,53.28,0.1539,-1,-1,-1
320,-1,555.94,459.26,21.45,55.82,0.1455,-1,-1,-1
320,-1,587.64,455.28,25.84,60.68,0.1448,-1,-1,-1
320,-1,1140.39,413.35,67.22,189.96,0.1238,-1,-1,-1
320,-1,415.20,480.93,42.39,89.92,0.1204,-1,-1,-1
320,-1,595.98,451.25,21.25,62.20,0.1199,-1,-1,-1
320,-1,669.36,484.87,34.45,50.26,0.1056,-1,-1,-1
321,-1,25.41,405.56,289.34,445.92,0.8752,-1,-1,-1
321,-1,1845.94,422.90,73.52,510.54,0.8101,-1,-1,-1
321,-1,1043.75,403.70,205.32,614.29,0.8049,-1,-1,-1
321,-1,866.35,420.94,166.44,526.75,0.7987,-1,-1,-1
321,-1,1230.58,423.96,109.19,261.21,0.7776,-1,-1,-1
321,-1,818.23,449.90,66.26,207.78,0.7029,-1,-1,-1
321,-1,1436.40,435.48,43.14,111.29,0.6549,-1,-1,-1
321,-1,1723.89,399.23,142.73,424.60,0.6232,-1,-1,-1
321,-1,733.67,483.53,49.13,117.15,0.4611,-1,-1,-1
321,-1,491.86,450.14,42.50,112.20,0.4177,-1,-1,-1
321,-1,1209.67,447.93,39.57,101.21,0.3103,-1,-1,-1
321,-1,676.07,488.50,51.93,118.61,0.2865,-1,-1,-1
321,-1,373.51,461.82,48.54,111.42,0.2852,-1,-1,-1
321,-1,1730.17,399.99,133.44,290.26,0.2432,-1,-1,-1
321,-1,1668.66,436.15,68.06,149.61,0.2202,-1,-1,-1
321,-1,1665.20,437.29,53.19,148.21,0.2079,-1,-1,-1
321,-1,1680.53,435.59,70.26,148.56,0.1766,-1,-1,-1
321,-1,690.15,481.14,42.68,118.54,0.1749,-1,-1,-1
321,-1,550.73,454.68,24.14,60.18,0.1724,-1,-1,-1
321,-1,672.48,485.80,42.95,113.78,0.1427,-1,-1,-1
321,-1,579.14,459.90,18.81,53.96,0.1410,-1,-1,-1
321,-1,584.55,461.06,22.50,52.47,0.1339,-1,-1,-1
321,-1,587.68,455.45,26.18,59.86,0.1282,-1,-1,-1
321,-1,1668.01,430.10,97.61,157.15,0.1255,-1,-1,-1
321,-1,414.83,484.16,41.41,86.63,0.1245,-1,-1,-1
321,-1,555.98,461.85,21.54,52.94,0.1216,-1,-1,-1
321,-1,669.22,485.87,33.14,49.34,0.1026,-1,-1,-1
322,-1,26.59,406.36,292.68,440.25,0.8754,-1,-1,-1
322,-1,1228.53,425.80,109.79,258.25,0.8076,-1,-1,-1
322,-1,866.01,420.48,162.88,526.58,0.8045,-1,-1,-1
322,-1,1045.87,399.67,201.98,617.49,0.7893,-1,-1,-1
322,-1,1855.06,419.78,64.43,522.73,0.7767,-1,-1,-1
322,-1,819.29,448.02,71.34,211.12,0.7192,-1,-1,-1
322,-1,1436.28,434.96,47.05,111.42,0.6896,-1,-1,-1
322,-1,1732.36,402.63,141.50,427.51,0.6756,-1,-1,-1
322,-1,491.00,451.35,42.67,111.19,0.4032,-1,-1,-1
322,-1,733.76,482.24,48.81,117.33,0.3968,-1,-1,-1
322,-1,373.43,460.97,49.39,112.56,0.3251,-1,-1,-1
322,-1,1210.72,445.57,39.89,106.46,0.2332,-1,-1,-1
322,-1,693.48,483.17,41.73,117.45,0.2123,-1,-1,-1
322,-1,1669.64,433.24,88.56,153.64,0.1627,-1,-1,-1
322,-1,550.70,455.47,23.13,59.65,0.1555,-1,-1,-1
322,-1,676.51,485.25,51.73,119.31,0.1500,-1,-1,-1
322,-1,1271.19,424.76,73.00,253.98,0.1290,-1,-1,-1
322,-1,1665.35,438.75,46.34,146.83,0.1287,-1,-1,-1
322,-1,587.54,454.82,25.70,60.50,0.1252,-1,-1,-1
322,-1,557.06,462.82,20.65,52.24,0.1227,-1,-1,-1
322,-1,705.19,483.76,31.42,108.38,0.1135,-1,-1,-1
322,-1,1536.95,434.01,24.65,52.25,0.1104,-1,-1,-1
322,-1,578.48,458.02,17.45,56.37,0.1091,-1,-1,-1
322,-1,584.75,460.09,21.09,54.08,0.1061,-1,-1,-1
323,-1,27.79,405.00,294.26,440.35,0.8750,-1,-1,-1
323,-1,866.81,419.49,165.34,527.38,0.8169,-1,-1,-1
323,-1,1047.10,400.48,199.86,616.27,0.7841,-1,-1,-1
323,-1,1224.74,436.20,110.05,246.98,0.7796,-1,-1,-1
323,-1,820.17,442.98,73.48,215.63,0.7343,-1,-1,-1
323,-1,1739.69,397.13,140.24,445.80,0.6903,-1,-1,-1
323,-1,1439.02,437.03,50.09,108.84,0.6374,-1,-1,-1
323,-1,1860.61,462.51,58.95,479.82,0.6353,-1,-1,-1
323,-1,491.47,453.54,41.89,109.15,0.4265,-1,-1,-1
323,-1,732.68,481.87,48.06,117.78,0.4121,-1,-1,-1
323,-1,374.92,463.40,47.09,110.43,0.3134,-1,-1,-1
323,-1,687.13,484.48,46.23,116.02,0.1799,-1,-1,-1
323,-1,1846.65,395.70,72.02,547.74,0.1713,-1,-1,-1
323,-1,550.75,455.67,23.71,59.59,0.1486,-1,-1,-1
323,-1,1209.87,446.36,37.54,106.35,0.1482,-1,-1,-1
323,-1,675.96,484.28,50.16,119.10,0.1437,-1,-1,-1
323,-1,1874.39,389.40,44.38,128.29,0.1319,-1,-1,-1
323,-1,1668.08,427.74,98.93,159.42,0.1224,-1,-1,-1
323,-1,1883.78,392.14,35.43,107.92,0.1162,-1,-1,-1
323,-1,1811.88,395.41,98.41,546.79,0.1136,-1,-1,-1
323,-1,1661.62,438.57,50.85,145.57,0.1073,-1,-1,-1
323,-1,557.13,466.57,20.37,48.51,0.1063,-1,-1,-1
323,-1,577.14,456.32,17.48,58.26,0.1050,-1,-1,-1
324,-1,36.48,404.82,284.72,434.56,0.8935,-1,-1,-1
324,-1,866.76,418.99,167.71,528.61,0.8191,-1,-1,-1
324,-1,1049.83,398.38,197.55,617.67,0.7893,-1,-1,-1
324,-1,1220.05,434.49,109.89,247.90,0.7797,-1,-1,-1
324,-1,1751.31,397.73,141.77,447.82,0.6634,-1,-1,-1
324,-1,819.90,447.53,79.79,211.89,0.6514,-1,-1,-1
324,-1,1441.11,439.88,51.24,106.21,0.6412,-1,-1,-1
324,-1,1857.42,404.71,62.17,539.28,0.5066,-1,-1,-1
324,-1,492.04,455.17,39.88,107.44,0.3952,-1,-1,-1
324,-1,733.49,481.98,47.15,117.23,0.3719,-1,-1,-1
324,-1,373.25,459.89,48.46,114.22,0.3446,-1,-1,-1
324,-1,1806.15,395.02,110.76,538.91,0.2761,-1,-1,-1
324,-1,687.92,487.79,44.79,112.78,0.2196,-1,-1,-1
324,-1,677.52,495.39,50.18,110.76,0.1837,-1,-1,-1
324,-1,1664.02,433.88,49.96,154.00,0.1333,-1,-1,-1
324,-1,1666.51,428.91,102.26,158.94,0.1313,-1,-1,-1
324,-1,416.09,465.45,38.65,104.08,0.1217,-1,-1,-1
324,-1,548.46,453.53,24.36,61.82,0.1209,-1,-1,-1
324,-1,1880.07,453.09,39.33,332.08,0.1196,-1,-1,-1
324,-1,1871.64,386.00,47.87,456.52,0.1070,-1,-1,-1
324,-1,577.45,458.33,17.61,56.46,0.1003,-1,-1,-1
325,-1,44.63,407.39,278.57,432.99,0.8920,-1,-1,-1
325,-1,866.49,420.31,168.41,527.30,0.8180,-1,-1,-1
325,-1,1052.45,400.96,197.40,617.79,0.8039,-1,-1,-1
325,-1,1216.92,438.94,109.84,244.80,0.7664,-1,-1,-1
325,-1,1443.92,440.52,52.99,105.11,0.6002,-1,-1,-1
325,-1,1763.79,400.03,148.12,441.41,0.5634,-1,-1,-1
325,-1,823.48,448.44,79.09,214.34,0.4921,-1,-1,-1
325,-1,492.89,455.63,39.38,107.01,0.4003,-1,-1,-1
325,-1,733.43,482.43,47.34,116.35,0.3989,-1,-1,-1
325,-1,1794.47,395.91,124.94,541.80,0.3842,-1,-1,-1
325,-1,1854.19,396.85,65.33,547.43,0.3165,-1,-1,-1
325,-1,371.49,460.89,51.21,112.79,0.2957,-1,-1,-1
325,-1,691.48,487.48,42.14,112.83,0.2262,-1,-1,-1
325,-1,675.99,487.84,51.73,116.50,0.1738,-1,-1,-1
325,-1,1873.98,391.03,45.59,429.28,0.1559,-1,-1,-1
325,-1,1663.65,436.23,47.95,151.57,0.1464,-1,-1,-1
325,-1,839.28,452.46,62.49,180.27,0.1314,-1,-1,-1
325,-1,1504.56,440.50,25.63,49.85,0.1227,-1,-1,-1
325,-1,803.38,481.25,33.90,68.02,0.1193,-1,-1,-1
325,-1,546.99,452.71,25.64,62.26,0.1160,-1,-1,-1
325,-1,1666.65,431.55,106.04,155.26,0.1090,-1,-1,-1
325,-1,1304.55,421.04,38.57,124.33,0.1032,-1,-1,-1
326,-1,59.69,405.92,260.34,430.27,0.8494,-1,-1,-1
326,-1,1054.14,401.53,195.42,617.18,0.8141,-1,-1,-1
326,-1,868.07,420.42,167.49,526.98,0.7997,-1,-1,-1
326,-1,1767.05,394.69,152.48,527.88,0.6824,-1,-1,-1
326,-1,1446.24,440.36,51.54,105.25,0.6796,-1,-1,-1
326,-1,1212.07,457.92,100.89,224.37,0.6299,-1,-1,-1
326,-1,825.37,447.00,79.83,219.24,0.5085,-1,-1,-1
326,-1,492.67,453.81,40.95,108.94,0.3833,-1,-1,-1
326,-1,734.39,487.40,45.09,113.79,0.3688,-1,-1,-1
326,-1,373.58,459.65,50.04,115.62,0.2928,-1,-1,-1
326,-1,1212.50,451.34,68.96,189.25,0.2766,-1,-1,-1
326,-1,686.72,493.19,46.16,106.72,0.2039,-1,-1,-1
326,-1,675.36,491.32,52.03,112.65,0.2001,-1,-1,-1
326,-1,1837.55,399.52,81.99,537.75,0.1799,-1,-1,-1
326,-1,1303.87,424.01,38.45,122.38,0.1507,-1,-1,-1
326,-1,1663.91,437.43,48.81,149.71,0.1479,-1,-1,-1
326,-1,548.05,453.56,26.00,61.86,0.1336,-1,-1,-1
326,-1,1506.31,440.27,24.95,48.69,0.1310,-1,-1,-1
326,-1,802.52,482.74,36.94,66.58,0.1264,-1,-1,-1
326,-1,555.17,460.24,22.32,54.95,0.1135,-1,-1,-1
326,-1,706.06,490.40,30.98,101.31,0.1015,-1,-1,-1
326,-1,417.07,476.53,38.99,93.20,0.1010,-1,-1,-1
327,-1,81.99,401.74,242.38,434.98,0.8897,-1,-1,-1
327,-1,1054.90,400.80,194.23,617.49,0.8337,-1,-1,-1
327,-1,867.72,421.60,168.71,525.41,0.7994,-1,-1,-1
327,-1,1451.98,442.68,51.23,103.21,0.7560,-1,-1,-1
327,-1,1767.36,390.63,152.29,544.55,0.7417,-1,-1,-1
327,-1,1208.53,435.50,62.13,187.60,0.5186,-1,-1,-1
327,-1,736.70,486.28,42.92,115.00,0.4223,-1,-1,-1
327,-1,830.58,445.98,77.84,221.47,0.4070,-1,-1,-1
327,-1,492.01,453.02,40.48,109.03,0.3563,-1,-1,-1
327,-1,1210.71,440.53,84.07,233.64,0.3492,-1,-1,-1
327,-1,372.42,460.44,51.12,114.22,0.2939,-1,-1,-1
327,-1,687.28,494.74,43.02,107.13,0.2293,-1,-1,-1
327,-1,1664.47,439.86,46.10,145.15,0.1937,-1,-1,-1
327,-1,677.10,489.95,49.25,114.18,0.1862,-1,-1,-1
327,-1,1505.15,439.09,27.23,50.30,0.1651,-1,-1,-1
327,-1,1303.55,425.49,39.05,120.67,0.1515,-1,-1,-1
327,-1,847.57,447.74,60.38,149.24,0.1404,-1,-1,-1
327,-1,416.34,476.56,40.43,93.93,0.1361,-1,-1,-1
327,-1,707.49,485.79,29.49,105.62,0.1336,-1,-1,-1
327,-1,556.96,466.23,20.30,48.79,0.1323,-1,-1,-1
327,-1,1535.71,431.77,25.03,53.55,0.1237,-1,-1,-1
327,-1,696.68,486.60,37.22,110.60,0.1220,-1,-1,-1
327,-1,803.66,483.25,36.55,66.55,0.1219,-1,-1,-1
327,-1,550.49,454.90,23.51,60.57,0.1204,-1,-1,-1
327,-1,1835.23,395.91,84.34,542.50,0.1161,-1,-1,-1
327,-1,1665.59,432.76,87.44,153.90,0.1097,-1,-1,-1
327,-1,1862.60,359.42,56.94,580.78,0.1028,-1,-1,-1
328,-1,106.63,400.12,216.88,432.90,0.9050,-1,-1,-1
328,-1,1055.72,398.02,192.27,618.81,0.8139,-1,-1,-1
328,-1,870.43,421.17,168.30,526.06,0.7756,-1,-1,-1
328,-1,1454.40,442.01,47.62,105.26,0.7590,-1,-1,-1
328,-1,1769.31,387.60,150.37,546.38,0.7535,-1,-1,-1
328,-1,735.69,482.22,44.89,118.56,0.4840,-1,-1,-1
328,-1,1206.19,439.62,60.29,177.66,0.3598,-1,-1,-1
328,-1,373.19,460.52,50.63,114.20,0.3110,-1,-1,-1
328,-1,493.15,452.64,38.11,105.03,0.3048,-1,-1,-1
328,-1,846.88,442.51,62.75,150.55,0.3023,-1,-1,-1
328,-1,839.64,439.79,71.84,221.93,0.2502,-1,-1,-1
328,-1,692.31,489.06,41.11,110.28,0.2337,-1,-1,-1
328,-1,1663.23,439.08,49.48,148.67,0.2197,-1,-1,-1
328,-1,1504.55,439.30,26.62,50.63,0.1749,-1,-1,-1
328,-1,677.46,486.76,49.59,116.31,0.1661,-1,-1,-1
328,-1,705.21,480.69,32.81,106.43,0.1633,-1,-1,-1
328,-1,1212.51,450.83,70.90,222.74,0.1362,-1,-1,-1
328,-1,1687.12,434.31,92.96,174.54,0.1278,-1,-1,-1
328,-1,1535.23,431.83,25.09,54.45,0.1231,-1,-1,-1
328,-1,556.91,466.85,20.03,47.72,0.1219,-1,-1,-1
328,-1,417.22,474.89,38.01,95.25,0.1172,-1,-1,-1
328,-1,550.55,454.19,22.69,60.62,0.1160,-1,-1,-1
328,-1,1665.99,432.96,94.44,155.09,0.1141,-1,-1,-1
328,-1,806.11,484.05,34.41,66.99,0.1048,-1,-1,-1
329,-1,129.31,399.51,190.93,430.71,0.8918,-1,-1,-1
329,-1,860.43,420.91,180.53,526.66,0.8008,-1,-1,-1
329,-1,1769.58,390.48,150.09,545.42,0.7936,-1,-1,-1
329,-1,1053.52,398.99,193.53,617.97,0.7722,-1,-1,-1
329,-1,1458.30,440.10,43.16,104.67,0.6560,-1,-1,-1
329,-1,735.74,481.73,44.00,120.16,0.5464,-1,-1,-1
329,-1,492.49,452.80,38.38,106.08,0.3354,-1,-1,-1
329,-1,1687.81,432.90,91.43,171.12,0.2763,-1,-1,-1
329,-1,855.55,449.31,59.00,143.01,0.2590,-1,-1,-1
329,-1,688.81,491.47,41.40,109.98,0.2480,-1,-1,-1
329,-1,1664.40,441.94,47.21,145.91,0.2296,-1,-1,-1
329,-1,677.58,493.29,47.54,112.90,0.2171,-1,-1,-1
329,-1,372.84,462.58,50.68,111.72,0.2040,-1,-1,-1
329,-1,1671.12,426.97,110.70,210.72,0.1742,-1,-1,-1
329,-1,706.17,481.86,31.59,106.85,0.1578,-1,-1,-1
329,-1,1156.20,410.62,91.71,192.13,0.1466,-1,-1,-1
329,-1,416.81,466.87,37.79,103.21,0.1452,-1,-1,-1
329,-1,1504.69,439.36,25.01,50.83,0.1422,-1,-1,-1
329,-1,845.20,444.91,75.29,174.01,0.1285,-1,-1,-1
329,-1,550.22,453.75,21.30,60.70,0.1217,-1,-1,-1
329,-1,674.58,491.53,37.20,95.24,0.1202,-1,-1,-1
329,-1,557.02,461.35,19.09,53.00,0.1114,-1,-1,-1
329,-1,1535.29,430.18,26.05,55.26,0.1029,-1,-1,-1
330,-1,154.83,402.82,161.25,422.87,0.8376,-1,-1,-1
330,-1,1056.01,401.48,193.47,616.20,0.7989,-1,-1,-1
330,-1,860.67,421.24,178.61,525.58,0.7927,-1,-1,-1
330,-1,1769.78,390.42,149.84,531.55,0.7808,-1,-1,-1
330,-1,1461.23,435.61,38.47,111.05,0.6303,-1,-1,-1
330,-1,735.73,484.15,44.04,116.87,0.4866,-1,-1,-1
330,-1,863.73,447.34,53.37,151.84,0.2877,-1,-1,-1
330,-1,373.39,461.70,50.49,112.53,0.2675,-1,-1,-1
330,-1,491.63,451.08,38.65,108.40,0.2622,-1,-1,-1
330,-1,1686.12,430.68,94.68,166.12,0.2423,-1,-1,-1
330,-1,1669.66,421.53,114.07,216.19,0.2358,-1,-1,-1
330,-1,675.05,484.60,49.86,118.65,0.2020,-1,-1,-1
330,-1,706.21,485.02,30.55,105.48,0.2016,-1,-1,-1
330,-1,689.20,489.10,43.33,112.06,0.1991,-1,-1,-1
330,-1,1664.11,439.27,48.24,148.73,0.1893,-1,-1,-1
330,-1,1200.95,451.99,56.68,158.83,0.1795,-1,-1,-1
330,-1,1302.94,422.21,39.65,124.30,0.1304,-1,-1,-1
330,-1,698.43,481.48,36.38,113.87,0.1277,-1,-1,-1
330,-1,740.56,510.11,38.04,93.24,0.1261,-1,-1,-1
330,-1,1504.73,439.24,24.54,50.06,0.1258,-1,-1,-1
330,-1,1202.62,451.06,53.83,105.56,0.1257,-1,-1,-1
330,-1,673.14,491.01,39.75,101.82,0.1105,-1,-1,-1
330,-1,417.59,467.31,38.52,100.94,0.1078,-1,-1,-1
330,-1,1534.84,430.72,25.23,56.72,0.1053,-1,-1,-1
330,-1,551.01,452.97,19.99,61.59,0.1042,-1,-1,-1
331,-1,1055.70,400.49,195.04,616.82,0.8314,-1,-1,-1
331,-1,180.81,401.75,142.37,423.50,0.8180,-1,-1,-1
331,-1,1770.03,393.40,149.58,464.15,0.7927,-1,-1,-1
331,-1,865.49,418.86,176.39,518.11,0.7854,-1,-1,-1
331,-1,1464.71,434.52,37.28,112.68,0.7021,-1,-1,-1
331,-1,735.13,487.13,44.23,114.27,0.4864,-1,-1,-1
331,-1,865.16,448.27,57.01,132.81,0.2785,-1,-1,-1
331,-1,374.21,460.94,49.91,113.25,0.2646,-1,-1,-1
331,-1,486.31,444.31,43.40,118.37,0.2601,-1,-1,-1
331,-1,1668.82,411.91,115.27,226.01,0.2553,-1,-1,-1
331,-1,676.84,490.39,49.63,115.65,0.2302,-1,-1,-1
331,-1,687.85,488.36,44.18,113.29,0.2191,-1,-1,-1
331,-1,706.23,484.98,30.61,106.08,0.1979,-1,-1,-1
331,-1,492.37,450.62,36.13,75.76,0.1897,-1,-1,-1
331,-1,1664.54,437.65,45.86,147.88,0.1883,-1,-1,-1
331,-1,1174.76,418.07,83.54,192.97,0.1734,-1,-1,-1
331,-1,739.84,507.84,38.23,95.64,0.1673,-1,-1,-1
331,-1,1505.94,439.51,25.20,50.26,0.1589,-1,-1,-1
331,-1,1684.72,427.26,96.79,164.92,0.1576,-1,-1,-1
331,-1,1301.59,421.06,41.46,125.94,0.1461,-1,-1,-1
331,-1,697.88,482.08,36.59,114.20,0.1429,-1,-1,-1
331,-1,0.00,585.15,44.05,206.76,0.1414,-1,-1,-1
331,-1,529.56,445.31,22.74,70.41,0.1260,-1,-1,-1
331,-1,534.33,449.78,25.03,65.54,0.1253,-1,-1,-1
331,-1,1535.31,430.50,26.38,57.39,0.1253,-1,-1,-1
331,-1,417.19,465.56,38.40,103.52,0.1240,-1,-1,-1
331,-1,550.36,453.75,20.38,60.50,0.1174,-1,-1,-1
331,-1,802.20,482.81,31.80,66.39,0.1167,-1,-1,-1
331,-1,1167.52,418.03,107.45,400.38,0.1097,-1,-1,-1
331,-1,673.38,491.68,40.28,100.36,0.1088,-1,-1,-1
332,-1,1055.73,402.66,195.54,615.31,0.8307,-1,-1,-1
332,-1,1771.23,400.61,148.34,451.13,0.8199,-1,-1,-1
332,-1,206.83,400.64,134.44,423.66,0.7945,-1,-1,-1
332,-1,869.63,417.90,168.86,520.96,0.7829,-1,-1,-1
332,-1,1465.83,434.00,41.80,113.81,0.7280,-1,-1,-1
332,-1,734.67,481.25,45.47,121.41,0.6085,-1,-1,-1
332,-1,0.05,562.33,82.52,229.90,0.4959,-1,-1,-1
332,-1,865.12,441.62,59.54,133.14,0.3395,-1,-1,-1
332,-1,1673.71,426.97,107.49,209.47,0.2947,-1,-1,-1
332,-1,1665.54,437.88,51.11,149.86,0.2457,-1,-1,-1
332,-1,488.88,444.27,41.20,118.20,0.2440,-1,-1,-1
332,-1,688.02,488.60,44.75,114.70,0.2417,-1,-1,-1
332,-1,378.13,459.18,44.55,114.87,0.2345,-1,-1,-1
332,-1,676.18,489.29,50.93,117.57,0.2319,-1,-1,-1
332,-1,1685.13,432.33,95.39,157.47,0.1897,-1,-1,-1
332,-1,1169.76,412.21,100.71,240.60,0.1827,-1,-1,-1
332,-1,494.10,450.01,35.24,74.51,0.1768,-1,-1,-1
332,-1,704.36,480.59,34.39,112.77,0.1660,-1,-1,-1
332,-1,417.50,457.27,38.58,111.05,0.1658,-1,-1,-1
332,-1,0.00,422.47,77.91,371.93,0.1656,-1,-1,-1
332,-1,320.19,455.73,40.41,113.58,0.1556,-1,-1,-1
332,-1,1170.06,416.08,122.97,382.16,0.1434,-1,-1,-1
332,-1,1301.96,420.06,41.13,127.19,0.1397,-1,-1,-1
332,-1,1508.83,440.34,24.73,51.96,0.1331,-1,-1,-1
332,-1,0.14,593.68,63.81,198.35,0.1218,-1,-1,-1
332,-1,549.10,452.77,21.35,62.00,0.1213,-1,-1,-1
332,-1,573.85,454.88,23.23,59.19,0.1159,-1,-1,-1
332,-1,538.29,450.08,29.01,65.38,0.1150,-1,-1,-1
332,-1,583.29,459.30,22.25,54.72,0.1147,-1,-1,-1
332,-1,805.50,482.70,30.27,68.95,0.1144,-1,-1,-1
332,-1,557.20,454.02,20.16,60.71,0.1074,-1,-1,-1
332,-1,530.98,447.50,23.50,69.04,0.1048,-1,-1,-1
332,-1,534.26,451.68,26.44,64.21,0.1035,-1,-1,-1
333,-1,217.32,398.85,138.86,426.75,0.8627,-1,-1,-1
333,-1,1055.89,403.50,195.35,614.23,0.8289,-1,-1,-1
333,-1,872.95,420.71,160.91,514.79,0.7846,-1,-1,-1
333,-1,1469.42,432.69,40.86,113.28,0.7707,-1,-1,-1
333,-1,1769.51,383.59,150.21,464.89,0.6674,-1,-1,-1
333,-1,733.53,483.61,48.64,118.67,0.5260,-1,-1,-1
333,-1,869.19,443.68,57.54,132.20,0.3984,-1,-1,-1
333,-1,0.00,455.82,114.71,335.07,0.3458,-1,-1,-1
333,-1,489.50,444.52,41.63,118.55,0.2999,-1,-1,-1
333,-1,677.76,492.36,50.47,113.17,0.2468,-1,-1,-1
333,-1,690.36,488.27,42.49,112.87,0.2252,-1,-1,-1
333,-1,375.73,464.39,48.05,110.26,0.2152,-1,-1,-1
333,-1,417.10,463.13,40.85,104.97,0.1988,-1,-1,-1
333,-1,0.22,584.06,115.17,203.47,0.1912,-1,-1,-1
333,-1,1180.02,462.90,92.29,147.27,0.1856,-1,-1,-1
333,-1,324.23,455.51,37.38,110.39,0.1778,-1,-1,-1
333,-1,549.08,453.34,22.90,60.98,0.1732,-1,-1,-1
333,-1,1669.11,418.46,113.46,216.82,0.1646,-1,-1,-1
333,-1,704.73,478.73,33.67,111.46,0.1618,-1,-1,-1
333,-1,557.73,455.24,20.10,59.21,0.1406,-1,-1,-1
333,-1,1666.52,439.48,50.81,146.82,0.1397,-1,-1,-1
333,-1,1510.38,441.35,24.80,53.29,0.1330,-1,-1,-1
333,-1,805.21,479.63,28.81,69.35,0.1260,-1,-1,-1
333,-1,868.52,442.98,58.93,187.80,0.1140,-1,-1,-1
333,-1,538.27,450.38,30.36,64.24,0.1102,-1,-1,-1
333,-1,1672.67,430.31,91.06,156.54,0.1060,-1,-1,-1
333,-1,530.00,446.85,22.62,69.39,0.1052,-1,-1,-1
333,-1,583.15,461.76,24.50,52.06,0.1046,-1,-1,-1
333,-1,575.54,456.58,24.50,57.30,0.1031,-1,-1,-1
334,-1,1056.88,400.08,195.48,620.12,0.8395,-1,-1,-1
334,-1,222.09,403.39,150.05,420.68,0.8223,-1,-1,-1
334,-1,872.44,420.69,162.11,524.86,0.8162,-1,-1,-1
334,-1,1472.94,431.73,38.86,116.38,0.7418,-1,-1,-1
334,-1,1775.65,378.74,143.98,473.55,0.6823,-1,-1,-1
334,-1,0.00,448.01,133.85,339.44,0.5667,-1,-1,-1
334,-1,733.42,484.28,49.54,116.87,0.5407,-1,-1,-1
334,-1,489.23,445.58,41.44,117.80,0.3158,-1,-1,-1
334,-1,1194.99,460.00,81.24,160.29,0.2780,-1,-1,-1
334,-1,685.23,493.43,43.43,109.91,0.2615,-1,-1,-1
334,-1,872.66,445.49,56.09,130.10,0.2343,-1,-1,-1
334,-1,676.09,486.86,47.50,116.66,0.2203,-1,-1,-1
334,-1,1665.16,438.56,52.33,147.61,0.1925,-1,-1,-1
334,-1,549.85,454.37,21.50,59.92,0.1816,-1,-1,-1
334,-1,376.50,467.02,47.16,107.19,0.1801,-1,-1,-1
334,-1,695.84,481.28,37.63,118.29,0.1651,-1,-1,-1
334,-1,1668.17,419.43,113.81,216.90,0.1611,-1,-1,-1
334,-1,417.61,465.08,39.58,103.37,0.1578,-1,-1,-1
334,-1,705.94,477.87,33.41,108.86,0.1573,-1,-1,-1
334,-1,1183.46,454.83,104.69,213.43,0.1561,-1,-1,-1
334,-1,558.70,456.03,18.24,58.26,0.1518,-1,-1,-1
334,-1,0.04,451.60,33.20,174.74,0.1411,-1,-1,-1
334,-1,807.85,480.53,26.48,66.70,0.1353,-1,-1,-1
334,-1,1302.85,422.31,40.98,124.49,0.1201,-1,-1,-1
334,-1,1510.56,442.35,27.70,51.30,0.1116,-1,-1,-1
334,-1,363.28,454.94,60.69,118.57,0.1100,-1,-1,-1
334,-1,538.39,451.40,29.80,63.21,0.1094,-1,-1,-1
334,-1,668.21,475.33,27.49,60.04,0.1048,-1,-1,-1
334,-1,529.48,448.71,22.24,67.40,0.1036,-1,-1,-1
335,-1,1056.84,401.95,195.70,615.30,0.8512,-1,-1,-1
335,-1,224.49,402.11,164.96,422.53,0.8262,-1,-1,-1
335,-1,872.82,421.08,166.32,524.12,0.8022,-1,-1,-1
335,-1,0.10,440.15,141.56,343.34,0.7560,-1,-1,-1
335,-1,1474.41,429.58,39.40,117.61,0.7051,-1,-1,-1
335,-1,734.38,481.48,47.09,121.38,0.5892,-1,-1,-1
335,-1,1780.29,408.47,139.35,448.44,0.4650,-1,-1,-1
335,-1,1861.41,413.73,58.10,266.43,0.3685,-1,-1,-1
335,-1,375.30,463.46,49.58,112.32,0.3326,-1,-1,-1
335,-1,488.58,444.68,40.55,119.09,0.3191,-1,-1,-1
335,-1,683.25,492.35,44.15,110.38,0.2947,-1,-1,-1
335,-1,1202.44,459.70,73.52,152.44,0.2631,-1,-1,-1
335,-1,1861.25,411.14,58.26,396.56,0.2607,-1,-1,-1
335,-1,1666.14,436.15,52.10,150.17,0.2075,-1,-1,-1
335,-1,870.70,447.15,60.06,124.17,0.2002,-1,-1,-1
335,-1,673.53,491.50,47.97,113.13,0.1942,-1,-1,-1
335,-1,551.31,454.32,19.54,59.40,0.1749,-1,-1,-1
335,-1,1669.31,421.38,111.83,207.96,0.1710,-1,-1,-1
335,-1,695.17,483.10,38.11,118.81,0.1679,-1,-1,-1
335,-1,1834.67,411.25,84.90,441.04,0.1555,-1,-1,-1
335,-1,559.71,454.62,21.04,59.14,0.1513,-1,-1,-1
335,-1,1183.59,455.59,101.59,213.38,0.1500,-1,-1,-1
335,-1,705.56,481.01,33.28,109.73,0.1391,-1,-1,-1
335,-1,418.65,469.27,39.94,100.42,0.1358,-1,-1,-1
335,-1,1780.87,670.86,138.31,186.92,0.1341,-1,-1,-1
335,-1,1302.63,422.08,41.03,124.24,0.1272,-1,-1,-1
335,-1,572.39,454.61,23.90,59.48,0.1222,-1,-1,-1
335,-1,583.26,457.11,21.92,57.04,0.1207,-1,-1,-1
335,-1,1676.34,430.73,78.79,155.26,0.1029,-1,-1,-1
336,-1,1055.94,401.53,196.91,615.40,0.8539,-1,-1,-1
336,-1,0.12,445.00,148.23,340.61,0.8396,-1,-1,-1
336,-1,232.29,404.27,169.94,419.46,0.8315,-1,-1,-1
336,-1,872.67,421.22,174.62,523.72,0.8115,-1,-1,-1
336,-1,1476.25,431.79,38.84,114.34,0.6579,-1,-1,-1
336,-1,734.67,483.54,45.08,119.80,0.5797,-1,-1,-1
336,-1,1792.17,391.41,127.42,467.54,0.5402,-1,-1,-1
336,-1,683.15,489.42,45.44,113.86,0.3210,-1,-1,-1
336,-1,486.37,442.79,41.90,121.26,0.3102,-1,-1,-1
336,-1,372.85,458.68,53.68,115.15,0.3073,-1,-1,-1
336,-1,1863.78,426.50,55.52,265.67,0.2685,-1,-1,-1
336,-1,1793.47,671.41,126.50,188.97,0.2478,-1,-1,-1
336,-1,672.76,486.85,49.10,118.56,0.2427,-1,-1,-1
336,-1,1665.24,438.63,52.66,147.57,0.2358,-1,-1,-1
336,-1,1828.06,472.73,57.13,167.46,0.2142,-1,-1,-1
336,-1,1668.15,427.98,112.98,206.00,0.2133,-1,-1,-1
336,-1,1834.84,389.25,84.70,464.24,0.2076,-1,-1,-1
336,-1,1203.45,461.51,74.05,152.03,0.1959,-1,-1,-1
336,-1,1197.19,453.47,98.96,230.26,0.1816,-1,-1,-1
336,-1,550.36,454.76,21.50,59.65,0.1743,-1,-1,-1
336,-1,692.42,482.38,40.09,120.41,0.1698,-1,-1,-1
336,-1,558.31,455.88,21.15,58.66,0.1412,-1,-1,-1
336,-1,872.94,451.47,58.60,117.24,0.1294,-1,-1,-1
336,-1,1536.08,432.49,23.93,55.10,0.1284,-1,-1,-1
336,-1,705.04,481.79,33.28,108.91,0.1226,-1,-1,-1
336,-1,1668.66,434.38,89.15,151.93,0.1225,-1,-1,-1
336,-1,1511.23,440.16,26.58,50.68,0.1208,-1,-1,-1
336,-1,1302.43,419.40,40.80,126.47,0.1138,-1,-1,-1
336,-1,418.33,469.25,38.06,100.79,0.1052,-1,-1,-1
336,-1,540.30,449.86,29.13,64.64,0.1020,-1,-1,-1
337,-1,1058.03,398.99,196.05,619.95,0.8551,-1,-1,-1
337,-1,0.14,446.02,149.45,339.32,0.8478,-1,-1,-1
337,-1,233.95,399.42,185.87,424.30,0.8351,-1,-1,-1
337,-1,874.91,421.50,170.67,523.16,0.8270,-1,-1,-1
337,-1,1476.89,435.14,41.71,114.54,0.6582,-1,-1,-1
337,-1,735.16,485.42,43.46,118.10,0.5714,-1,-1,-1
337,-1,1808.27,391.18,111.34,467.09,0.5141,-1,-1,-1
337,-1,680.20,489.12,47.94,114.67,0.3559,-1,-1,-1
337,-1,1203.43,460.69,75.24,164.90,0.2990,-1,-1,-1
337,-1,485.16,444.95,40.49,118.63,0.2689,-1,-1,-1
337,-1,374.96,462.66,50.51,109.43,0.2622,-1,-1,-1
337,-1,1196.70,453.23,102.15,223.16,0.2600,-1,-1,-1
337,-1,1810.10,670.19,109.21,186.97,0.2186,-1,-1,-1
337,-1,1828.77,473.39,63.52,169.55,0.2096,-1,-1,-1
337,-1,1880.09,408.29,39.18,270.67,0.1834,-1,-1,-1
337,-1,490.08,450.24,37.79,96.77,0.1646,-1,-1,-1
337,-1,1669.45,422.00,110.47,210.69,0.1631,-1,-1,-1
337,-1,875.19,449.23,56.79,121.70,0.1619,-1,-1,-1
337,-1,1664.73,441.47,48.87,147.30,0.1610,-1,-1,-1
337,-1,1869.57,422.64,49.68,283.20,0.1549,-1,-1,-1
337,-1,416.05,475.56,40.18,94.98,0.1530,-1,-1,-1
337,-1,1534.69,430.49,25.81,56.98,0.1407,-1,-1,-1
337,-1,673.92,484.12,43.59,121.25,0.1398,-1,-1,-1
337,-1,832.09,467.22,48.46,85.91,0.1345,-1,-1,-1
337,-1,551.32,454.66,22.15,59.44,0.1241,-1,-1,-1
337,-1,704.51,479.33,34.27,111.03,0.1195,-1,-1,-1
337,-1,1302.82,422.21,39.41,123.23,0.1118,-1,-1,-1
337,-1,558.23,457.32,21.60,56.96,0.1081,-1,-1,-1
337,-1,1866.89,382.62,52.65,272.09,0.1044,-1,-1,-1
337,-1,800.65,478.49,34.71,70.37,0.1027,-1,-1,-1
338,-1,1057.74,399.24,197.03,619.92,0.8526,-1,-1,-1
338,-1,0.17,445.73,149.45,339.82,0.8495,-1,-1,-1
338,-1,876.32,421.41,169.32,522.52,0.8283,-1,-1,-1
338,-1,229.57,419.94,209.39,403.05,0.8134,-1,-1,-1
338,-1,1479.19,432.42,48.71,113.71,0.7207,-1,-1,-1
338,-1,734.78,486.83,43.63,114.40,0.5048,-1,-1,-1
338,-1,676.27,487.46,49.34,117.69,0.3423,-1,-1,-1
338,-1,484.52,445.49,41.83,118.74,0.3053,-1,-1,-1
338,-1,1828.17,473.98,70.14,166.99,0.2746,-1,-1,-1
338,-1,1207.84,462.78,71.16,156.02,0.2729,-1,-1,-1
338,-1,375.00,460.98,48.55,111.68,0.2510,-1,-1,-1
338,-1,1870.44,386.92,49.06,267.99,0.2437,-1,-1,-1
338,-1,1887.80,400.89,31.32,253.13,0.2370,-1,-1,-1
338,-1,1825.84,694.73,93.58,158.19,0.2256,-1,-1,-1
338,-1,1204.72,458.49,98.55,229.84,0.2246,-1,-1,-1
338,-1,1669.49,424.80,111.14,208.60,0.1984,-1,-1,-1
338,-1,1827.54,402.98,91.95,452.44,0.1946,-1,-1,-1
338,-1,687.04,481.34,44.72,121.81,0.1861,-1,-1,-1
338,-1,1493.38,437.25,41.37,110.21,0.1764,-1,-1,-1
338,-1,1534.65,433.24,25.85,56.15,0.1648,-1,-1,-1
338,-1,1664.43,441.97,45.22,145.83,0.1526,-1,-1,-1
338,-1,415.72,470.57,39.65,100.37,0.1498,-1,-1,-1
338,-1,1303.09,424.56,39.30,121.15,0.1336,-1,-1,-1
338,-1,1204.90,459.40,88.65,338.41,0.1294,-1,-1,-1
338,-1,1891.25,457.36,27.89,201.05,0.1141,-1,-1,-1
338,-1,551.61,454.63,22.00,59.63,0.1136,-1,-1,-1
338,-1,878.02,445.95,55.80,124.24,0.1101,-1,-1,-1
338,-1,558.29,457.82,20.89,56.48,0.1066,-1,-1,-1
339,-1,229.32,408.81,214.79,414.46,0.8562,-1,-1,-1
339,-1,1059.09,399.79,195.79,618.81,0.8434,-1,-1,-1
339,-1,876.92,422.55,161.23,521.08,0.8376,-1,-1,-1
339,-1,0.00,444.68,149.78,339.40,0.8289,-1,-1,-1
339,-1,1481.63,436.22,49.67,109.93,0.6176,-1,-1,-1
339,-1,734.66,486.12,43.76,115.13,0.5487,-1,-1,-1
339,-1,677.22,487.31,47.85,117.58,0.3789,-1,-1,-1
339,-1,1209.29,456.34,72.88,167.31,0.3330,-1,-1,-1
339,-1,487.03,452.20,41.38,109.72,0.2868,-1,-1,-1
339,-1,1829.89,473.49,72.54,167.45,0.2818,-1,-1,-1
339,-1,1874.69,392.44,44.64,253.54,0.2480,-1,-1,-1
339,-1,1206.34,448.55,92.66,236.96,0.2316,-1,-1,-1
339,-1,686.51,482.57,44.91,120.10,0.2214,-1,-1,-1
339,-1,1669.17,425.92,112.33,207.59,0.2187,-1,-1,-1
339,-1,415.62,474.76,38.16,95.54,0.2159,-1,-1,-1
339,-1,375.26,464.69,48.16,107.50,0.2062,-1,-1,-1
339,-1,490.38,455.58,37.95,77.16,0.1937,-1,-1,-1
339,-1,1498.47,439.46,40.67,106.78,0.1885,-1,-1,-1
339,-1,1663.89,441.16,45.88,146.75,0.1815,-1,-1,-1
339,-1,1850.06,489.75,53.65,161.36,0.1592,-1,-1,-1
339,-1,1844.35,704.24,74.93,157.62,0.1432,-1,-1,-1
339,-1,1885.57,409.45,33.68,227.21,0.1284,-1,-1,-1
339,-1,1533.79,428.82,28.60,61.31,0.1152,-1,-1,-1
339,-1,551.93,455.09,22.66,58.32,0.1138,-1,-1,-1
339,-1,558.19,463.08,19.55,50.01,0.1124,-1,-1,-1
339,-1,1841.22,442.13,78.27,421.72,0.1113,-1,-1,-1
339,-1,704.68,482.24,34.17,108.17,0.1026,-1,-1,-1
339,-1,1862.33,429.49,57.17,224.58,0.1014,-1,-1,-1
340,-1,228.24,409.48,226.01,413.30,0.8620,-1,-1,-1
340,-1,1058.79,399.80,197.01,616.49,0.8326,-1,-1,-1
340,-1,880.07,421.08,163.66,512.00,0.8250,-1,-1,-1
340,-1,0.14,444.35,149.60,341.21,0.8246,-1,-1,-1
340,-1,733.88,485.40,44.39,116.02,0.5352,-1,-1,-1
340,-1,1483.84,437.93,42.32,109.06,0.5296,-1,-1,-1
340,-1,676.60,488.09,48.55,117.82,0.3818,-1,-1,-1
340,-1,1840.63,469.08,65.79,180.52,0.3451,-1,-1,-1
340,-1,1210.43,454.70,77.68,170.39,0.2566,-1,-1,-1
340,-1,1876.03,393.31,43.29,252.13,0.2542,-1,-1,-1
340,-1,484.94,448.34,40.39,116.02,0.2436,-1,-1,-1
340,-1,685.08,483.14,46.49,119.82,0.2245,-1,-1,-1
340,-1,1206.62,443.58,94.69,241.32,0.2154,-1,-1,-1
340,-1,1668.42,423.16,112.67,207.29,0.2045,-1,-1,-1
340,-1,1663.77,438.93,46.89,149.62,0.1782,-1,-1,-1
340,-1,377.32,466.14,44.92,104.29,0.1750,-1,-1,-1
340,-1,1489.67,438.08,50.63,108.49,0.1604,-1,-1,-1
340,-1,490.65,453.77,37.34,70.18,0.1590,-1,-1,-1
340,-1,417.17,474.70,37.36,94.08,0.1457,-1,-1,-1
340,-1,1863.82,453.13,55.68,201.23,0.1355,-1,-1,-1
340,-1,1196.65,431.67,92.64,227.52,0.1278,-1,-1,-1
340,-1,1890.24,443.74,29.02,206.02,0.1260,-1,-1,-1
340,-1,1850.48,504.85,52.22,146.68,0.1138,-1,-1,-1
340,-1,551.84,455.04,22.05,58.31,0.1137,-1,-1,-1
340,-1,879.48,447.38,55.83,122.72,0.1129,-1,-1,-1
340,-1,1826.21,475.58,57.34,164.53,0.1115,-1,-1,-1
340,-1,558.19,461.27,19.99,51.91,0.1106,-1,-1,-1
340,-1,1512.29,438.21,24.88,60.44,0.1045,-1,-1,-1
340,-1,0.00,473.96,38.64,186.30,0.1018,-1,-1,-1
341,-1,1061.30,396.43,197.08,621.83,0.8553,-1,-1,-1
341,-1,238.29,416.86,214.84,405.50,0.8468,-1,-1,-1
341,-1,880.27,421.21,162.77,522.82,0.8232,-1,-1,-1
341,-1,0.02,444.27,151.39,340.82,0.8037,-1,-1,-1
341,-1,734.37,486.41,44.43,114.52,0.4937,-1,-1,-1
341,-1,1483.19,432.17,47.20,114.22,0.4650,-1,-1,-1
341,-1,675.10,490.05,49.57,116.10,0.3526,-1,-1,-1
341,-1,1831.67,473.41,71.74,167.63,0.3189,-1,-1,-1
341,-1,1876.47,391.40,42.84,255.64,0.2773,-1,-1,-1
341,-1,485.46,445.94,39.99,118.85,0.2631,-1,-1,-1
341,-1,1849.05,478.89,54.77,171.95,0.2614,-1,-1,-1
341,-1,1209.62,454.48,78.63,165.97,0.2125,-1,-1,-1
341,-1,1206.21,441.91,97.14,238.29,0.1933,-1,-1,-1
341,-1,574.59,454.29,21.37,59.55,0.1883,-1,-1,-1
341,-1,688.76,485.00,43.73,116.88,0.1867,-1,-1,-1
341,-1,1663.25,435.53,53.32,151.83,0.1727,-1,-1,-1
341,-1,415.51,480.80,40.85,88.36,0.1623,-1,-1,-1
341,-1,492.92,452.71,35.51,66.45,0.1605,-1,-1,-1
341,-1,1666.94,423.98,114.18,199.59,0.1580,-1,-1,-1
341,-1,551.58,453.70,20.47,59.93,0.1564,-1,-1,-1
341,-1,583.46,455.08,21.01,58.44,0.1514,-1,-1,-1
341,-1,1888.91,415.86,30.28,220.58,0.1411,-1,-1,-1
341,-1,1860.33,439.77,59.16,214.72,0.1402,-1,-1,-1
341,-1,559.46,454.61,21.34,59.16,0.1331,-1,-1,-1
341,-1,527.31,454.29,21.42,60.48,0.1285,-1,-1,-1
341,-1,1502.03,435.59,33.69,103.16,0.1191,-1,-1,-1
341,-1,1670.88,433.42,82.95,151.79,0.1141,-1,-1,-1
341,-1,533.31,454.24,25.26,59.52,0.1095,-1,-1,-1
341,-1,1196.07,413.03,93.05,225.92,0.1064,-1,-1,-1
341,-1,703.80,482.73,35.88,107.81,0.1029,-1,-1,-1
341,-1,1894.98,448.38,24.38,204.02,0.1028,-1,-1,-1
342,-1,239.52,429.98,219.33,391.49,0.8602,-1,-1,-1
342,-1,1065.04,395.92,196.31,622.42,0.8510,-1,-1,-1
342,-1,0.06,442.03,150.32,341.38,0.8173,-1,-1,-1
342,-1,884.76,421.25,158.42,514.17,0.8105,-1,-1,-1
342,-1,1484.27,431.78,49.85,115.41,0.5022,-1,-1,-1
342,-1,735.34,484.99,46.33,114.45,0.4072,-1,-1,-1
342,-1,676.18,493.29,49.67,113.10,0.3226,-1,-1,-1
342,-1,1875.19,389.52,44.13,260.26,0.2709,-1,-1,-1
342,-1,1850.74,482.79,54.30,169.60,0.2220,-1,-1,-1
342,-1,1668.91,427.50,111.69,205.85,0.2202,-1,-1,-1
342,-1,1194.06,410.59,101.20,239.04,0.2153,-1,-1,-1
342,-1,1209.59,451.74,89.19,214.89,0.2012,-1,-1,-1
342,-1,691.41,486.22,41.38,114.86,0.1973,-1,-1,-1
342,-1,1857.79,387.31,61.75,266.08,0.1961,-1,-1,-1
342,-1,1208.91,407.29,78.02,202.68,0.1939,-1,-1,-1
342,-1,1665.64,435.82,53.10,152.12,0.1931,-1,-1,-1
342,-1,1832.88,474.36,68.65,165.86,0.1667,-1,-1,-1
342,-1,415.55,478.15,38.83,90.70,0.1611,-1,-1,-1
342,-1,705.54,482.76,33.92,103.91,0.1591,-1,-1,-1
342,-1,553.37,456.19,18.08,57.34,0.1551,-1,-1,-1
342,-1,1888.18,411.48,31.04,228.64,0.1464,-1,-1,-1
342,-1,486.27,448.75,39.45,113.91,0.1457,-1,-1,-1
342,-1,491.79,452.96,37.64,69.72,0.1400,-1,-1,-1
342,-1,559.91,457.30,19.36,55.95,0.1276,-1,-1,-1
342,-1,1670.93,431.99,100.40,155.76,0.1261,-1,-1,-1
342,-1,574.76,457.29,19.92,56.10,0.1180,-1,-1,-1
342,-1,1893.94,463.84,25.40,188.63,0.1094,-1,-1,-1
342,-1,583.58,457.64,19.57,55.15,0.1081,-1,-1,-1
342,-1,526.62,453.32,21.31,60.95,0.1064,-1,-1,-1
343,-1,1065.40,397.88,194.47,620.81,0.8495,-1,-1,-1
343,-1,240.25,417.40,217.55,404.21,0.8385,-1,-1,-1
343,-1,886.90,421.89,152.44,511.61,0.8143,-1,-1,-1
343,-1,1.99,442.74,148.54,351.86,0.8049,-1,-1,-1
343,-1,737.72,489.27,44.20,111.75,0.4149,-1,-1,-1
343,-1,1487.78,434.12,47.89,113.83,0.3615,-1,-1,-1
343,-1,675.82,489.98,50.61,114.36,0.3287,-1,-1,-1
343,-1,1832.89,473.53,68.61,166.89,0.3236,-1,-1,-1
343,-1,1862.04,384.85,57.51,266.51,0.2403,-1,-1,-1
343,-1,692.10,487.25,40.49,112.83,0.2204,-1,-1,-1
343,-1,1878.08,396.47,41.29,252.03,0.2197,-1,-1,-1
343,-1,1668.51,420.53,113.20,216.18,0.2120,-1,-1,-1
343,-1,1190.84,412.03,107.46,269.63,0.2068,-1,-1,-1
343,-1,1850.38,479.74,54.05,172.46,0.1995,-1,-1,-1
343,-1,1665.52,438.14,49.66,149.27,0.1952,-1,-1,-1
343,-1,1890.01,412.30,29.21,227.02,0.1903,-1,-1,-1
343,-1,705.41,483.42,33.60,104.79,0.1730,-1,-1,-1
343,-1,553.25,456.31,17.09,57.21,0.1662,-1,-1,-1
343,-1,1188.76,410.08,97.18,194.47,0.1603,-1,-1,-1
343,-1,574.57,458.76,21.39,54.45,0.1576,-1,-1,-1
343,-1,484.79,446.36,40.40,115.70,0.1462,-1,-1,-1
343,-1,672.30,492.93,43.61,106.06,0.1444,-1,-1,-1
343,-1,1188.22,410.31,107.85,383.19,0.1406,-1,-1,-1
343,-1,559.84,457.50,19.11,55.76,0.1340,-1,-1,-1
343,-1,416.72,476.80,43.15,90.65,0.1327,-1,-1,-1
343,-1,526.47,450.90,21.60,63.43,0.1317,-1,-1,-1
343,-1,582.96,458.47,21.07,54.24,0.1281,-1,-1,-1
343,-1,803.34,481.35,31.08,67.40,0.1249,-1,-1,-1
343,-1,491.35,450.93,38.10,69.78,0.1234,-1,-1,-1
343,-1,534.00,453.26,22.77,60.35,0.1127,-1,-1,-1
343,-1,586.57,455.90,22.67,57.61,0.1120,-1,-1,-1
343,-1,1853.41,461.43,65.95,193.14,0.1073,-1,-1,-1
343,-1,669.85,488.04,36.28,52.38,0.1043,-1,-1,-1
344,-1,1064.74,398.02,196.02,620.94,0.8603,-1,-1,-1
344,-1,243.59,414.61,219.67,404.18,0.8393,-1,-1,-1
344,-1,0.71,441.24,148.90,351.84,0.8322,-1,-1,-1
344,-1,889.37,422.97,153.24,510.56,0.7978,-1,-1,-1
344,-1,737.53,493.40,42.44,108.85,0.4250,-1,-1,-1
344,-1,675.57,489.83,50.50,115.33,0.3686,-1,-1,-1
344,-1,1833.58,473.60,68.54,166.65,0.2565,-1,-1,-1
344,-1,1849.46,479.89,56.31,171.66,0.2278,-1,-1,-1
344,-1,690.59,487.02,41.85,114.56,0.2254,-1,-1,-1
344,-1,1668.39,419.23,112.70,216.25,0.2230,-1,-1,-1
344,-1,1191.18,408.62,108.66,265.55,0.2223,-1,-1,-1
344,-1,1878.37,397.38,40.97,249.47,0.2138,-1,-1,-1
344,-1,1858.87,384.06,60.67,267.18,0.2116,-1,-1,-1
344,-1,1488.19,440.83,44.19,105.68,0.1882,-1,-1,-1
344,-1,1853.40,452.01,66.12,201.81,0.1759,-1,-1,-1
344,-1,1665.80,437.38,49.79,151.03,0.1721,-1,-1,-1
344,-1,705.82,487.28,31.19,106.31,0.1719,-1,-1,-1
344,-1,1890.68,415.93,28.54,223.58,0.1643,-1,-1,-1
344,-1,553.04,457.33,17.17,56.36,0.1532,-1,-1,-1
344,-1,574.67,458.77,22.21,54.55,0.1470,-1,-1,-1
344,-1,1190.59,412.33,109.23,408.76,0.1433,-1,-1,-1
344,-1,804.09,481.18,30.39,67.67,0.1380,-1,-1,-1
344,-1,487.62,449.34,37.15,111.43,0.1329,-1,-1,-1
344,-1,417.44,480.00,39.28,87.01,0.1279,-1,-1,-1
344,-1,582.80,458.15,20.88,54.73,0.1278,-1,-1,-1
344,-1,559.49,459.06,18.13,54.38,0.1192,-1,-1,-1
344,-1,586.41,455.73,22.46,58.06,0.1150,-1,-1,-1
344,-1,492.64,452.88,36.59,65.46,0.1105,-1,-1,-1
344,-1,525.46,449.17,21.81,65.21,0.1072,-1,-1,-1
344,-1,670.22,488.69,36.84,57.44,0.1029,-1,-1,-1
344,-1,1875.96,463.26,43.36,190.42,0.1009,-1,-1,-1
345,-1,1064.21,398.28,198.77,620.65,0.8597,-1,-1,-1
345,-1,250.47,408.81,209.41,407.72,0.8501,-1,-1,-1
345,-1,890.23,423.16,154.83,510.22,0.8215,-1,-1,-1
345,-1,14.70,438.95,137.36,351.80,0.8012,-1,-1,-1
345,-1,735.68,482.04,44.94,119.65,0.5366,-1,-1,-1
345,-1,676.96,489.01,47.54,114.86,0.3121,-1,-1,-1
345,-1,1828.60,470.73,75.27,169.30,0.2460,-1,-1,-1
345,-1,1860.20,385.26,59.37,265.46,0.2335,-1,-1,-1
345,-1,1670.86,420.53,112.75,215.51,0.2308,-1,-1,-1
345,-1,692.70,485.66,39.45,114.61,0.1944,-1,-1,-1
345,-1,1888.40,418.45,30.83,225.27,0.1920,-1,-1,-1
345,-1,484.31,447.76,39.07,114.84,0.1889,-1,-1,-1
345,-1,1191.49,409.29,114.60,253.69,0.1864,-1,-1,-1
345,-1,1877.92,399.75,41.43,248.62,0.1819,-1,-1,-1
345,-1,1842.70,461.86,66.39,188.89,0.1642,-1,-1,-1
345,-1,1189.40,408.04,113.29,408.94,0.1526,-1,-1,-1
345,-1,703.78,481.80,34.35,111.43,0.1488,-1,-1,-1
345,-1,805.91,481.64,28.48,66.83,0.1254,-1,-1,-1
345,-1,1664.22,435.69,47.66,151.76,0.1210,-1,-1,-1
345,-1,672.68,494.21,41.86,101.42,0.1170,-1,-1,-1
345,-1,1894.04,443.65,25.34,209.55,0.1129,-1,-1,-1
345,-1,487.76,451.15,40.12,92.69,0.1119,-1,-1,-1
345,-1,552.79,457.26,17.48,56.30,0.1102,-1,-1,-1
345,-1,1853.34,447.75,66.06,206.14,0.1049,-1,-1,-1
345,-1,418.54,469.98,43.77,94.53,0.1046,-1,-1,-1
346,-1,1066.05,397.65,198.71,621.74,0.8574,-1,-1,-1
346,-1,893.29,421.15,154.55,521.51,0.8253,-1,-1,-1
346,-1,259.30,413.13,200.23,403.65,0.8171,-1,-1,-1
346,-1,40.31,439.09,119.01,343.50,0.7865,-1,-1,-1
346,-1,735.32,481.49,45.76,121.05,0.5581,-1,-1,-1
346,-1,675.09,486.96,50.13,117.20,0.3040,-1,-1,-1
346,-1,1829.42,470.20,75.31,169.46,0.2695,-1,-1,-1
346,-1,1858.96,386.66,60.61,263.23,0.2581,-1,-1,-1
346,-1,1887.77,416.88,31.43,224.80,0.2139,-1,-1,-1
346,-1,691.71,485.02,40.24,115.61,0.1853,-1,-1,-1
346,-1,484.97,447.45,40.47,115.54,0.1820,-1,-1,-1
346,-1,1667.30,416.27,116.03,218.49,0.1814,-1,-1,-1
346,-1,705.26,480.62,33.02,110.21,0.1649,-1,-1,-1
346,-1,1850.12,474.36,56.49,176.83,0.1581,-1,-1,-1
346,-1,1191.43,412.77,117.32,250.48,0.1504,-1,-1,-1
346,-1,1664.06,434.83,49.31,152.74,0.1428,-1,-1,-1
346,-1,1206.52,453.75,97.57,212.97,0.1412,-1,-1,-1
346,-1,806.43,480.79,28.33,67.78,0.1387,-1,-1,-1
346,-1,1497.09,433.19,41.24,109.67,0.1383,-1,-1,-1
346,-1,672.38,493.39,43.32,104.65,0.1302,-1,-1,-1
346,-1,488.17,451.68,41.18,89.37,0.1259,-1,-1,-1
346,-1,491.47,455.67,39.56,63.04,0.1139,-1,-1,-1
346,-1,552.10,459.76,17.77,53.98,0.1029,-1,-1,-1
347,-1,1066.43,397.42,197.37,621.80,0.8621,-1,-1,-1
347,-1,893.21,421.47,152.81,521.32,0.8336,-1,-1,-1
347,-1,276.39,424.10,183.80,389.34,0.8252,-1,-1,-1
347,-1,57.81,438.52,121.56,341.94,0.8098,-1,-1,-1
347,-1,734.64,484.63,47.16,117.65,0.5705,-1,-1,-1
347,-1,674.82,490.27,48.53,114.41,0.3196,-1,-1,-1
347,-1,1829.31,470.66,75.83,168.14,0.2643,-1,-1,-1
347,-1,1858.73,387.11,60.84,262.14,0.2633,-1,-1,-1
347,-1,1671.69,420.49,112.14,215.72,0.2336,-1,-1,-1
347,-1,1887.18,415.62,32.02,224.16,0.2286,-1,-1,-1
347,-1,485.27,449.22,39.26,113.30,0.1782,-1,-1,-1
347,-1,707.83,487.87,29.41,106.96,0.1719,-1,-1,-1
347,-1,690.34,487.53,39.07,112.40,0.1651,-1,-1,-1
347,-1,1209.15,453.03,94.32,212.69,0.1547,-1,-1,-1
347,-1,806.83,481.50,27.84,66.70,0.1402,-1,-1,-1
347,-1,1496.85,432.65,46.08,113.52,0.1381,-1,-1,-1
347,-1,1662.97,432.16,52.48,156.82,0.1276,-1,-1,-1
347,-1,1850.38,475.93,57.63,174.68,0.1249,-1,-1,-1
347,-1,1192.93,418.00,117.22,246.42,0.1239,-1,-1,-1
347,-1,558.14,467.08,16.72,45.79,0.1114,-1,-1,-1
347,-1,487.99,453.88,40.38,91.09,0.1113,-1,-1,-1
347,-1,552.18,460.69,18.14,52.82,0.1033,-1,-1,-1
348,-1,1066.41,395.25,198.92,624.70,0.8672,-1,-1,-1
348,-1,294.23,405.88,164.28,404.12,0.8408,-1,-1,-1
348,-1,894.61,421.83,154.50,519.47,0.8320,-1,-1,-1
348,-1,63.03,437.68,121.78,344.29,0.7781,-1,-1,-1
348,-1,733.74,481.81,48.45,120.22,0.5448,-1,-1,-1
348,-1,1503.59,432.91,42.80,112.52,0.4411,-1,-1,-1
348,-1,1672.04,416.24,112.63,219.38,0.3821,-1,-1,-1
348,-1,1857.62,387.41,61.95,262.62,0.3345,-1,-1,-1
348,-1,674.52,489.29,52.56,114.54,0.3054,-1,-1,-1
348,-1,1879.48,394.38,39.78,251.40,0.2866,-1,-1,-1
348,-1,807.88,480.92,26.92,66.64,0.2493,-1,-1,-1
348,-1,483.22,446.58,43.08,116.27,0.2383,-1,-1,-1
348,-1,1833.86,477.61,68.23,168.25,0.2360,-1,-1,-1
348,-1,708.01,481.18,29.90,102.45,0.1845,-1,-1,-1
348,-1,489.41,455.87,40.59,64.98,0.1719,-1,-1,-1
348,-1,1849.95,485.61,56.39,164.60,0.1656,-1,-1,-1
348,-1,691.12,484.29,39.69,109.32,0.1548,-1,-1,-1
348,-1,1886.31,430.92,33.03,219.18,0.1464,-1,-1,-1
348,-1,1211.93,455.13,84.96,180.74,0.1443,-1,-1,-1
348,-1,1497.04,431.83,39.19,113.44,0.1362,-1,-1,-1
348,-1,1839.26,455.01,78.14,191.95,0.1136,-1,-1,-1
348,-1,552.58,460.13,18.43,54.60,0.1108,-1,-1,-1
348,-1,1205.01,445.97,83.88,158.15,0.1107,-1,-1,-1
348,-1,671.89,494.67,44.13,76.15,0.1104,-1,-1,-1
348,-1,558.43,466.50,19.71,47.77,0.1034,-1,-1,-1
349,-1,1065.82,398.08,200.54,621.93,0.8707,-1,-1,-1
349,-1,894.99,422.17,159.43,519.32,0.8489,-1,-1,-1
349,-1,304.44,399.34,153.60,405.52,0.8199,-1,-1,-1
349,-1,73.08,438.31,123.41,341.96,0.7687,-1,-1,-1
349,-1,733.30,481.80,47.78,119.57,0.4598,-1,-1,-1
349,-1,1672.37,416.36,111.89,220.16,0.4423,-1,-1,-1
349,-1,1508.71,433.94,40.03,111.51,0.3591,-1,-1,-1
349,-1,1855.78,387.20,63.79,263.09,0.3501,-1,-1,-1
349,-1,674.48,489.96,52.33,113.32,0.3152,-1,-1,-1
349,-1,1878.73,395.73,40.54,250.82,0.2863,-1,-1,-1
349,-1,1834.56,476.61,67.74,169.37,0.2249,-1,-1,-1
349,-1,482.98,446.89,42.04,116.55,0.1880,-1,-1,-1
349,-1,807.61,482.16,26.21,65.00,0.1827,-1,-1,-1
349,-1,711.15,481.50,27.63,102.67,0.1766,-1,-1,-1
349,-1,1887.40,427.20,31.94,222.29,0.1553,-1,-1,-1
349,-1,1845.64,460.25,64.60,189.94,0.1509,-1,-1,-1
349,-1,491.06,453.98,38.09,69.91,0.1453,-1,-1,-1
349,-1,553.36,460.86,19.21,53.76,0.1279,-1,-1,-1
349,-1,558.32,467.12,20.87,46.83,0.1204,-1,-1,-1
349,-1,672.36,495.54,45.64,93.52,0.1198,-1,-1,-1
349,-1,1835.31,401.89,81.38,243.92,0.1158,-1,-1,-1
349,-1,524.72,453.60,21.78,63.01,0.1110,-1,-1,-1
349,-1,1193.54,415.00,127.69,404.47,0.1105,-1,-1,-1
349,-1,1193.18,406.62,90.07,184.89,0.1082,-1,-1,-1
349,-1,1193.27,415.24,113.02,297.72,0.1023,-1,-1,-1
349,-1,1212.75,452.49,85.47,185.07,0.1012,-1,-1,-1
350,-1,1064.61,397.67,200.06,621.86,0.8747,-1,-1,-1
350,-1,79.66,434.47,134.90,347.42,0.8555,-1,-1,-1
350,-1,896.42,422.14,160.52,519.46,0.8403,-1,-1,-1
350,-1,320.19,400.17,138.36,402.63,0.7685,-1,-1,-1
350,-1,733.28,482.14,48.15,119.67,0.4662,-1,-1,-1
350,-1,1671.13,413.97,113.02,222.52,0.3979,-1,-1,-1
350,-1,673.45,488.39,52.58,114.75,0.3484,-1,-1,-1
350,-1,0.06,500.37,39.04,361.14,0.3172,-1,-1,-1
350,-1,1856.14,387.64,63.44,263.76,0.3142,-1,-1,-1
350,-1,481.29,443.97,44.47,119.23,0.2792,-1,-1,-1
350,-1,1830.51,468.55,72.91,178.30,0.2459,-1,-1,-1
350,-1,1880.54,396.12,38.74,251.52,0.2446,-1,-1,-1
350,-1,1849.99,476.00,56.25,175.49,0.2446,-1,-1,-1
350,-1,1512.77,433.71,41.17,109.48,0.2375,-1,-1,-1
350,-1,1889.64,412.51,29.64,228.82,0.2199,-1,-1,-1
350,-1,0.08,509.20,26.71,303.29,0.2011,-1,-1,-1
350,-1,807.28,481.77,27.32,65.51,0.1921,-1,-1,-1
350,-1,1839.46,453.83,77.90,195.21,0.1722,-1,-1,-1
350,-1,708.21,483.21,30.42,100.61,0.1593,-1,-1,-1
350,-1,1221.56,453.28,68.70,151.83,0.1343,-1,-1,-1
350,-1,1883.92,457.44,35.36,194.87,0.1210,-1,-1,-1
350,-1,553.62,460.92,20.30,52.91,0.1193,-1,-1,-1
350,-1,0.08,515.42,20.49,265.36,0.1144,-1,-1,-1
350,-1,1239.21,446.35,49.48,141.42,0.1129,-1,-1,-1
350,-1,671.32,490.85,43.37,71.42,0.1064,-1,-1,-1
350,-1,1300.41,418.43,41.26,125.91,0.1043,-1,-1,-1
350,-1,1663.54,435.86,51.13,150.81,0.1042,-1,-1,-1
350,-1,558.27,466.41,23.33,47.14,0.1033,-1,-1,-1
351,-1,1062.53,400.18,202.18,619.44,0.8727,-1,-1,-1
351,-1,897.40,422.92,158.86,518.49,0.8402,-1,-1,-1
351,-1,85.63,433.42,148.98,348.41,0.7922,-1,-1,-1
351,-1,335.73,399.63,125.37,397.25,0.7501,-1,-1,-1
351,-1,0.04,479.75,45.38,382.59,0.5285,-1,-1,-1
351,-1,733.17,478.77,48.33,121.77,0.4860,-1,-1,-1
351,-1,674.17,487.23,52.85,116.03,0.4084,-1,-1,-1
351,-1,1668.36,414.46,115.37,223.50,0.4081,-1,-1,-1
351,-1,1855.11,386.50,64.46,265.20,0.3635,-1,-1,-1
351,-1,1517.02,437.19,36.73,105.42,0.3261,-1,-1,-1
351,-1,1878.50,394.17,40.77,253.02,0.2841,-1,-1,-1
351,-1,482.67,448.64,42.57,114.24,0.2348,-1,-1,-1
351,-1,1830.79,466.60,73.38,179.85,0.2344,-1,-1,-1
351,-1,1850.10,474.29,57.06,177.19,0.2287,-1,-1,-1
351,-1,807.31,481.77,27.53,65.61,0.2221,-1,-1,-1
351,-1,0.20,578.24,43.25,275.81,0.1765,-1,-1,-1
351,-1,0.01,501.76,44.07,265.35,0.1652,-1,-1,-1
351,-1,1839.14,446.76,78.86,202.53,0.1632,-1,-1,-1
351,-1,708.01,482.99,30.89,104.65,0.1549,-1,-1,-1
351,-1,1886.30,429.34,33.04,221.11,0.1533,-1,-1,-1
351,-1,1223.30,450.99,65.78,157.71,0.1445,-1,-1,-1
351,-1,1239.66,445.52,47.70,137.24,0.1418,-1,-1,-1
351,-1,740.85,511.17,39.53,92.84,0.1365,-1,-1,-1
351,-1,671.70,490.57,43.62,105.87,0.1327,-1,-1,-1
351,-1,1664.40,437.58,49.90,148.25,0.1263,-1,-1,-1
351,-1,552.69,461.90,19.90,51.45,0.1067,-1,-1,-1
351,-1,1682.70,426.69,99.32,158.42,0.1005,-1,-1,-1
352,-1,79.66,439.79,184.83,340.25,0.8683,-1,-1,-1
352,-1,1063.40,401.31,201.84,617.80,0.8590,-1,-1,-1
352,-1,898.15,423.56,160.99,517.03,0.8488,-1,-1,-1
352,-1,357.32,399.52,113.33,394.37,0.7557,-1,-1,-1
352,-1,0.09,444.41,60.27,415.73,0.7196,-1,-1,-1
352,-1,733.38,478.99,48.34,121.32,0.4841,-1,-1,-1
352,-1,1670.96,426.55,113.76,209.58,0.4337,-1,-1,-1
352,-1,673.27,486.97,54.70,117.50,0.4118,-1,-1,-1
352,-1,1861.29,385.94,58.26,264.20,0.3807,-1,-1,-1
352,-1,1515.56,433.17,43.85,107.86,0.3555,-1,-1,-1
352,-1,1849.29,475.12,54.93,176.67,0.3519,-1,-1,-1
352,-1,481.05,447.82,45.16,114.76,0.2843,-1,-1,-1
352,-1,1878.93,394.02,40.36,255.66,0.2354,-1,-1,-1
352,-1,806.93,482.12,27.33,65.94,0.1858,-1,-1,-1
352,-1,739.02,502.33,42.56,101.46,0.1745,-1,-1,-1
352,-1,1844.08,453.44,73.95,197.07,0.1615,-1,-1,-1
352,-1,707.90,484.08,30.98,104.04,0.1535,-1,-1,-1
352,-1,1893.19,421.92,26.08,229.55,0.1499,-1,-1,-1
352,-1,1663.11,438.09,50.25,150.00,0.1449,-1,-1,-1
352,-1,1220.82,453.14,70.94,157.38,0.1329,-1,-1,-1
352,-1,1685.30,432.25,97.14,155.10,0.1272,-1,-1,-1
352,-1,527.11,453.41,19.50,62.89,0.1157,-1,-1,-1
352,-1,1833.83,472.47,63.79,167.81,0.1146,-1,-1,-1
352,-1,1240.82,448.07,46.07,137.11,0.1053,-1,-1,-1
353,-1,76.35,445.06,205.81,337.01,0.8768,-1,-1,-1
353,-1,1064.37,398.65,200.58,620.84,0.8503,-1,-1,-1
353,-1,898.27,422.64,160.55,516.57,0.8486,-1,-1,-1
353,-1,0.09,445.92,74.53,412.77,0.7573,-1,-1,-1
353,-1,364.35,399.36,112.51,394.58,0.7236,-1,-1,-1
353,-1,673.21,486.76,51.68,118.49,0.4592,-1,-1,-1
353,-1,736.79,491.15,42.74,111.74,0.4573,-1,-1,-1
353,-1,1516.82,431.73,38.72,112.37,0.4194,-1,-1,-1
353,-1,1849.39,474.14,54.80,177.71,0.3135,-1,-1,-1
353,-1,1669.45,427.99,113.57,209.43,0.3077,-1,-1,-1
353,-1,1865.53,386.86,54.02,261.59,0.2913,-1,-1,-1
353,-1,479.21,448.56,44.20,113.78,0.2802,-1,-1,-1
353,-1,1879.96,395.58,39.30,250.96,0.2114,-1,-1,-1
353,-1,1832.72,471.49,67.90,170.22,0.2085,-1,-1,-1
353,-1,807.06,481.55,27.90,67.17,0.1746,-1,-1,-1
353,-1,1842.00,459.67,75.04,189.23,0.1668,-1,-1,-1
353,-1,1663.56,444.91,45.55,142.30,0.1595,-1,-1,-1
353,-1,526.47,452.82,19.71,66.25,0.1351,-1,-1,-1
353,-1,708.24,483.85,30.58,106.92,0.1350,-1,-1,-1
353,-1,1889.11,439.29,30.15,210.52,0.1350,-1,-1,-1
353,-1,1226.30,455.18,67.11,178.49,0.1326,-1,-1,-1
353,-1,532.21,453.74,20.96,64.76,0.1156,-1,-1,-1
353,-1,1305.31,423.27,36.46,121.75,0.1154,-1,-1,-1
353,-1,1047.04,466.44,61.18,178.78,0.1018,-1,-1,-1
353,-1,1228.08,461.12,56.31,131.51,0.1007,-1,-1,-1
354,-1,83.40,445.26,206.07,335.62,0.8750,-1,-1,-1
354,-1,1065.41,400.50,201.24,618.79,0.8589,-1,-1,-1
354,-1,898.96,422.62,158.31,516.43,0.8387,-1,-1,-1
354,-1,371.39,399.67,118.18,398.98,0.7829,-1,-1,-1
354,-1,0.09,448.25,86.99,407.64,0.7300,-1,-1,-1
354,-1,735.13,480.26,47.05,120.73,0.5219,-1,-1,-1
354,-1,672.61,485.90,50.95,118.04,0.3885,-1,-1,-1
354,-1,1516.74,429.67,44.83,114.45,0.3723,-1,-1,-1
354,-1,1848.73,472.27,55.58,179.09,0.3319,-1,-1,-1
354,-1,1865.95,386.13,53.60,262.17,0.3196,-1,-1,-1
354,-1,1666.97,424.32,115.29,212.36,0.2923,-1,-1,-1
354,-1,1833.23,472.06,78.45,174.83,0.2008,-1,-1,-1
354,-1,480.11,452.36,44.47,110.18,0.1946,-1,-1,-1
354,-1,1880.32,395.25,38.88,251.23,0.1899,-1,-1,-1
354,-1,1663.90,439.87,48.08,146.72,0.1893,-1,-1,-1
354,-1,1851.93,441.75,67.49,212.56,0.1736,-1,-1,-1
354,-1,807.06,482.57,27.75,66.73,0.1567,-1,-1,-1
354,-1,1892.89,436.49,26.39,214.45,0.1445,-1,-1,-1
354,-1,706.52,486.46,31.38,107.10,0.1437,-1,-1,-1
354,-1,1228.65,462.40,55.60,136.15,0.1393,-1,-1,-1
354,-1,1227.30,455.59,64.82,168.96,0.1314,-1,-1,-1
354,-1,1054.36,476.14,68.25,170.17,0.1233,-1,-1,-1
354,-1,526.16,452.49,20.74,65.00,0.1035,-1,-1,-1
354,-1,1667.35,431.74,103.15,153.49,0.1034,-1,-1,-1
355,-1,84.71,441.17,205.53,339.33,0.8791,-1,-1,-1
355,-1,1065.90,401.36,200.31,618.00,0.8649,-1,-1,-1
355,-1,898.37,422.09,159.82,516.38,0.8331,-1,-1,-1
355,-1,366.27,399.74,133.05,399.96,0.8310,-1,-1,-1
355,-1,0.02,447.75,98.81,401.25,0.6619,-1,-1,-1
355,-1,735.79,484.42,44.20,117.83,0.5460,-1,-1,-1
355,-1,675.87,486.78,48.09,116.47,0.3818,-1,-1,-1
355,-1,1848.66,472.64,55.72,178.92,0.3183,-1,-1,-1
355,-1,1868.12,386.96,51.42,261.05,0.2908,-1,-1,-1
355,-1,1517.96,430.29,49.42,113.72,0.2515,-1,-1,-1
355,-1,1668.45,426.48,112.80,209.91,0.2372,-1,-1,-1
355,-1,1836.01,464.37,79.66,185.34,0.2258,-1,-1,-1
355,-1,1664.31,441.78,46.83,144.95,0.1983,-1,-1,-1
355,-1,477.88,448.24,46.59,113.33,0.1726,-1,-1,-1
355,-1,1889.16,420.54,30.09,216.94,0.1642,-1,-1,-1
355,-1,806.63,482.77,28.32,67.46,0.1596,-1,-1,-1
355,-1,707.31,486.30,31.02,107.08,0.1331,-1,-1,-1
355,-1,1227.75,454.92,58.97,153.99,0.1216,-1,-1,-1
355,-1,1672.25,432.38,96.80,152.70,0.1083,-1,-1,-1
355,-1,483.63,450.08,32.37,110.01,0.1050,-1,-1,-1
355,-1,1893.89,459.47,25.42,191.60,0.1045,-1,-1,-1
356,-1,98.82,438.76,197.32,338.92,0.8606,-1,-1,-1
356,-1,1065.80,400.41,202.59,618.98,0.8579,-1,-1,-1
356,-1,898.88,422.00,157.77,515.37,0.8379,-1,-1,-1
356,-1,357.44,398.46,152.71,400.86,0.8204,-1,-1,-1
356,-1,0.07,442.84,149.87,414.04,0.7517,-1,-1,-1
356,-1,735.87,484.66,43.35,117.21,0.5614,-1,-1,-1
356,-1,671.91,485.21,50.36,118.78,0.4265,-1,-1,-1
356,-1,1866.48,386.77,53.07,261.48,0.3471,-1,-1,-1
356,-1,1059.14,432.31,61.91,215.22,0.3354,-1,-1,-1
356,-1,1672.94,428.39,110.31,208.90,0.2979,-1,-1,-1
356,-1,1520.76,426.76,49.33,116.53,0.2804,-1,-1,-1
356,-1,1830.84,472.52,71.47,169.82,0.2658,-1,-1,-1
356,-1,1848.79,476.45,55.03,176.10,0.2656,-1,-1,-1
356,-1,1886.24,404.78,33.04,235.76,0.2100,-1,-1,-1
356,-1,806.30,482.93,28.73,67.22,0.1896,-1,-1,-1
356,-1,1664.00,450.02,44.52,136.65,0.1658,-1,-1,-1
356,-1,482.29,448.24,36.91,110.84,0.1573,-1,-1,-1
356,-1,1838.25,461.75,78.82,186.86,0.1442,-1,-1,-1
356,-1,1894.04,431.81,25.28,218.12,0.1408,-1,-1,-1
356,-1,705.82,483.06,32.72,108.84,0.1365,-1,-1,-1
356,-1,1305.18,420.13,37.16,125.60,0.1294,-1,-1,-1
356,-1,486.42,454.15,40.37,107.11,0.1158,-1,-1,-1
356,-1,526.88,450.98,21.29,66.45,0.1148,-1,-1,-1
356,-1,719.67,487.45,24.55,105.72,0.1105,-1,-1,-1
356,-1,1061.41,433.69,55.52,141.17,0.1013,-1,-1,-1
357,-1,1066.15,401.22,205.47,618.77,0.8595,-1,-1,-1
357,-1,900.18,421.43,150.88,518.73,0.8512,-1,-1,-1
357,-1,0.00,444.10,182.27,413.42,0.8320,-1,-1,-1
357,-1,111.77,446.13,184.94,323.57,0.7972,-1,-1,-1
357,-1,364.72,401.75,165.01,397.32,0.7297,-1,-1,-1
357,-1,735.49,491.66,43.33,109.95,0.4566,-1,-1,-1
357,-1,671.77,485.07,55.98,119.50,0.4526,-1,-1,-1
357,-1,1848.66,475.41,55.46,176.88,0.3387,-1,-1,-1
357,-1,1866.89,386.77,52.66,262.10,0.3008,-1,-1,-1
357,-1,1829.34,471.24,72.11,171.82,0.2973,-1,-1,-1
357,-1,1668.65,423.96,114.24,210.94,0.2280,-1,-1,-1
357,-1,1663.97,448.84,44.48,138.17,0.2031,-1,-1,-1
357,-1,1523.13,433.75,46.70,106.69,0.2005,-1,-1,-1
357,-1,1888.52,411.45,30.71,227.39,0.1992,-1,-1,-1
357,-1,805.43,480.89,29.95,69.11,0.1828,-1,-1,-1
357,-1,1058.05,466.94,60.41,179.86,0.1777,-1,-1,-1
357,-1,1894.42,453.30,24.83,197.34,0.1612,-1,-1,-1
357,-1,1838.80,464.51,77.20,184.95,0.1485,-1,-1,-1
357,-1,1305.56,422.66,36.30,122.57,0.1323,-1,-1,-1
357,-1,1852.25,432.24,67.13,222.68,0.1308,-1,-1,-1
357,-1,527.11,448.67,19.82,68.36,0.1151,-1,-1,-1
357,-1,704.02,482.60,34.20,106.33,0.1147,-1,-1,-1
358,-1,0.11,449.73,202.29,410.07,0.8734,-1,-1,-1
358,-1,1066.12,403.28,206.63,616.63,0.8542,-1,-1,-1
358,-1,365.38,399.96,199.67,397.90,0.8511,-1,-1,-1
358,-1,904.11,419.56,151.57,521.56,0.8280,-1,-1,-1
358,-1,123.61,472.86,170.92,294.86,0.7917,-1,-1,-1
358,-1,733.44,482.72,47.99,117.46,0.4627,-1,-1,-1
358,-1,1055.14,461.49,60.99,185.16,0.4613,-1,-1,-1
358,-1,671.35,487.58,55.76,118.10,0.4034,-1,-1,-1
358,-1,1524.60,425.39,50.31,117.36,0.3631,-1,-1,-1
358,-1,1667.87,416.62,114.41,219.98,0.3586,-1,-1,-1
358,-1,1842.26,461.04,64.01,190.19,0.3568,-1,-1,-1
358,-1,1869.51,387.14,50.04,260.40,0.2835,-1,-1,-1
358,-1,1888.19,419.06,31.01,219.45,0.1880,-1,-1,-1
358,-1,1663.44,440.87,45.10,145.48,0.1560,-1,-1,-1
358,-1,805.63,481.68,30.43,67.56,0.1543,-1,-1,-1
358,-1,528.31,452.77,19.93,63.24,0.1392,-1,-1,-1
358,-1,704.44,480.59,33.80,104.75,0.1252,-1,-1,-1
358,-1,488.60,454.86,40.04,96.48,0.1195,-1,-1,-1
358,-1,1894.86,456.46,24.41,193.65,0.1167,-1,-1,-1
358,-1,549.44,452.84,21.49,60.98,0.1133,-1,-1,-1
358,-1,1850.30,505.52,53.09,146.60,0.1109,-1,-1,-1
358,-1,1851.88,450.18,67.48,204.14,0.1085,-1,-1,-1
358,-1,533.58,453.79,25.15,62.10,0.1066,-1,-1,-1
358,-1,1305.31,423.28,36.84,122.30,0.1020,-1,-1,-1
359,-1,0.00,449.04,204.96,409.81,0.8551,-1,-1,-1
359,-1,1064.97,401.49,207.17,615.34,0.8473,-1,-1,-1
359,-1,904.91,420.95,154.59,521.17,0.8272,-1,-1,-1
359,-1,133.03,440.86,162.98,327.17,0.7714,-1,-1,-1
359,-1,390.25,402.27,192.52,395.34,0.7206,-1,-1,-1
359,-1,733.07,480.90,48.83,119.46,0.4991,-1,-1,-1
359,-1,1528.18,424.92,47.20,116.46,0.4421,-1,-1,-1
359,-1,1047.79,447.44,64.04,198.35,0.4174,-1,-1,-1
359,-1,1849.24,471.12,54.53,180.49,0.3720,-1,-1,-1
359,-1,672.37,486.69,56.98,118.37,0.3399,-1,-1,-1
359,-1,1868.39,387.41,51.16,260.96,0.3008,-1,-1,-1
359,-1,1838.44,462.48,75.95,187.11,0.2564,-1,-1,-1
359,-1,1668.44,416.90,113.45,219.30,0.2513,-1,-1,-1
359,-1,1888.95,421.90,30.25,216.03,0.1859,-1,-1,-1
359,-1,1663.11,439.58,47.58,146.93,0.1522,-1,-1,-1
359,-1,806.13,482.52,31.06,67.37,0.1517,-1,-1,-1
359,-1,1852.18,441.87,67.17,212.72,0.1374,-1,-1,-1
359,-1,703.19,482.06,35.78,100.87,0.1337,-1,-1,-1
359,-1,529.17,452.18,20.39,64.38,0.1300,-1,-1,-1
359,-1,494.46,455.98,35.64,64.75,0.1255,-1,-1,-1
359,-1,1305.50,422.91,36.48,122.99,0.1161,-1,-1,-1
359,-1,1895.09,457.30,24.15,190.55,0.1155,-1,-1,-1
359,-1,547.43,453.32,23.22,61.20,0.1017,-1,-1,-1
360,-1,0.00,447.75,205.23,409.09,0.8756,-1,-1,-1
360,-1,1066.14,402.37,208.57,617.73,0.8448,-1,-1,-1
360,-1,904.59,421.70,159.29,520.35,0.8310,-1,-1,-1
360,-1,390.06,402.48,193.26,396.94,0.8273,-1,-1,-1
360,-1,145.71,439.37,149.64,325.98,0.7840,-1,-1,-1
360,-1,736.16,491.44,43.38,110.31,0.4975,-1,-1,-1
360,-1,669.86,489.59,52.36,116.44,0.4023,-1,-1,-1
360,-1,1865.98,385.36,53.57,261.18,0.3015,-1,-1,-1
360,-1,1844.43,460.59,63.18,189.90,0.2770,-1,-1,-1
360,-1,1535.67,427.85,41.62,114.19,0.2768,-1,-1,-1
360,-1,1664.03,435.26,49.14,150.41,0.2526,-1,-1,-1
360,-1,1668.16,421.44,112.72,215.77,0.2494,-1,-1,-1
360,-1,680.09,485.40,52.65,118.53,0.2112,-1,-1,-1
360,-1,1886.51,416.33,32.73,220.04,0.1882,-1,-1,-1
360,-1,704.92,482.39,34.61,104.85,0.1774,-1,-1,-1
360,-1,527.83,450.66,20.68,65.97,0.1539,-1,-1,-1
360,-1,805.96,482.18,28.82,67.19,0.1398,-1,-1,-1
360,-1,1894.49,429.10,24.81,220.18,0.1328,-1,-1,-1
360,-1,1305.50,424.49,36.48,120.89,0.1284,-1,-1,-1
360,-1,547.69,454.33,25.34,59.65,0.1201,-1,-1,-1
360,-1,533.42,453.10,24.62,64.84,0.1150,-1,-1,-1
360,-1,1038.33,449.85,71.14,196.18,0.1108,-1,-1,-1
360,-1,1837.30,472.91,58.01,164.58,0.1082,-1,-1,-1
361,-1,0.00,446.01,222.23,409.83,0.9033,-1,-1,-1
361,-1,392.87,404.36,193.81,394.53,0.8588,-1,-1,-1
361,-1,1064.61,401.20,211.47,616.22,0.8494,-1,-1,-1
361,-1,901.08,416.63,162.33,522.75,0.8417,-1,-1,-1
361,-1,151.32,439.31,143.09,325.56,0.7274,-1,-1,-1
361,-1,736.40,485.28,43.90,116.21,0.5250,-1,-1,-1
361,-1,668.25,488.39,52.41,117.73,0.4472,-1,-1,-1
361,-1,1833.39,472.15,67.74,170.91,0.4259,-1,-1,-1
361,-1,1868.64,386.16,50.89,261.33,0.2784,-1,-1,-1
361,-1,1537.17,429.67,39.76,113.62,0.2620,-1,-1,-1
361,-1,677.16,483.91,53.21,120.51,0.1965,-1,-1,-1
361,-1,1667.53,416.93,112.98,218.96,0.1911,-1,-1,-1
361,-1,1304.75,420.07,37.29,125.55,0.1654,-1,-1,-1
361,-1,1663.63,437.69,48.75,149.56,0.1574,-1,-1,-1
361,-1,705.60,478.13,33.46,107.91,0.1544,-1,-1,-1
361,-1,1827.52,474.42,54.44,165.37,0.1508,-1,-1,-1
361,-1,1893.66,425.54,25.56,225.96,0.1503,-1,-1,-1
361,-1,1882.33,395.34,36.84,248.03,0.1470,-1,-1,-1
361,-1,805.08,481.66,29.46,67.48,0.1419,-1,-1,-1
361,-1,524.54,444.33,25.69,72.28,0.1244,-1,-1,-1
361,-1,1856.17,426.26,63.29,227.86,0.1221,-1,-1,-1
361,-1,1245.92,445.10,37.09,105.40,0.1093,-1,-1,-1
361,-1,1850.83,511.25,51.40,140.43,0.1067,-1,-1,-1
361,-1,1242.01,445.46,43.54,132.87,0.1022,-1,-1,-1
361,-1,528.91,450.49,26.15,68.12,0.1017,-1,-1,-1
362,-1,1.76,448.13,227.84,409.49,0.8910,-1,-1,-1
362,-1,395.01,404.82,198.93,393.30,0.8522,-1,-1,-1
362,-1,1065.44,401.23,209.39,615.44,0.8457,-1,-1,-1
362,-1,904.25,417.05,157.96,519.75,0.8334,-1,-1,-1
362,-1,166.16,438.43,128.07,325.55,0.7101,-1,-1,-1
362,-1,735.61,483.28,44.54,117.82,0.5204,-1,-1,-1
362,-1,667.66,489.87,51.32,117.67,0.4661,-1,-1,-1
362,-1,1867.80,386.87,51.75,258.42,0.3936,-1,-1,-1
362,-1,1831.14,473.48,71.40,166.90,0.3265,-1,-1,-1
362,-1,1037.49,433.11,57.77,215.43,0.2538,-1,-1,-1
362,-1,1664.51,438.50,44.46,146.94,0.2183,-1,-1,-1
362,-1,1849.51,481.53,54.15,169.23,0.2100,-1,-1,-1
362,-1,1838.56,464.45,79.02,180.82,0.1876,-1,-1,-1
362,-1,704.01,474.31,35.18,108.38,0.1869,-1,-1,-1
362,-1,1666.91,417.11,113.22,213.66,0.1558,-1,-1,-1
362,-1,1304.86,420.79,36.63,124.67,0.1536,-1,-1,-1
362,-1,1825.63,475.14,57.38,164.74,0.1507,-1,-1,-1
362,-1,692.74,481.90,40.61,117.20,0.1418,-1,-1,-1
362,-1,805.56,483.55,30.70,65.14,0.1296,-1,-1,-1
362,-1,1541.21,427.18,38.76,118.57,0.1257,-1,-1,-1
362,-1,1888.91,435.09,30.36,213.96,0.1213,-1,-1,-1
362,-1,523.90,443.13,30.06,72.94,0.1202,-1,-1,-1
362,-1,1837.26,474.85,51.72,128.50,0.1157,-1,-1,-1
362,-1,1247.71,446.03,34.64,101.95,0.1084,-1,-1,-1
363,-1,0.01,448.38,231.34,404.30,0.8663,-1,-1,-1
363,-1,391.48,404.60,200.53,394.66,0.8580,-1,-1,-1
363,-1,1065.11,401.32,209.28,615.15,0.8404,-1,-1,-1
363,-1,908.51,416.89,156.10,517.97,0.8206,-1,-1,-1
363,-1,180.12,439.51,112.62,323.38,0.6945,-1,-1,-1
363,-1,734.92,481.44,44.24,120.06,0.5034,-1,-1,-1
363,-1,666.49,487.88,55.56,118.29,0.3958,-1,-1,-1
363,-1,1867.17,386.85,52.37,257.74,0.3822,-1,-1,-1
363,-1,1668.11,410.61,112.67,226.33,0.3663,-1,-1,-1
363,-1,1831.62,473.67,73.05,167.55,0.3175,-1,-1,-1
363,-1,1542.77,424.67,38.33,122.81,0.2854,-1,-1,-1
363,-1,1849.47,481.06,54.07,169.51,0.1852,-1,-1,-1
363,-1,1664.44,441.59,48.80,145.20,0.1837,-1,-1,-1
363,-1,682.68,484.45,46.15,116.95,0.1737,-1,-1,-1
363,-1,703.26,480.41,34.58,104.66,0.1723,-1,-1,-1
363,-1,806.08,483.37,30.28,65.68,0.1514,-1,-1,-1
363,-1,695.74,483.93,37.08,114.05,0.1453,-1,-1,-1
363,-1,1824.82,475.29,60.88,164.75,0.1316,-1,-1,-1
363,-1,524.30,443.49,24.55,72.45,0.1284,-1,-1,-1
363,-1,1246.66,443.68,37.16,102.95,0.1256,-1,-1,-1
363,-1,1304.20,419.30,37.30,125.26,0.1253,-1,-1,-1
363,-1,1837.65,474.86,54.23,144.88,0.1169,-1,-1,-1
363,-1,529.08,449.84,22.29,67.00,0.1146,-1,-1,-1
363,-1,1888.59,435.46,30.68,212.39,0.1100,-1,-1,-1
364,-1,393.77,409.35,187.43,389.45,0.8538,-1,-1,-1
364,-1,0.99,444.32,225.46,405.51,0.8512,-1,-1,-1
364,-1,1071.50,402.97,204.08,611.22,0.8306,-1,-1,-1
364,-1,911.44,414.91,157.66,520.38,0.8190,-1,-1,-1
364,-1,198.12,443.60,101.99,318.52,0.7646,-1,-1,-1
364,-1,734.73,486.41,45.29,115.74,0.4890,-1,-1,-1
364,-1,1865.56,387.40,53.99,257.92,0.4107,-1,-1,-1
364,-1,667.40,493.81,51.45,111.94,0.3421,-1,-1,-1
364,-1,1835.85,466.17,70.47,184.73,0.3052,-1,-1,-1
364,-1,1544.57,424.13,37.47,123.26,0.2700,-1,-1,-1
364,-1,1878.77,401.27,40.52,237.18,0.2471,-1,-1,-1
364,-1,1667.99,412.66,111.96,222.75,0.2079,-1,-1,-1
364,-1,699.15,481.49,38.27,104.85,0.2053,-1,-1,-1
364,-1,692.52,486.18,41.74,113.11,0.2043,-1,-1,-1
364,-1,1247.43,442.42,39.57,106.34,0.1905,-1,-1,-1
364,-1,1849.05,482.73,54.14,168.27,0.1789,-1,-1,-1
364,-1,1664.95,439.71,41.72,144.87,0.1649,-1,-1,-1
364,-1,1304.39,422.04,37.33,123.55,0.1639,-1,-1,-1
364,-1,804.21,482.41,30.92,66.85,0.1536,-1,-1,-1
364,-1,1248.76,433.73,52.65,112.25,0.1456,-1,-1,-1
364,-1,1888.56,429.00,30.71,219.95,0.1245,-1,-1,-1
364,-1,524.01,449.14,24.82,67.03,0.1218,-1,-1,-1
364,-1,1825.14,476.25,60.08,164.28,0.1208,-1,-1,-1
364,-1,547.37,453.03,23.43,60.30,0.1062,-1,-1,-1
364,-1,529.82,453.31,23.42,63.49,0.1058,-1,-1,-1
364,-1,1837.68,475.62,52.87,134.00,0.1001,-1,-1,-1
365,-1,394.88,409.04,200.99,388.75,0.8935,-1,-1,-1
365,-1,1.99,440.99,229.81,409.06,0.8769,-1,-1,-1
365,-1,1071.03,402.43,211.14,611.84,0.8364,-1,-1,-1
365,-1,917.10,413.86,156.34,521.62,0.8244,-1,-1,-1
365,-1,202.64,446.83,103.27,316.50,0.6844,-1,-1,-1
365,-1,734.01,480.26,47.61,119.55,0.5610,-1,-1,-1
365,-1,1862.77,384.34,56.80,263.13,0.3643,-1,-1,-1
365,-1,665.81,492.35,50.60,110.95,0.2775,-1,-1,-1
365,-1,700.05,482.67,36.52,99.52,0.2688,-1,-1,-1
365,-1,1844.40,470.78,66.58,180.47,0.2619,-1,-1,-1
365,-1,1667.84,411.55,113.05,223.16,0.2350,-1,-1,-1
365,-1,1549.68,419.59,33.70,117.29,0.2186,-1,-1,-1
365,-1,1247.56,434.65,40.43,112.51,0.2169,-1,-1,-1
365,-1,1883.95,402.30,35.31,239.10,0.1936,-1,-1,-1
365,-1,805.06,481.69,30.42,67.38,0.1563,-1,-1,-1
365,-1,1249.26,427.48,53.47,117.51,0.1559,-1,-1,-1
365,-1,1664.45,437.52,46.69,149.24,0.1531,-1,-1,-1
365,-1,1304.81,422.67,37.36,122.86,0.1472,-1,-1,-1
365,-1,548.38,452.76,24.38,60.41,0.1303,-1,-1,-1
365,-1,573.52,456.62,25.59,56.86,0.1094,-1,-1,-1
366,-1,397.63,411.23,194.93,381.37,0.8548,-1,-1,-1
366,-1,12.25,442.73,221.78,401.21,0.8499,-1,-1,-1
366,-1,1071.26,401.84,213.08,609.20,0.8476,-1,-1,-1
366,-1,921.82,414.37,157.54,522.11,0.8245,-1,-1,-1
366,-1,208.79,436.34,101.53,329.79,0.7124,-1,-1,-1
366,-1,733.60,482.49,46.90,116.93,0.4987,-1,-1,-1
366,-1,1865.69,384.07,53.88,259.02,0.4052,-1,-1,-1
366,-1,1840.67,466.52,67.54,183.29,0.3390,-1,-1,-1
366,-1,665.51,490.79,49.31,111.98,0.3232,-1,-1,-1
366,-1,1879.52,401.23,39.75,233.92,0.2675,-1,-1,-1
366,-1,1249.02,437.21,39.44,108.84,0.2495,-1,-1,-1
366,-1,701.18,487.44,35.32,97.71,0.2419,-1,-1,-1
366,-1,1667.61,413.07,112.56,222.66,0.2372,-1,-1,-1
366,-1,1250.45,431.67,51.26,114.08,0.2199,-1,-1,-1
366,-1,1549.60,418.98,33.46,122.45,0.1852,-1,-1,-1
366,-1,1305.16,423.05,37.07,123.22,0.1618,-1,-1,-1
366,-1,1664.17,440.41,49.96,145.59,0.1468,-1,-1,-1
366,-1,572.42,458.25,26.67,54.46,0.1351,-1,-1,-1
366,-1,805.12,481.91,30.41,66.50,0.1347,-1,-1,-1
366,-1,1887.47,433.32,31.85,214.02,0.1247,-1,-1,-1
366,-1,1838.60,475.39,55.78,144.28,0.1154,-1,-1,-1
366,-1,551.24,456.17,21.21,56.47,0.1069,-1,-1,-1
367,-1,36.56,442.49,199.02,393.08,0.8700,-1,-1,-1
367,-1,398.63,408.96,192.98,384.10,0.8521,-1,-1,-1
367,-1,1071.00,401.10,224.73,609.27,0.8338,-1,-1,-1
367,-1,924.33,413.34,155.00,523.29,0.8259,-1,-1,-1
367,-1,213.56,435.65,115.40,327.76,0.7663,-1,-1,-1
367,-1,734.23,485.21,45.10,114.28,0.4583,-1,-1,-1
367,-1,1835.21,466.00,71.43,184.13,0.3651,-1,-1,-1
367,-1,1867.56,387.07,51.97,256.69,0.3547,-1,-1,-1
367,-1,664.76,489.19,47.42,115.39,0.3399,-1,-1,-1
367,-1,1249.96,435.77,40.14,108.42,0.2980,-1,-1,-1
367,-1,699.43,485.97,35.87,102.16,0.2975,-1,-1,-1
367,-1,1250.97,430.64,52.82,114.06,0.2784,-1,-1,-1
367,-1,1880.21,405.08,39.09,229.49,0.2203,-1,-1,-1
367,-1,1304.30,423.65,37.44,122.55,0.2079,-1,-1,-1
367,-1,805.48,481.41,30.64,67.24,0.1679,-1,-1,-1
367,-1,1664.12,443.97,45.44,142.17,0.1525,-1,-1,-1
367,-1,1836.84,475.55,56.21,151.17,0.1469,-1,-1,-1
367,-1,1667.65,413.28,111.57,221.06,0.1416,-1,-1,-1
367,-1,1887.88,438.03,31.44,208.19,0.1328,-1,-1,-1
367,-1,1550.30,417.25,32.04,123.22,0.1072,-1,-1,-1
368,-1,60.47,444.30,174.48,385.42,0.8539,-1,-1,-1
368,-1,403.52,402.16,186.23,389.37,0.8414,-1,-1,-1
368,-1,1070.04,400.54,228.82,611.19,0.8318,-1,-1,-1
368,-1,925.98,411.32,152.59,525.02,0.8208,-1,-1,-1
368,-1,221.39,435.86,127.20,328.03,0.8114,-1,-1,-1
368,-1,732.95,483.16,46.37,116.08,0.4903,-1,-1,-1
368,-1,1831.86,474.04,71.38,168.79,0.4200,-1,-1,-1
368,-1,697.06,482.71,37.02,96.52,0.3614,-1,-1,-1
368,-1,663.15,483.10,50.33,121.87,0.3269,-1,-1,-1
368,-1,1871.98,388.59,47.53,251.99,0.3116,-1,-1,-1
368,-1,1251.69,433.52,39.86,109.84,0.2974,-1,-1,-1
368,-1,1252.43,425.27,53.46,122.51,0.2649,-1,-1,-1
368,-1,1304.30,424.24,37.76,121.80,0.1931,-1,-1,-1
368,-1,1663.61,440.07,50.14,146.95,0.1820,-1,-1,-1
368,-1,804.02,482.34,32.14,66.66,0.1800,-1,-1,-1
368,-1,808.69,484.45,33.59,67.10,0.1481,-1,-1,-1
368,-1,1666.05,414.83,111.86,216.32,0.1471,-1,-1,-1
368,-1,1550.19,416.51,31.85,125.64,0.1431,-1,-1,-1
368,-1,1886.49,441.11,32.83,207.46,0.1398,-1,-1,-1
368,-1,795.58,486.74,30.16,53.97,0.1097,-1,-1,-1
368,-1,367.89,456.36,58.23,116.51,0.1010,-1,-1,-1
369,-1,407.80,398.38,182.63,392.78,0.8796,-1,-1,-1
369,-1,926.75,410.74,153.76,524.80,0.8341,-1,-1,-1
369,-1,1070.59,399.41,232.65,611.98,0.8284,-1,-1,-1
369,-1,89.06,442.50,156.61,381.26,0.8162,-1,-1,-1
369,-1,231.38,435.94,144.43,326.63,0.7913,-1,-1,-1
369,-1,732.78,483.46,45.79,113.18,0.4722,-1,-1,-1
369,-1,1830.89,475.48,71.53,164.96,0.3933,-1,-1,-1
369,-1,1873.99,393.06,45.35,252.15,0.3604,-1,-1,-1
369,-1,698.13,483.01,37.19,96.65,0.3537,-1,-1,-1
369,-1,663.48,481.31,49.08,122.52,0.3105,-1,-1,-1
369,-1,1253.04,435.47,37.83,107.93,0.2637,-1,-1,-1
369,-1,1253.25,426.30,50.37,121.73,0.2465,-1,-1,-1
369,-1,1664.00,439.76,50.14,147.80,0.1670,-1,-1,-1
369,-1,369.43,456.54,54.56,116.35,0.1663,-1,-1,-1
369,-1,805.11,483.46,30.51,64.31,0.1642,-1,-1,-1
369,-1,1666.79,414.39,112.31,212.61,0.1619,-1,-1,-1
369,-1,1304.21,425.61,37.47,120.34,0.1612,-1,-1,-1
369,-1,572.91,460.52,23.67,51.98,0.1299,-1,-1,-1
369,-1,809.32,486.29,31.69,63.47,0.1259,-1,-1,-1
369,-1,318.24,454.77,38.31,110.71,0.1256,-1,-1,-1
369,-1,1886.96,441.64,32.38,204.02,0.1242,-1,-1,-1
369,-1,1550.64,414.80,30.66,127.36,0.1022,-1,-1,-1
369,-1,1067.65,456.58,51.13,132.66,0.1003,-1,-1,-1
370,-1,117.65,437.16,124.52,382.49,0.8727,-1,-1,-1
370,-1,418.11,407.37,172.00,384.26,0.8666,-1,-1,-1
370,-1,930.75,418.71,153.31,517.03,0.8550,-1,-1,-1
370,-1,1070.26,400.37,235.00,611.82,0.8304,-1,-1,-1
370,-1,237.60,433.78,156.06,328.47,0.7912,-1,-1,-1
370,-1,732.52,479.33,45.87,118.59,0.5435,-1,-1,-1
370,-1,1832.17,473.50,73.96,168.40,0.4005,-1,-1,-1
370,-1,662.60,482.04,49.50,125.38,0.3676,-1,-1,-1
370,-1,697.06,483.20,36.91,96.13,0.3644,-1,-1,-1
370,-1,1251.53,435.24,40.18,108.98,0.3402,-1,-1,-1
370,-1,1252.12,427.86,50.85,120.33,0.3367,-1,-1,-1
370,-1,1874.87,394.79,44.45,249.76,0.3297,-1,-1,-1
370,-1,1667.87,417.01,112.42,217.87,0.2329,-1,-1,-1
370,-1,1303.79,423.83,37.67,122.33,0.2245,-1,-1,-1
370,-1,805.79,481.64,31.11,67.20,0.2134,-1,-1,-1
370,-1,1066.46,452.43,55.18,137.15,0.1662,-1,-1,-1
370,-1,1664.44,439.45,47.51,148.09,0.1423,-1,-1,-1
370,-1,575.06,460.94,22.01,51.67,0.1354,-1,-1,-1
370,-1,1886.13,441.15,33.16,206.62,0.1339,-1,-1,-1
370,-1,370.37,462.32,53.81,111.58,0.1231,-1,-1,-1
370,-1,797.95,486.32,25.58,53.11,0.1148,-1,-1,-1
370,-1,840.46,477.08,38.26,71.49,0.1129,-1,-1,-1
371,-1,239.79,440.09,166.97,327.56,0.8549,-1,-1,-1
371,-1,934.72,418.61,152.25,517.02,0.8548,-1,-1,-1
371,-1,132.36,436.79,122.20,383.93,0.8534,-1,-1,-1
371,-1,436.06,410.06,157.23,379.55,0.8349,-1,-1,-1
371,-1,1070.32,400.18,226.20,610.89,0.8245,-1,-1,-1
371,-1,732.38,479.19,45.94,119.64,0.5096,-1,-1,-1
371,-1,1831.52,472.48,74.55,168.69,0.4156,-1,-1,-1
371,-1,695.37,481.56,37.90,98.29,0.3478,-1,-1,-1
371,-1,660.07,476.54,49.67,134.28,0.3396,-1,-1,-1
371,-1,1252.72,432.58,39.83,110.97,0.3281,-1,-1,-1
371,-1,1873.99,389.64,45.54,251.29,0.2917,-1,-1,-1
371,-1,1668.07,412.33,112.23,222.92,0.2528,-1,-1,-1
371,-1,805.91,482.42,31.82,67.25,0.2111,-1,-1,-1
371,-1,1883.50,412.05,35.74,224.13,0.1781,-1,-1,-1
371,-1,1303.33,423.11,38.16,122.65,0.1674,-1,-1,-1
371,-1,0.09,522.13,35.31,288.79,0.1213,-1,-1,-1
371,-1,1894.10,428.02,25.22,222.76,0.1206,-1,-1,-1
371,-1,796.64,487.20,24.45,53.42,0.1115,-1,-1,-1
371,-1,1867.98,459.89,50.00,182.81,0.1109,-1,-1,-1
371,-1,1664.44,436.99,48.12,150.36,0.1073,-1,-1,-1
371,-1,841.18,477.63,36.14,70.04,0.1041,-1,-1,-1
371,-1,572.70,459.72,22.44,53.57,0.1019,-1,-1,-1
371,-1,1066.14,449.84,73.84,138.80,0.1014,-1,-1,-1
371,-1,0.15,571.35,19.93,235.22,0.1006,-1,-1,-1
372,-1,445.11,406.06,151.22,372.11,0.8666,-1,-1,-1
372,-1,937.20,420.25,153.19,515.58,0.8621,-1,-1,-1
372,-1,143.03,438.51,124.22,382.84,0.8190,-1,-1,-1
372,-1,1069.77,398.28,233.11,616.67,0.8137,-1,-1,-1
372,-1,235.88,442.10,176.00,321.45,0.8110,-1,-1,-1
372,-1,732.04,479.51,45.62,118.42,0.4521,-1,-1,-1
372,-1,1830.42,472.32,74.77,170.36,0.4295,-1,-1,-1
372,-1,1254.13,433.27,46.41,114.91,0.3748,-1,-1,-1
372,-1,1872.75,388.48,46.78,255.11,0.3021,-1,-1,-1
372,-1,691.45,480.56,42.50,96.82,0.2852,-1,-1,-1
372,-1,0.06,489.79,32.35,320.03,0.2537,-1,-1,-1
372,-1,1848.21,476.37,55.00,173.94,0.2536,-1,-1,-1
372,-1,659.45,478.08,62.60,124.43,0.2450,-1,-1,-1
372,-1,804.36,480.18,32.28,68.90,0.2195,-1,-1,-1
372,-1,1667.30,410.65,112.51,223.07,0.2178,-1,-1,-1
372,-1,1303.27,425.01,38.42,121.59,0.2080,-1,-1,-1
372,-1,658.83,484.62,48.32,121.99,0.1861,-1,-1,-1
372,-1,808.77,482.46,33.37,68.64,0.1810,-1,-1,-1
372,-1,1885.47,414.53,33.74,223.34,0.1657,-1,-1,-1
372,-1,0.09,460.97,23.55,348.42,0.1376,-1,-1,-1
372,-1,1063.66,450.42,78.80,138.55,0.1279,-1,-1,-1
372,-1,1894.65,429.88,24.64,220.89,0.1220,-1,-1,-1
372,-1,798.06,485.87,30.18,55.88,0.1181,-1,-1,-1
372,-1,1663.71,436.25,49.52,150.47,0.1129,-1,-1,-1
373,-1,938.19,419.26,154.87,516.01,0.8530,-1,-1,-1
373,-1,460.53,400.49,145.17,374.81,0.8328,-1,-1,-1
373,-1,258.54,439.37,149.96,315.70,0.8211,-1,-1,-1
373,-1,1070.83,398.53,249.69,615.79,0.8037,-1,-1,-1
373,-1,148.00,441.28,142.90,381.65,0.7962,-1,-1,-1
373,-1,1255.22,433.19,43.77,113.38,0.4112,-1,-1,-1
373,-1,732.32,480.51,47.92,117.15,0.4011,-1,-1,-1
373,-1,0.00,491.41,36.77,319.20,0.3754,-1,-1,-1
373,-1,1670.21,423.16,113.49,212.90,0.3624,-1,-1,-1
373,-1,1839.42,460.95,69.16,189.69,0.3414,-1,-1,-1
373,-1,1873.02,387.00,46.52,258.72,0.2753,-1,-1,-1
373,-1,694.87,484.69,40.10,91.13,0.2748,-1,-1,-1
373,-1,659.07,481.01,50.88,127.24,0.2350,-1,-1,-1
373,-1,1303.41,422.55,39.33,124.01,0.2342,-1,-1,-1
373,-1,0.17,567.55,30.99,233.00,0.1763,-1,-1,-1
373,-1,1886.99,423.53,32.29,212.61,0.1594,-1,-1,-1
373,-1,1665.21,437.47,42.99,149.65,0.1299,-1,-1,-1
373,-1,1854.95,416.19,64.63,236.67,0.1291,-1,-1,-1
373,-1,415.81,484.47,40.68,84.23,0.1165,-1,-1,-1
373,-1,804.11,480.43,32.39,68.76,0.1163,-1,-1,-1
373,-1,1069.34,456.10,57.12,135.81,0.1003,-1,-1,-1
374,-1,940.22,417.23,152.50,517.63,0.8398,-1,-1,-1
374,-1,155.73,442.65,158.69,373.62,0.8193,-1,-1,-1
374,-1,472.96,401.78,143.72,372.21,0.8055,-1,-1,-1
374,-1,265.97,449.24,153.72,308.11,0.7726,-1,-1,-1
374,-1,1068.01,398.45,251.14,617.70,0.7608,-1,-1,-1
374,-1,0.00,490.51,47.27,320.65,0.4745,-1,-1,-1
374,-1,733.39,480.63,46.78,117.81,0.4719,-1,-1,-1
374,-1,1255.00,430.58,44.99,113.34,0.4256,-1,-1,-1
374,-1,1670.94,426.14,113.07,210.43,0.3474,-1,-1,-1
374,-1,697.11,483.20,39.46,92.13,0.3283,-1,-1,-1
374,-1,1858.63,387.12,60.92,263.28,0.3137,-1,-1,-1
374,-1,1849.88,470.66,54.22,179.51,0.2756,-1,-1,-1
374,-1,1877.42,393.95,41.91,257.64,0.2484,-1,-1,-1
374,-1,658.90,492.53,48.26,106.94,0.2069,-1,-1,-1
374,-1,373.12,464.79,55.17,108.07,0.1940,-1,-1,-1
374,-1,1888.70,405.21,30.54,235.26,0.1912,-1,-1,-1
374,-1,1832.92,467.51,79.96,176.71,0.1878,-1,-1,-1
374,-1,1303.53,421.95,38.89,124.75,0.1847,-1,-1,-1
374,-1,0.18,572.65,42.79,233.76,0.1637,-1,-1,-1
374,-1,1665.09,438.48,42.73,148.11,0.1359,-1,-1,-1
374,-1,807.76,478.43,27.61,69.54,0.1335,-1,-1,-1
374,-1,1069.03,469.17,54.71,120.30,0.1276,-1,-1,-1
374,-1,655.02,502.56,63.45,110.57,0.1065,-1,-1,-1
374,-1,839.68,475.25,41.02,71.55,0.1060,-1,-1,-1
374,-1,917.48,490.20,51.81,94.93,0.1018,-1,-1,-1
375,-1,941.55,415.46,150.25,519.07,0.8449,-1,-1,-1
375,-1,156.86,444.43,184.25,371.88,0.8336,-1,-1,-1
375,-1,475.08,403.81,150.53,365.01,0.8082,-1,-1,-1
375,-1,1072.56,397.27,234.98,620.30,0.7646,-1,-1,-1
375,-1,276.58,445.18,142.20,304.71,0.7453,-1,-1,-1
375,-1,0.03,481.30,58.36,335.66,0.4371,-1,-1,-1
375,-1,1256.08,431.61,42.40,112.37,0.4334,-1,-1,-1
375,-1,733.07,484.02,47.36,115.01,0.3657,-1,-1,-1
375,-1,373.92,459.00,52.33,113.77,0.3426,-1,-1,-1
375,-1,1670.93,416.73,113.04,220.62,0.2968,-1,-1,-1
375,-1,696.89,484.25,39.47,95.63,0.2932,-1,-1,-1
375,-1,1861.27,386.19,58.28,260.53,0.2866,-1,-1,-1
375,-1,658.38,490.96,47.32,100.21,0.2423,-1,-1,-1
375,-1,1879.91,394.88,39.37,252.30,0.2289,-1,-1,-1
375,-1,0.13,598.14,57.88,214.22,0.2286,-1,-1,-1
375,-1,0.10,429.51,57.16,179.39,0.2180,-1,-1,-1
375,-1,1303.01,421.53,39.39,125.09,0.1990,-1,-1,-1
375,-1,1828.53,474.66,71.43,165.63,0.1816,-1,-1,-1
375,-1,651.60,504.18,61.77,109.49,0.1713,-1,-1,-1
375,-1,0.03,477.34,55.58,136.89,0.1630,-1,-1,-1
375,-1,1847.39,477.01,61.65,173.30,0.1462,-1,-1,-1
375,-1,806.86,480.16,26.57,67.00,0.1335,-1,-1,-1
375,-1,418.44,481.72,35.71,87.58,0.1277,-1,-1,-1
375,-1,1857.85,460.70,61.48,192.72,0.1130,-1,-1,-1
375,-1,1665.40,437.32,39.13,149.10,0.1018,-1,-1,-1
376,-1,475.32,407.68,156.13,358.88,0.8348,-1,-1,-1
376,-1,943.55,416.61,149.41,517.53,0.8327,-1,-1,-1
376,-1,156.24,443.52,191.39,374.00,0.8217,-1,-1,-1
376,-1,1072.29,397.33,232.34,620.70,0.7850,-1,-1,-1
376,-1,280.79,446.42,137.30,302.24,0.7395,-1,-1,-1
376,-1,0.12,441.96,69.84,371.70,0.6221,-1,-1,-1
376,-1,1255.56,433.45,42.20,110.52,0.4129,-1,-1,-1
376,-1,731.87,481.96,47.12,115.32,0.3926,-1,-1,-1
376,-1,1669.29,422.23,114.21,214.98,0.3738,-1,-1,-1
376,-1,694.25,480.97,41.50,97.98,0.3182,-1,-1,-1
376,-1,1857.11,386.17,62.43,265.21,0.2785,-1,-1,-1
376,-1,375.44,459.91,51.23,114.01,0.2475,-1,-1,-1
376,-1,1877.47,394.54,41.84,253.75,0.2450,-1,-1,-1
376,-1,0.08,591.41,69.11,221.51,0.2449,-1,-1,-1
376,-1,1850.16,478.38,55.25,172.99,0.2355,-1,-1,-1
376,-1,1830.65,472.97,70.56,169.55,0.2030,-1,-1,-1
376,-1,654.63,491.28,51.11,109.99,0.2000,-1,-1,-1
376,-1,653.50,476.88,66.09,122.97,0.1876,-1,-1,-1
376,-1,1889.02,411.02,30.27,228.39,0.1743,-1,-1,-1
376,-1,1303.28,421.25,38.92,125.15,0.1612,-1,-1,-1
376,-1,1880.94,460.31,38.35,192.96,0.1396,-1,-1,-1
376,-1,417.81,481.93,35.68,87.21,0.1325,-1,-1,-1
376,-1,0.00,449.01,58.04,165.54,0.1311,-1,-1,-1
376,-1,1664.18,437.93,50.66,150.09,0.1256,-1,-1,-1
376,-1,1843.18,461.69,74.15,187.34,0.1219,-1,-1,-1
377,-1,156.49,442.91,204.45,374.34,0.8646,-1,-1,-1
377,-1,481.02,403.43,158.99,365.50,0.8288,-1,-1,-1
377,-1,943.97,418.02,150.86,517.00,0.8272,-1,-1,-1
377,-1,0.05,428.09,107.37,382.71,0.8111,-1,-1,-1
377,-1,1073.11,396.16,243.53,622.75,0.7827,-1,-1,-1
377,-1,283.84,461.60,128.70,285.43,0.7011,-1,-1,-1
377,-1,1255.93,434.14,41.61,112.80,0.3593,-1,-1,-1
377,-1,1668.22,418.66,114.01,217.94,0.3147,-1,-1,-1
377,-1,732.62,483.78,45.92,114.45,0.2888,-1,-1,-1
377,-1,1878.22,392.88,41.06,251.61,0.2438,-1,-1,-1
377,-1,696.45,485.24,40.24,96.43,0.2275,-1,-1,-1
377,-1,1829.06,470.55,77.09,171.73,0.2213,-1,-1,-1
377,-1,1861.29,385.12,58.27,264.62,0.2201,-1,-1,-1
377,-1,1850.42,483.35,54.59,167.13,0.2104,-1,-1,-1
377,-1,655.43,490.65,45.74,92.17,0.1844,-1,-1,-1
377,-1,804.79,480.56,32.07,68.16,0.1642,-1,-1,-1
377,-1,658.75,483.94,49.34,109.61,0.1641,-1,-1,-1
377,-1,1303.55,422.36,38.12,123.20,0.1490,-1,-1,-1
377,-1,1888.75,427.63,30.57,208.16,0.1433,-1,-1,-1
377,-1,417.42,478.92,36.52,92.05,0.1254,-1,-1,-1
377,-1,1842.66,462.41,75.06,186.26,0.1242,-1,-1,-1
377,-1,1664.44,436.62,53.04,151.45,0.1233,-1,-1,-1
377,-1,838.15,473.28,41.89,73.73,0.1180,-1,-1,-1
378,-1,158.57,444.35,206.76,371.94,0.8538,-1,-1,-1
378,-1,0.00,427.50,139.91,384.82,0.8394,-1,-1,-1
378,-1,946.62,418.64,151.35,514.56,0.8227,-1,-1,-1
378,-1,491.30,400.81,163.82,368.81,0.7965,-1,-1,-1
378,-1,1074.56,397.96,242.08,620.28,0.7852,-1,-1,-1
378,-1,298.47,463.92,116.91,282.13,0.6794,-1,-1,-1
378,-1,1255.84,432.50,43.11,114.29,0.3327,-1,-1,-1
378,-1,1667.69,421.62,114.56,214.89,0.3215,-1,-1,-1
378,-1,732.42,482.28,45.75,115.71,0.3041,-1,-1,-1
378,-1,696.15,483.21,41.34,98.82,0.2529,-1,-1,-1
378,-1,1878.18,392.40,41.11,251.64,0.2474,-1,-1,-1
378,-1,1861.03,384.84,58.52,264.86,0.2165,-1,-1,-1
378,-1,1850.30,484.08,55.05,166.53,0.2071,-1,-1,-1
378,-1,1828.60,471.40,77.85,170.58,0.2034,-1,-1,-1
378,-1,417.12,482.35,36.49,87.05,0.2031,-1,-1,-1
378,-1,669.20,482.98,39.37,105.81,0.1721,-1,-1,-1
378,-1,805.07,480.36,31.75,67.90,0.1693,-1,-1,-1
378,-1,375.44,465.35,49.12,112.53,0.1662,-1,-1,-1
378,-1,1303.90,422.43,37.99,123.41,0.1585,-1,-1,-1
378,-1,1888.93,425.12,30.40,210.39,0.1423,-1,-1,-1
378,-1,1664.27,437.55,52.87,150.84,0.1375,-1,-1,-1
378,-1,1842.73,463.05,75.08,185.51,0.1185,-1,-1,-1
378,-1,838.42,473.03,41.52,72.63,0.1171,-1,-1,-1
378,-1,473.40,442.10,43.37,84.59,0.1120,-1,-1,-1
378,-1,1668.38,431.88,97.35,155.16,0.1080,-1,-1,-1
378,-1,656.39,486.52,47.92,97.21,0.1068,-1,-1,-1
378,-1,621.95,454.32,34.91,69.07,0.1027,-1,-1,-1
379,-1,156.41,448.73,217.89,369.32,0.8583,-1,-1,-1
379,-1,948.38,417.55,150.95,517.84,0.8299,-1,-1,-1
379,-1,0.06,430.56,150.60,377.77,0.8161,-1,-1,-1
379,-1,1072.94,395.42,248.37,622.52,0.7904,-1,-1,-1
379,-1,503.56,398.91,154.61,373.14,0.7894,-1,-1,-1
379,-1,306.32,464.99,118.86,285.40,0.7140,-1,-1,-1
379,-1,732.23,480.65,45.33,116.62,0.4222,-1,-1,-1
379,-1,1667.39,418.76,115.13,217.77,0.2992,-1,-1,-1
379,-1,697.03,483.88,39.43,95.67,0.2874,-1,-1,-1
379,-1,1256.13,436.55,37.40,105.60,0.2757,-1,-1,-1
379,-1,1850.50,484.37,55.31,166.68,0.2283,-1,-1,-1
379,-1,1878.12,391.13,41.17,253.75,0.2236,-1,-1,-1
379,-1,1858.68,383.79,60.88,267.23,0.2086,-1,-1,-1
379,-1,417.38,481.37,36.45,87.35,0.1982,-1,-1,-1
379,-1,661.73,480.11,46.02,111.56,0.1899,-1,-1,-1
379,-1,1830.07,472.48,72.84,169.44,0.1835,-1,-1,-1
379,-1,1852.84,460.21,66.57,193.19,0.1580,-1,-1,-1
379,-1,804.36,480.43,31.78,67.37,0.1429,-1,-1,-1
379,-1,1890.58,438.17,28.74,200.09,0.1239,-1,-1,-1
379,-1,1875.11,468.03,44.21,185.49,0.1233,-1,-1,-1
379,-1,474.55,444.84,39.41,76.00,0.1217,-1,-1,-1
379,-1,1664.21,437.94,54.86,149.97,0.1183,-1,-1,-1
379,-1,663.14,465.78,39.66,99.51,0.1141,-1,-1,-1
379,-1,1303.80,422.93,37.98,122.04,0.1110,-1,-1,-1
380,-1,156.17,441.49,223.31,374.74,0.8755,-1,-1,-1
380,-1,949.31,418.21,154.05,517.28,0.8249,-1,-1,-1
380,-1,0.00,432.04,165.52,376.64,0.8239,-1,-1,-1
380,-1,1072.53,395.58,263.65,622.89,0.7959,-1,-1,-1
380,-1,509.03,396.63,166.51,375.78,0.7852,-1,-1,-1
380,-1,325.13,462.67,99.97,284.06,0.6359,-1,-1,-1
380,-1,731.45,478.65,46.91,119.01,0.4273,-1,-1,-1
380,-1,1877.11,391.50,42.16,253.63,0.2948,-1,-1,-1
380,-1,1859.06,385.49,60.49,263.98,0.2404,-1,-1,-1
380,-1,1256.96,437.37,36.15,103.54,0.2306,-1,-1,-1
380,-1,1667.54,421.26,114.03,213.60,0.2101,-1,-1,-1
380,-1,694.43,484.46,41.57,100.36,0.1930,-1,-1,-1
380,-1,417.43,479.68,40.18,89.44,0.1791,-1,-1,-1
380,-1,805.43,479.46,31.83,68.73,0.1560,-1,-1,-1
380,-1,473.51,441.90,41.37,84.39,0.1544,-1,-1,-1
380,-1,1888.99,409.81,30.39,228.51,0.1501,-1,-1,-1
380,-1,1851.01,488.57,55.48,161.68,0.1427,-1,-1,-1
380,-1,1831.15,471.99,72.61,167.96,0.1259,-1,-1,-1
380,-1,1663.51,439.36,53.71,148.14,0.1120,-1,-1,-1
380,-1,676.80,479.14,33.87,100.79,0.1113,-1,-1,-1
380,-1,377.69,460.66,45.98,81.41,0.1080,-1,-1,-1
380,-1,1846.53,459.87,71.85,187.64,0.1031,-1,-1,-1
381,-1,0.00,440.63,174.35,366.23,0.8524,-1,-1,-1
381,-1,159.44,441.25,221.30,370.36,0.8491,-1,-1,-1
381,-1,950.55,422.29,157.97,513.37,0.8145,-1,-1,-1
381,-1,1072.08,396.15,240.76,622.44,0.7996,-1,-1,-1
381,-1,511.90,401.84,163.54,369.15,0.7946,-1,-1,-1
381,-1,334.98,467.98,88.88,280.16,0.6253,-1,-1,-1
381,-1,732.14,481.80,47.23,115.98,0.3888,-1,-1,-1
381,-1,1876.26,391.50,43.02,253.75,0.2761,-1,-1,-1
381,-1,1256.14,434.34,38.49,107.57,0.2337,-1,-1,-1
381,-1,1856.06,384.05,63.48,265.49,0.2306,-1,-1,-1
381,-1,696.62,488.16,40.26,97.19,0.1994,-1,-1,-1
381,-1,1668.12,421.02,114.24,212.79,0.1812,-1,-1,-1
381,-1,473.63,444.33,41.77,116.47,0.1526,-1,-1,-1
381,-1,1888.74,411.13,30.62,228.08,0.1506,-1,-1,-1
381,-1,805.85,478.89,31.28,69.00,0.1498,-1,-1,-1
381,-1,417.85,481.32,38.79,87.21,0.1473,-1,-1,-1
381,-1,1665.06,438.94,51.77,149.21,0.1326,-1,-1,-1
381,-1,326.04,456.70,46.65,140.84,0.1293,-1,-1,-1
381,-1,1846.79,473.37,69.16,177.32,0.1214,-1,-1,-1
381,-1,654.80,473.93,50.66,124.82,0.1179,-1,-1,-1
381,-1,1830.45,473.17,74.80,167.06,0.1145,-1,-1,-1
381,-1,838.12,472.35,43.93,76.67,0.1139,-1,-1,-1
381,-1,1882.70,453.16,36.71,197.67,0.1069,-1,-1,-1
381,-1,664.87,483.04,46.16,111.19,0.1042,-1,-1,-1
382,-1,0.00,440.01,181.81,367.36,0.8630,-1,-1,-1
382,-1,176.19,443.71,203.13,364.75,0.8347,-1,-1,-1
382,-1,1073.10,396.73,235.84,621.81,0.8200,-1,-1,-1
382,-1,526.57,406.39,149.06,362.57,0.8168,-1,-1,-1
382,-1,951.77,424.87,158.25,510.97,0.8033,-1,-1,-1
382,-1,336.91,454.17,92.05,292.03,0.7054,-1,-1,-1
382,-1,732.50,477.56,46.71,121.27,0.4119,-1,-1,-1
382,-1,1256.47,434.29,39.70,108.30,0.3108,-1,-1,-1
382,-1,1876.76,393.18,42.54,254.87,0.3107,-1,-1,-1
382,-1,1856.05,385.14,63.51,264.22,0.2841,-1,-1,-1
382,-1,1887.47,403.65,31.83,236.98,0.2278,-1,-1,-1
382,-1,471.88,444.67,45.41,119.15,0.2137,-1,-1,-1
382,-1,696.07,484.41,39.83,102.93,0.1991,-1,-1,-1
382,-1,1667.55,416.28,116.41,219.82,0.1947,-1,-1,-1
382,-1,1845.48,453.88,70.70,197.00,0.1751,-1,-1,-1
382,-1,1828.90,470.34,77.58,170.63,0.1561,-1,-1,-1
382,-1,806.81,479.65,28.72,67.46,0.1436,-1,-1,-1
382,-1,1664.80,437.24,49.66,146.37,0.1401,-1,-1,-1
382,-1,1303.39,422.95,38.90,122.71,0.1096,-1,-1,-1
382,-1,419.02,478.01,38.00,87.68,0.1029,-1,-1,-1
383,-1,0.05,439.20,195.72,368.33,0.8802,-1,-1,-1
383,-1,194.20,445.44,183.18,362.71,0.8354,-1,-1,-1
383,-1,1072.69,397.17,238.01,621.20,0.8110,-1,-1,-1
383,-1,527.88,406.80,154.91,362.81,0.8061,-1,-1,-1
383,-1,953.44,420.77,158.74,514.68,0.7911,-1,-1,-1
383,-1,345.88,459.09,94.94,287.58,0.6477,-1,-1,-1
383,-1,733.73,478.66,46.09,121.00,0.3920,-1,-1,-1
383,-1,1876.53,390.20,42.77,256.96,0.3426,-1,-1,-1
383,-1,1256.49,434.46,41.96,107.86,0.2900,-1,-1,-1
383,-1,1855.71,383.10,63.85,266.30,0.2603,-1,-1,-1
383,-1,1887.50,401.76,31.81,238.83,0.2269,-1,-1,-1
383,-1,1667.70,413.93,117.10,221.75,0.2265,-1,-1,-1
383,-1,698.06,477.22,36.94,108.39,0.1937,-1,-1,-1
383,-1,470.29,443.27,45.77,114.44,0.1606,-1,-1,-1
383,-1,1844.67,460.71,72.73,190.72,0.1506,-1,-1,-1
383,-1,1827.82,471.18,77.98,167.62,0.1483,-1,-1,-1
383,-1,1303.49,421.70,38.66,123.95,0.1429,-1,-1,-1
383,-1,806.33,479.37,29.74,67.32,0.1219,-1,-1,-1
383,-1,1666.49,437.84,47.72,148.11,0.1117,-1,-1,-1
383,-1,661.37,471.76,44.39,122.06,0.1021,-1,-1,-1
384,-1,0.30,439.42,202.33,367.27,0.8932,-1,-1,-1
384,-1,528.85,406.15,157.36,363.72,0.8418,-1,-1,-1
384,-1,201.38,441.36,178.74,365.95,0.8416,-1,-1,-1
384,-1,1074.84,397.29,247.69,618.71,0.7923,-1,-1,-1
384,-1,955.42,420.82,156.99,515.50,0.7819,-1,-1,-1
384,-1,359.08,477.35,92.43,270.14,0.6949,-1,-1,-1
384,-1,733.40,475.92,46.29,125.87,0.4330,-1,-1,-1
384,-1,693.21,470.77,43.10,125.45,0.3088,-1,-1,-1
384,-1,1864.55,383.22,55.02,263.33,0.3025,-1,-1,-1
384,-1,1881.21,393.22,38.07,257.08,0.2676,-1,-1,-1
384,-1,1257.30,432.01,42.15,107.20,0.2479,-1,-1,-1
384,-1,1890.64,406.15,28.69,234.48,0.2025,-1,-1,-1
384,-1,1668.09,412.42,117.81,223.45,0.1956,-1,-1,-1
384,-1,1829.05,470.62,75.12,170.24,0.1632,-1,-1,-1
384,-1,1845.28,456.05,66.14,194.68,0.1578,-1,-1,-1
384,-1,1836.46,385.31,82.44,259.20,0.1225,-1,-1,-1
384,-1,806.23,479.42,29.28,68.53,0.1151,-1,-1,-1
384,-1,469.36,443.40,46.63,115.72,0.1128,-1,-1,-1
384,-1,913.40,469.51,47.99,118.86,0.1112,-1,-1,-1
384,-1,1303.99,421.92,38.17,123.14,0.1107,-1,-1,-1
385,-1,1.81,436.44,205.01,370.31,0.8773,-1,-1,-1
385,-1,214.88,442.30,165.09,358.38,0.8419,-1,-1,-1
385,-1,532.08,409.42,156.77,363.13,0.8413,-1,-1,-1
385,-1,1075.39,397.24,256.18,618.91,0.7838,-1,-1,-1
385,-1,962.49,419.51,153.31,517.26,0.7710,-1,-1,-1
385,-1,362.12,459.26,100.45,284.18,0.7367,-1,-1,-1
385,-1,732.51,472.11,47.16,129.56,0.5087,-1,-1,-1
385,-1,689.38,468.03,44.33,125.96,0.3391,-1,-1,-1
385,-1,1866.12,383.73,53.45,262.48,0.2927,-1,-1,-1
385,-1,1881.12,393.70,38.18,255.37,0.2457,-1,-1,-1
385,-1,1667.77,413.59,117.51,222.41,0.2441,-1,-1,-1
385,-1,1257.76,432.77,38.48,105.76,0.2068,-1,-1,-1
385,-1,1890.08,410.94,29.24,227.99,0.1896,-1,-1,-1
385,-1,1829.68,470.45,73.44,170.19,0.1787,-1,-1,-1
385,-1,1845.40,454.31,64.51,196.83,0.1538,-1,-1,-1
385,-1,805.18,479.60,30.24,69.61,0.1233,-1,-1,-1
385,-1,1836.96,385.81,81.87,258.29,0.1171,-1,-1,-1
385,-1,683.27,478.87,42.23,121.37,0.1088,-1,-1,-1
386,-1,0.93,437.10,207.44,367.83,0.8703,-1,-1,-1
386,-1,541.08,411.03,150.77,359.59,0.8605,-1,-1,-1
386,-1,233.19,439.17,146.92,362.85,0.8137,-1,-1,-1
386,-1,1067.36,396.64,268.18,620.17,0.7741,-1,-1,-1
386,-1,962.36,419.49,152.02,516.89,0.7528,-1,-1,-1
386,-1,366.16,445.23,120.09,297.06,0.7353,-1,-1,-1
386,-1,733.16,471.15,45.58,129.86,0.5236,-1,-1,-1
386,-1,691.07,467.31,43.80,125.77,0.3646,-1,-1,-1
386,-1,1865.46,385.79,54.08,260.94,0.2754,-1,-1,-1
386,-1,1667.53,413.23,118.43,222.94,0.2330,-1,-1,-1
386,-1,1829.05,469.74,75.31,170.57,0.2226,-1,-1,-1
386,-1,1880.27,394.12,39.03,258.87,0.2075,-1,-1,-1
386,-1,1257.38,434.05,37.44,101.09,0.1892,-1,-1,-1
386,-1,1888.42,412.43,30.87,228.94,0.1844,-1,-1,-1
386,-1,806.04,479.20,30.71,70.18,0.1637,-1,-1,-1
386,-1,1844.80,457.27,64.74,193.63,0.1532,-1,-1,-1
386,-1,914.38,464.82,43.47,123.06,0.1359,-1,-1,-1
386,-1,1883.25,458.71,36.04,193.81,0.1316,-1,-1,-1
386,-1,1664.98,437.05,46.87,148.91,0.1232,-1,-1,-1
386,-1,1853.23,428.74,66.19,224.15,0.1211,-1,-1,-1
386,-1,660.34,473.05,44.24,127.33,0.1182,-1,-1,-1
386,-1,655.84,474.59,41.03,116.61,0.1160,-1,-1,-1
387,-1,542.83,413.36,150.80,356.79,0.8597,-1,-1,-1
387,-1,0.79,434.11,210.58,371.40,0.8597,-1,-1,-1
387,-1,256.26,432.35,125.04,366.51,0.8036,-1,-1,-1
387,-1,1062.42,397.62,276.31,619.30,0.7822,-1,-1,-1
387,-1,364.10,443.00,144.79,298.90,0.7651,-1,-1,-1
387,-1,966.27,422.14,149.62,511.89,0.7486,-1,-1,-1
387,-1,733.43,471.74,45.92,129.80,0.4987,-1,-1,-1
387,-1,689.89,465.21,43.97,127.02,0.3749,-1,-1,-1
387,-1,935.28,438.09,58.71,145.69,0.3566,-1,-1,-1
387,-1,1856.50,383.62,63.07,265.68,0.2576,-1,-1,-1
387,-1,1876.62,392.00,42.67,259.76,0.2339,-1,-1,-1
387,-1,1888.53,410.11,30.77,232.45,0.2033,-1,-1,-1
387,-1,1825.28,470.66,79.18,169.45,0.1712,-1,-1,-1
387,-1,1257.12,438.11,38.68,94.50,0.1558,-1,-1,-1
387,-1,805.69,479.22,29.96,69.18,0.1403,-1,-1,-1
387,-1,1664.45,438.33,47.54,147.09,0.1303,-1,-1,-1
387,-1,1666.14,413.73,119.55,219.17,0.1294,-1,-1,-1
387,-1,1846.20,460.12,67.14,190.07,0.1259,-1,-1,-1
387,-1,922.26,449.48,58.53,136.13,0.1171,-1,-1,-1
387,-1,935.28,439.21,52.79,113.25,0.1085,-1,-1,-1
388,-1,545.28,411.94,146.82,353.55,0.8725,-1,-1,-1
388,-1,12.89,431.89,199.58,372.27,0.8528,-1,-1,-1
388,-1,364.35,448.06,163.33,295.69,0.8134,-1,-1,-1
388,-1,1027.01,398.62,320.93,616.01,0.7924,-1,-1,-1
388,-1,278.88,432.99,103.92,365.45,0.7502,-1,-1,-1
388,-1,969.03,422.93,141.58,511.04,0.7385,-1,-1,-1
388,-1,732.86,468.13,46.76,136.45,0.5701,-1,-1,-1
388,-1,687.16,467.46,45.25,125.39,0.3726,-1,-1,-1
388,-1,1865.03,385.44,54.52,261.23,0.2500,-1,-1,-1
388,-1,1888.38,416.63,30.94,228.40,0.2144,-1,-1,-1
388,-1,935.48,435.65,55.47,148.04,0.2141,-1,-1,-1
388,-1,1879.37,395.12,39.94,259.87,0.2118,-1,-1,-1
388,-1,1826.62,473.00,76.67,168.21,0.1897,-1,-1,-1
388,-1,805.37,478.24,31.28,71.14,0.1838,-1,-1,-1
388,-1,467.09,444.08,46.15,117.12,0.1708,-1,-1,-1
388,-1,1668.18,411.97,116.71,224.22,0.1595,-1,-1,-1
388,-1,1256.78,434.18,38.04,96.95,0.1497,-1,-1,-1
388,-1,519.07,442.00,31.21,82.97,0.1277,-1,-1,-1
388,-1,1875.20,464.06,44.11,188.73,0.1222,-1,-1,-1
388,-1,918.37,448.11,53.89,137.94,0.1197,-1,-1,-1
388,-1,659.18,466.75,49.71,136.88,0.1157,-1,-1,-1
388,-1,1847.36,470.72,62.64,179.94,0.1095,-1,-1,-1
389,-1,25.84,429.50,183.08,372.38,0.8845,-1,-1,-1
389,-1,550.19,413.23,142.64,352.51,0.8588,-1,-1,-1
389,-1,361.28,446.84,174.12,298.35,0.8374,-1,-1,-1
389,-1,1018.38,397.67,322.22,620.04,0.7960,-1,-1,-1
389,-1,968.63,419.45,135.70,517.36,0.7378,-1,-1,-1
389,-1,287.35,436.90,101.37,362.09,0.7169,-1,-1,-1
389,-1,732.47,472.95,47.24,129.50,0.5646,-1,-1,-1
389,-1,243.67,437.68,142.35,357.69,0.3964,-1,-1,-1
389,-1,686.48,466.32,44.95,125.67,0.3434,-1,-1,-1
389,-1,1668.35,413.29,117.25,223.57,0.2692,-1,-1,-1
389,-1,1827.97,471.59,75.44,170.48,0.2587,-1,-1,-1
389,-1,1866.97,386.41,52.58,259.92,0.2534,-1,-1,-1
389,-1,1889.45,414.39,29.85,228.89,0.2237,-1,-1,-1
389,-1,1880.50,395.96,38.80,256.60,0.2220,-1,-1,-1
389,-1,931.16,438.51,57.47,148.43,0.1901,-1,-1,-1
389,-1,467.57,444.85,45.13,111.52,0.1805,-1,-1,-1
389,-1,805.84,478.45,30.09,70.90,0.1695,-1,-1,-1
389,-1,519.29,440.99,30.90,83.26,0.1623,-1,-1,-1
389,-1,1885.28,462.49,34.02,189.83,0.1477,-1,-1,-1
389,-1,1846.18,469.73,60.82,180.99,0.1323,-1,-1,-1
389,-1,1256.59,430.74,39.62,98.75,0.1124,-1,-1,-1
389,-1,936.17,434.34,50.72,111.75,0.1058,-1,-1,-1
389,-1,1854.37,441.24,65.00,211.79,0.1030,-1,-1,-1
390,-1,44.43,431.99,163.43,366.19,0.8392,-1,-1,-1
390,-1,554.25,410.93,140.33,353.18,0.8365,-1,-1,-1
390,-1,374.98,447.50,165.91,293.91,0.8072,-1,-1,-1
390,-1,1031.84,397.06,306.42,621.19,0.7995,-1,-1,-1
390,-1,962.65,419.75,139.55,517.43,0.7495,-1,-1,-1
390,-1,292.26,440.15,99.04,358.71,0.6586,-1,-1,-1
390,-1,732.62,472.54,45.38,131.12,0.5232,-1,-1,-1
390,-1,933.47,434.95,53.79,150.87,0.3933,-1,-1,-1
390,-1,249.18,442.14,143.68,347.85,0.3690,-1,-1,-1
390,-1,682.52,468.86,48.81,122.19,0.2791,-1,-1,-1
390,-1,1830.70,471.75,71.43,169.51,0.2711,-1,-1,-1
390,-1,1668.05,414.27,117.04,222.09,0.2349,-1,-1,-1
390,-1,1866.96,386.29,52.57,260.61,0.2134,-1,-1,-1
390,-1,1850.10,476.96,55.70,174.62,0.1963,-1,-1,-1
390,-1,805.66,475.77,31.26,73.13,0.1840,-1,-1,-1
390,-1,1889.21,438.82,30.04,203.35,0.1727,-1,-1,-1
390,-1,519.85,439.11,29.23,83.65,0.1618,-1,-1,-1
390,-1,1839.99,460.79,77.59,188.05,0.1594,-1,-1,-1
390,-1,1881.71,406.98,37.58,243.94,0.1442,-1,-1,-1
390,-1,1666.21,436.99,52.60,148.30,0.1438,-1,-1,-1
390,-1,1855.27,436.82,64.25,215.79,0.1397,-1,-1,-1
390,-1,1257.00,431.47,41.53,99.41,0.1343,-1,-1,-1
390,-1,933.58,434.60,52.20,105.57,0.1314,-1,-1,-1
390,-1,471.63,453.28,38.31,78.20,0.1049,-1,-1,-1
391,-1,1056.35,397.42,270.23,622.21,0.8241,-1,-1,-1
391,-1,385.70,447.14,156.64,294.70,0.7945,-1,-1,-1
391,-1,559.97,412.30,135.79,347.81,0.7672,-1,-1,-1
391,-1,959.20,419.92,139.04,517.13,0.7662,-1,-1,-1
391,-1,48.24,431.37,160.05,365.22,0.7648,-1,-1,-1
391,-1,303.07,438.86,95.49,359.41,0.6554,-1,-1,-1
391,-1,731.11,473.75,46.59,132.72,0.5661,-1,-1,-1
391,-1,1668.26,414.09,116.63,221.95,0.3522,-1,-1,-1
391,-1,933.07,435.37,51.71,150.85,0.3094,-1,-1,-1
391,-1,687.43,476.11,43.39,109.81,0.2858,-1,-1,-1
391,-1,1829.90,472.66,71.70,169.63,0.2767,-1,-1,-1
391,-1,1867.04,386.24,52.49,260.73,0.2419,-1,-1,-1
391,-1,1065.81,439.89,74.77,115.72,0.2252,-1,-1,-1
391,-1,1850.29,479.63,55.38,172.54,0.2040,-1,-1,-1
391,-1,266.25,450.14,136.41,350.20,0.1857,-1,-1,-1
391,-1,1889.88,435.89,29.35,206.32,0.1699,-1,-1,-1
391,-1,1665.26,434.87,54.34,151.20,0.1653,-1,-1,-1
391,-1,805.53,476.14,31.02,72.34,0.1627,-1,-1,-1
391,-1,1881.06,396.87,38.22,253.92,0.1626,-1,-1,-1
391,-1,519.87,440.02,27.71,82.76,0.1560,-1,-1,-1
391,-1,1855.21,433.76,64.31,219.26,0.1465,-1,-1,-1
391,-1,1839.23,465.15,78.17,183.97,0.1430,-1,-1,-1
392,-1,1056.96,397.51,260.54,621.48,0.8294,-1,-1,-1
392,-1,57.91,431.08,155.15,362.18,0.8074,-1,-1,-1
392,-1,570.91,403.00,124.77,364.16,0.7549,-1,-1,-1
392,-1,960.67,420.75,139.05,516.43,0.7481,-1,-1,-1
392,-1,389.80,444.56,156.01,296.30,0.7363,-1,-1,-1
392,-1,310.81,439.24,121.61,358.87,0.7348,-1,-1,-1
392,-1,729.56,472.22,48.30,132.41,0.5826,-1,-1,-1
392,-1,1668.22,413.09,116.18,223.13,0.3071,-1,-1,-1
392,-1,686.11,477.91,43.81,119.31,0.2942,-1,-1,-1
392,-1,1068.94,439.17,71.92,116.89,0.2719,-1,-1,-1
392,-1,928.71,437.39,55.52,154.92,0.2399,-1,-1,-1
392,-1,1876.17,394.12,43.13,254.32,0.2282,-1,-1,-1
392,-1,519.91,441.97,28.43,80.99,0.2231,-1,-1,-1
392,-1,1857.58,382.10,61.97,266.94,0.2159,-1,-1,-1
392,-1,1845.01,467.49,71.05,183.77,0.2110,-1,-1,-1
392,-1,1829.78,472.27,77.45,175.66,0.2005,-1,-1,-1
392,-1,806.22,476.70,30.26,71.71,0.1907,-1,-1,-1
392,-1,1664.56,431.83,56.26,154.69,0.1892,-1,-1,-1
392,-1,1889.51,423.91,29.76,216.39,0.1582,-1,-1,-1
392,-1,735.10,492.15,39.76,114.71,0.1571,-1,-1,-1
392,-1,670.59,475.16,57.69,129.36,0.1290,-1,-1,-1
392,-1,1882.48,452.57,36.87,199.22,0.1088,-1,-1,-1
392,-1,1837.52,472.76,53.36,158.92,0.1061,-1,-1,-1
392,-1,468.05,445.49,46.99,138.28,0.1058,-1,-1,-1
392,-1,467.13,445.55,46.03,90.57,0.1050,-1,-1,-1
393,-1,63.72,431.97,155.67,362.32,0.8548,-1,-1,-1
393,-1,1056.63,397.94,257.72,620.88,0.8296,-1,-1,-1
393,-1,308.96,448.35,143.37,349.99,0.7939,-1,-1,-1
393,-1,577.95,415.70,115.58,337.84,0.7694,-1,-1,-1
393,-1,400.10,443.10,146.59,295.26,0.7617,-1,-1,-1
393,-1,963.28,419.56,136.50,517.48,0.7514,-1,-1,-1
393,-1,728.07,471.26,49.59,134.55,0.5750,-1,-1,-1
393,-1,1671.11,419.65,114.73,215.35,0.5319,-1,-1,-1
393,-1,926.19,439.89,55.90,165.76,0.4502,-1,-1,-1
393,-1,683.25,477.36,43.37,117.93,0.3141,-1,-1,-1
393,-1,1862.97,385.52,56.58,260.93,0.2434,-1,-1,-1
393,-1,1835.24,454.71,82.78,194.24,0.2235,-1,-1,-1
393,-1,1070.54,438.71,74.48,116.82,0.2215,-1,-1,-1
393,-1,806.12,476.60,29.89,72.86,0.1883,-1,-1,-1
393,-1,1664.12,433.73,53.49,153.04,0.1833,-1,-1,-1
393,-1,1850.87,474.10,59.41,176.81,0.1805,-1,-1,-1
393,-1,519.83,439.53,28.69,83.36,0.1634,-1,-1,-1
393,-1,1888.69,424.40,30.57,218.72,0.1576,-1,-1,-1
393,-1,1880.07,393.73,39.23,256.65,0.1517,-1,-1,-1
393,-1,722.79,473.25,35.44,122.17,0.1316,-1,-1,-1
393,-1,1871.77,455.03,47.57,197.81,0.1077,-1,-1,-1
394,-1,66.09,431.29,161.39,367.03,0.8660,-1,-1,-1
394,-1,1055.82,397.78,257.20,620.28,0.8377,-1,-1,-1
394,-1,309.38,444.41,153.48,356.55,0.8103,-1,-1,-1
394,-1,582.23,408.08,116.36,344.94,0.7822,-1,-1,-1
394,-1,414.48,447.04,131.42,288.67,0.7756,-1,-1,-1
394,-1,966.57,420.58,133.82,516.43,0.7541,-1,-1,-1
394,-1,922.17,437.75,55.92,167.25,0.6260,-1,-1,-1
394,-1,726.50,471.62,50.10,132.54,0.5769,-1,-1,-1
394,-1,1670.29,412.22,114.32,222.87,0.5196,-1,-1,-1
394,-1,682.63,477.51,45.07,120.51,0.2631,-1,-1,-1
394,-1,1862.01,384.72,57.53,261.84,0.2451,-1,-1,-1
394,-1,1074.31,439.99,73.25,115.53,0.2282,-1,-1,-1
394,-1,1664.89,432.44,51.23,154.87,0.2112,-1,-1,-1
394,-1,1845.25,465.78,67.36,184.71,0.2083,-1,-1,-1
394,-1,1880.38,393.29,38.89,257.05,0.1948,-1,-1,-1
394,-1,805.79,475.27,30.11,73.54,0.1915,-1,-1,-1
394,-1,1832.95,471.64,72.31,168.75,0.1851,-1,-1,-1
394,-1,519.92,436.61,30.14,85.34,0.1763,-1,-1,-1
394,-1,1890.04,420.32,29.21,221.52,0.1628,-1,-1,-1
394,-1,1851.49,491.20,54.68,159.77,0.1412,-1,-1,-1
394,-1,1870.83,460.14,48.48,192.44,0.1269,-1,-1,-1
394,-1,400.23,460.11,72.73,227.59,0.1171,-1,-1,-1
395,-1,71.13,431.63,164.97,364.40,0.8405,-1,-1,-1
395,-1,1052.02,396.56,260.99,621.61,0.8203,-1,-1,-1
395,-1,309.73,442.42,161.00,360.01,0.8072,-1,-1,-1
395,-1,588.57,411.51,114.95,337.38,0.8006,-1,-1,-1
395,-1,424.28,449.45,124.03,286.49,0.7943,-1,-1,-1
395,-1,973.31,421.10,127.73,515.82,0.7613,-1,-1,-1
395,-1,724.99,467.05,51.70,138.50,0.5694,-1,-1,-1
395,-1,922.26,440.68,50.39,160.80,0.5613,-1,-1,-1
395,-1,1667.52,405.56,116.79,230.88,0.5161,-1,-1,-1
395,-1,1083.28,436.43,68.47,115.26,0.2970,-1,-1,-1
395,-1,1854.60,381.62,64.95,268.64,0.2523,-1,-1,-1
395,-1,1875.52,390.49,43.77,260.55,0.2255,-1,-1,-1
395,-1,1665.06,433.29,52.40,152.93,0.2005,-1,-1,-1
395,-1,1889.62,412.61,29.66,228.96,0.1652,-1,-1,-1
395,-1,1846.77,464.02,68.49,186.27,0.1634,-1,-1,-1
395,-1,805.36,474.97,31.67,74.09,0.1604,-1,-1,-1
395,-1,1831.69,472.10,75.51,173.36,0.1556,-1,-1,-1
395,-1,683.78,477.95,42.27,105.45,0.1354,-1,-1,-1
395,-1,522.20,443.46,28.47,78.29,0.1319,-1,-1,-1
395,-1,732.85,488.74,42.86,119.91,0.1196,-1,-1,-1
395,-1,1852.23,496.66,54.49,154.42,0.1043,-1,-1,-1
396,-1,1052.86,398.81,254.10,618.62,0.8357,-1,-1,-1
396,-1,591.63,407.79,112.44,338.78,0.8163,-1,-1,-1
396,-1,437.00,455.10,112.82,282.44,0.7667,-1,-1,-1
396,-1,309.60,443.24,168.34,358.74,0.7645,-1,-1,-1
396,-1,87.57,433.45,164.93,364.11,0.7597,-1,-1,-1
396,-1,977.49,420.92,124.29,515.26,0.7503,-1,-1,-1
396,-1,919.49,443.31,50.84,167.19,0.5916,-1,-1,-1
396,-1,726.81,465.54,50.68,140.98,0.5323,-1,-1,-1
396,-1,1666.36,407.12,119.34,228.32,0.4855,-1,-1,-1
396,-1,1083.68,434.22,70.31,114.70,0.2917,-1,-1,-1
396,-1,1854.02,379.53,65.55,269.76,0.2650,-1,-1,-1
396,-1,1875.82,391.84,43.46,257.54,0.2419,-1,-1,-1
396,-1,720.38,464.10,44.42,135.81,0.2141,-1,-1,-1
396,-1,805.43,475.08,31.26,73.30,0.1830,-1,-1,-1
396,-1,1888.51,412.31,30.80,228.12,0.1786,-1,-1,-1
396,-1,1829.75,473.54,77.50,172.37,0.1647,-1,-1,-1
396,-1,525.46,445.31,25.04,76.62,0.1551,-1,-1,-1
396,-1,1845.24,465.71,71.75,184.74,0.1456,-1,-1,-1
396,-1,683.52,476.93,42.00,123.50,0.1272,-1,-1,-1
396,-1,1252.10,441.34,34.09,94.86,0.1186,-1,-1,-1
396,-1,1665.12,435.69,51.07,149.83,0.1106,-1,-1,-1
396,-1,531.86,450.98,23.38,71.63,0.1045,-1,-1,-1
396,-1,732.91,522.04,42.93,88.58,0.1031,-1,-1,-1
397,-1,1062.16,396.69,243.21,619.12,0.8556,-1,-1,-1
397,-1,593.71,420.49,115.59,327.64,0.8255,-1,-1,-1
397,-1,309.65,446.59,174.19,353.56,0.7929,-1,-1,-1
397,-1,975.35,420.36,127.98,515.21,0.7779,-1,-1,-1
397,-1,449.30,452.94,96.10,286.88,0.7407,-1,-1,-1
397,-1,101.57,434.98,162.62,362.07,0.7134,-1,-1,-1
397,-1,919.01,446.02,47.41,161.94,0.4563,-1,-1,-1
397,-1,1666.73,407.92,118.98,227.77,0.4320,-1,-1,-1
397,-1,723.15,466.24,51.36,138.08,0.4157,-1,-1,-1
397,-1,1863.36,383.49,56.19,262.61,0.3074,-1,-1,-1
397,-1,1088.95,438.07,65.98,102.15,0.2902,-1,-1,-1
397,-1,1880.07,394.09,39.21,253.56,0.2369,-1,-1,-1
397,-1,1829.69,474.53,71.59,164.29,0.2263,-1,-1,-1
397,-1,1250.68,443.04,37.32,90.67,0.1863,-1,-1,-1
397,-1,805.32,476.38,31.22,72.09,0.1553,-1,-1,-1
397,-1,1845.97,470.02,66.13,179.74,0.1460,-1,-1,-1
397,-1,726.45,499.89,47.82,108.79,0.1138,-1,-1,-1
397,-1,1664.17,441.80,48.00,145.50,0.1061,-1,-1,-1
397,-1,527.58,448.05,21.63,74.07,0.1025,-1,-1,-1
397,-1,1833.95,439.59,81.29,203.84,0.1020,-1,-1,-1
398,-1,1065.89,395.96,238.93,621.86,0.8614,-1,-1,-1
398,-1,309.27,446.94,178.54,351.83,0.8294,-1,-1,-1
398,-1,595.84,437.06,121.16,312.85,0.8233,-1,-1,-1
398,-1,975.27,420.67,127.68,514.31,0.7889,-1,-1,-1
398,-1,110.99,437.69,172.91,359.02,0.7739,-1,-1,-1
398,-1,453.79,459.79,93.63,278.87,0.7544,-1,-1,-1
398,-1,915.31,449.53,48.67,161.26,0.4749,-1,-1,-1
398,-1,720.55,464.83,54.71,140.60,0.4459,-1,-1,-1
398,-1,1667.47,407.02,117.42,228.55,0.3787,-1,-1,-1
398,-1,1862.71,384.05,56.84,262.17,0.3119,-1,-1,-1
398,-1,1088.64,433.04,63.46,103.93,0.2529,-1,-1,-1
398,-1,1880.06,393.21,39.20,255.87,0.2470,-1,-1,-1
398,-1,1889.81,406.78,29.47,233.70,0.2151,-1,-1,-1
398,-1,1829.54,473.75,73.26,164.67,0.2151,-1,-1,-1
398,-1,1249.69,443.58,38.15,87.95,0.2117,-1,-1,-1
398,-1,1845.65,473.06,67.02,176.76,0.1672,-1,-1,-1
398,-1,805.66,476.95,31.75,71.31,0.1584,-1,-1,-1
398,-1,1859.95,456.92,59.34,196.20,0.1382,-1,-1,-1
398,-1,1663.23,440.61,49.41,143.31,0.1072,-1,-1,-1
398,-1,1852.14,500.01,52.94,151.00,0.1018,-1,-1,-1
399,-1,1067.63,397.42,240.59,618.84,0.8530,-1,-1,-1
399,-1,316.26,447.96,169.52,347.71,0.8456,-1,-1,-1
399,-1,600.06,432.77,130.22,312.78,0.8294,-1,-1,-1
399,-1,971.56,420.55,131.21,514.04,0.8028,-1,-1,-1
399,-1,125.71,438.75,157.95,357.35,0.7936,-1,-1,-1
399,-1,466.02,471.55,82.00,267.11,0.7165,-1,-1,-1
399,-1,912.10,444.79,51.56,160.73,0.5799,-1,-1,-1
399,-1,719.48,463.66,54.79,144.53,0.5211,-1,-1,-1
399,-1,1667.13,410.39,118.16,225.50,0.2818,-1,-1,-1
399,-1,1876.38,389.84,42.90,256.68,0.2423,-1,-1,-1
399,-1,1828.12,473.01,76.01,164.37,0.2285,-1,-1,-1
399,-1,1857.14,380.06,62.42,267.93,0.2235,-1,-1,-1
399,-1,1249.32,445.23,37.11,87.16,0.2203,-1,-1,-1
399,-1,1853.41,467.22,66.15,183.96,0.1778,-1,-1,-1
399,-1,1888.76,425.05,30.50,212.69,0.1583,-1,-1,-1
399,-1,804.13,475.97,32.35,72.22,0.1496,-1,-1,-1
399,-1,1835.47,473.15,54.44,159.98,0.1326,-1,-1,-1
399,-1,737.45,459.27,38.79,141.19,0.1166,-1,-1,-1
399,-1,1665.66,437.35,49.84,148.04,0.1135,-1,-1,-1
399,-1,1091.48,405.88,54.98,131.77,0.1100,-1,-1,-1
400,-1,602.42,405.51,135.07,340.56,0.8641,-1,-1,-1
400,-1,1066.96,396.89,238.65,621.87,0.8551,-1,-1,-1
400,-1,130.87,440.23,173.52,355.01,0.8549,-1,-1,-1
400,-1,967.69,421.55,134.37,512.73,0.8058,-1,-1,-1
400,-1,323.19,439.81,163.21,350.81,0.8009,-1,-1,-1
400,-1,466.59,438.12,87.33,292.52,0.7285,-1,-1,-1
400,-1,908.73,439.79,54.56,166.01,0.6213,-1,-1,-1
400,-1,1670.39,423.72,114.02,210.86,0.4029,-1,-1,-1
400,-1,716.51,462.69,56.89,145.38,0.4003,-1,-1,-1
400,-1,1247.39,445.81,39.02,86.43,0.3249,-1,-1,-1
400,-1,1828.40,473.51,71.44,164.90,0.2415,-1,-1,-1
400,-1,1866.68,385.09,52.85,260.50,0.2254,-1,-1,-1
400,-1,1855.26,442.89,64.28,209.13,0.1767,-1,-1,-1
400,-1,1887.94,420.38,31.35,219.49,0.1667,-1,-1,-1
400,-1,1665.81,436.40,48.69,150.97,0.1461,-1,-1,-1
400,-1,804.50,476.59,31.06,71.13,0.1379,-1,-1,-1
400,-1,1850.51,481.65,59.47,169.24,0.1351,-1,-1,-1
400,-1,1836.01,473.67,51.77,159.02,0.1268,-1,-1,-1
400,-1,1836.34,468.98,81.96,177.57,0.1166,-1,-1,-1
400,-1,1880.68,459.07,38.68,191.04,0.1038,-1,-1,-1
401,-1,134.45,439.09,189.32,356.25,0.8906,-1,-1,-1
401,-1,1068.83,395.58,235.44,622.84,0.8575,-1,-1,-1
401,-1,603.07,406.32,155.15,338.91,0.8389,-1,-1,-1
401,-1,329.12,439.72,158.46,346.16,0.8109,-1,-1,-1
401,-1,971.08,421.73,131.23,512.98,0.8021,-1,-1,-1
401,-1,472.82,439.24,87.52,297.21,0.7156,-1,-1,-1
401,-1,908.28,440.39,55.50,165.47,0.6063,-1,-1,-1
401,-1,714.89,464.66,55.75,143.83,0.5167,-1,-1,-1
401,-1,1669.65,420.96,114.76,213.61,0.3888,-1,-1,-1
401,-1,1247.25,446.30,39.41,87.97,0.3087,-1,-1,-1
401,-1,1866.58,384.52,52.96,260.77,0.2656,-1,-1,-1
401,-1,1828.05,472.62,73.47,165.35,0.2416,-1,-1,-1
401,-1,1887.77,410.69,31.54,228.16,0.1877,-1,-1,-1
401,-1,1665.69,435.70,53.08,150.62,0.1667,-1,-1,-1
401,-1,1844.46,468.19,71.68,181.98,0.1313,-1,-1,-1
401,-1,1835.86,472.96,53.00,157.62,0.1236,-1,-1,-1
401,-1,803.88,476.85,30.91,70.39,0.1217,-1,-1,-1
402,-1,613.87,402.53,155.93,341.46,0.8660,-1,-1,-1
402,-1,1071.12,398.35,233.65,616.76,0.8518,-1,-1,-1
402,-1,140.46,439.37,193.99,355.37,0.8497,-1,-1,-1
402,-1,956.50,421.25,145.30,512.61,0.8021,-1,-1,-1
402,-1,342.24,444.85,144.15,346.69,0.7591,-1,-1,-1
402,-1,474.44,447.55,96.89,287.71,0.6420,-1,-1,-1
402,-1,713.79,464.91,54.41,143.59,0.6344,-1,-1,-1
402,-1,902.30,441.42,58.75,167.07,0.4729,-1,-1,-1
402,-1,1670.46,420.96,113.84,214.42,0.3923,-1,-1,-1
402,-1,1855.83,385.94,63.71,264.30,0.2965,-1,-1,-1
402,-1,1247.94,445.11,34.95,88.39,0.2487,-1,-1,-1
402,-1,1876.01,396.15,43.28,253.87,0.2194,-1,-1,-1
402,-1,1887.48,411.83,31.81,229.82,0.2034,-1,-1,-1
402,-1,1828.12,473.53,71.33,165.20,0.1857,-1,-1,-1
402,-1,1850.49,478.06,59.14,172.89,0.1846,-1,-1,-1
402,-1,1665.60,437.39,51.36,149.45,0.1805,-1,-1,-1
402,-1,1861.46,452.74,57.83,200.21,0.1497,-1,-1,-1
402,-1,1841.38,460.66,77.03,186.97,0.1311,-1,-1,-1
402,-1,806.43,479.98,28.64,66.95,0.1099,-1,-1,-1
403,-1,613.85,403.50,165.29,340.05,0.8709,-1,-1,-1
403,-1,143.72,442.18,202.67,350.70,0.8703,-1,-1,-1
403,-1,1073.06,397.03,228.02,621.96,0.8522,-1,-1,-1
403,-1,959.26,422.76,141.41,511.98,0.7898,-1,-1,-1
403,-1,348.47,445.59,141.06,338.96,0.7114,-1,-1,-1
403,-1,488.38,443.22,101.02,287.98,0.6809,-1,-1,-1
403,-1,713.26,467.82,58.02,141.06,0.5854,-1,-1,-1
403,-1,1669.09,412.96,114.07,223.42,0.3435,-1,-1,-1
403,-1,901.82,445.24,61.00,164.06,0.3130,-1,-1,-1
403,-1,1861.59,386.15,57.97,259.75,0.3046,-1,-1,-1
403,-1,1877.06,395.48,42.22,252.93,0.2435,-1,-1,-1
403,-1,1887.36,405.84,31.90,233.28,0.2198,-1,-1,-1
403,-1,1248.33,444.67,32.89,89.00,0.2148,-1,-1,-1
403,-1,1826.64,472.74,78.32,166.96,0.2074,-1,-1,-1
403,-1,1663.65,436.25,50.40,149.13,0.1915,-1,-1,-1
403,-1,1844.87,457.79,69.32,191.82,0.1601,-1,-1,-1
403,-1,808.60,479.26,26.15,67.53,0.1107,-1,-1,-1
403,-1,1866.75,451.11,52.57,200.57,0.1050,-1,-1,-1
404,-1,623.16,407.10,164.16,334.82,0.8844,-1,-1,-1
404,-1,148.18,439.33,197.35,353.53,0.8619,-1,-1,-1
404,-1,1073.23,397.63,229.09,622.07,0.8535,-1,-1,-1
404,-1,957.05,422.86,143.71,511.64,0.7794,-1,-1,-1
404,-1,491.55,443.47,121.67,288.37,0.7345,-1,-1,-1
404,-1,366.66,443.72,123.90,338.40,0.7222,-1,-1,-1
404,-1,714.77,468.41,54.30,138.64,0.5820,-1,-1,-1
404,-1,1861.83,385.06,57.72,261.07,0.3768,-1,-1,-1
404,-1,1668.51,411.87,114.92,224.42,0.2703,-1,-1,-1
404,-1,896.45,448.69,53.74,160.94,0.2575,-1,-1,-1
404,-1,1886.01,395.92,33.26,242.88,0.2493,-1,-1,-1
404,-1,1247.27,444.89,32.04,91.74,0.2211,-1,-1,-1
404,-1,637.65,430.78,148.77,226.66,0.1963,-1,-1,-1
404,-1,1828.76,480.44,73.32,165.71,0.1868,-1,-1,-1
404,-1,1664.52,437.68,51.12,147.69,0.1767,-1,-1,-1
404,-1,1850.59,484.69,56.32,166.68,0.1445,-1,-1,-1
404,-1,807.62,479.44,26.49,66.96,0.1180,-1,-1,-1
404,-1,1835.68,430.84,82.57,215.22,0.1179,-1,-1,-1
404,-1,1876.27,451.98,43.07,199.60,0.1038,-1,-1,-1
404,-1,402.83,444.87,87.91,325.20,0.1025,-1,-1,-1
405,-1,629.34,405.91,164.45,336.09,0.8886,-1,-1,-1
405,-1,153.21,435.98,195.40,353.55,0.8536,-1,-1,-1
405,-1,1072.79,396.48,211.57,620.80,0.8426,-1,-1,-1
405,-1,956.13,422.26,144.21,512.12,0.7693,-1,-1,-1
405,-1,493.44,443.14,134.09,287.80,0.7608,-1,-1,-1
405,-1,380.46,443.65,115.05,332.21,0.6894,-1,-1,-1
405,-1,718.81,470.55,46.55,136.48,0.5282,-1,-1,-1
405,-1,1859.07,385.07,60.49,261.81,0.4097,-1,-1,-1
405,-1,1878.10,392.17,41.15,255.03,0.3308,-1,-1,-1
405,-1,895.50,446.34,52.84,163.26,0.2756,-1,-1,-1
405,-1,1672.02,414.61,111.68,220.98,0.2388,-1,-1,-1
405,-1,1246.83,447.46,32.72,87.14,0.1833,-1,-1,-1
405,-1,1840.46,483.16,67.49,167.16,0.1618,-1,-1,-1
405,-1,809.44,478.94,25.17,67.34,0.1363,-1,-1,-1
405,-1,358.27,459.30,113.18,317.47,0.1303,-1,-1,-1
405,-1,1833.80,423.90,83.83,223.71,0.1255,-1,-1,-1
405,-1,1664.27,438.73,49.72,148.47,0.1211,-1,-1,-1
405,-1,1870.99,455.29,48.34,196.82,0.1028,-1,-1,-1
406,-1,632.02,412.70,164.75,332.04,0.8843,-1,-1,-1
406,-1,1072.36,395.29,204.66,622.21,0.8461,-1,-1,-1
406,-1,165.10,437.72,180.25,350.39,0.8347,-1,-1,-1
406,-1,953.91,420.93,146.88,512.97,0.7836,-1,-1,-1
406,-1,497.69,447.30,136.75,286.63,0.7306,-1,-1,-1
406,-1,405.41,442.53,93.79,326.55,0.7038,-1,-1,-1
406,-1,1875.66,388.76,43.65,262.59,0.3890,-1,-1,-1
406,-1,721.54,471.29,42.65,136.75,0.3693,-1,-1,-1
406,-1,1856.96,385.38,62.61,263.88,0.3415,-1,-1,-1
406,-1,1667.22,413.11,114.49,223.47,0.2760,-1,-1,-1
406,-1,1835.20,478.93,75.58,171.69,0.1957,-1,-1,-1
406,-1,1830.54,424.33,87.57,222.77,0.1560,-1,-1,-1
406,-1,1664.29,439.54,46.74,145.17,0.1335,-1,-1,-1
406,-1,893.89,467.87,49.78,142.45,0.1301,-1,-1,-1
406,-1,1248.08,445.16,29.45,89.03,0.1269,-1,-1,-1
406,-1,808.44,479.29,26.06,67.21,0.1251,-1,-1,-1
406,-1,1888.52,438.82,30.80,206.72,0.1053,-1,-1,-1
406,-1,359.00,465.88,66.79,288.14,0.1029,-1,-1,-1
406,-1,578.73,491.40,63.32,127.58,0.1027,-1,-1,-1
407,-1,635.98,414.05,160.96,332.98,0.8927,-1,-1,-1
407,-1,1070.03,395.96,198.12,621.49,0.8557,-1,-1,-1
407,-1,176.65,439.38,162.61,347.07,0.8409,-1,-1,-1
407,-1,953.89,421.29,146.55,512.62,0.8045,-1,-1,-1
407,-1,496.57,441.24,142.39,291.21,0.8008,-1,-1,-1
407,-1,414.77,445.41,88.28,326.25,0.7477,-1,-1,-1
407,-1,1876.40,387.62,42.92,262.96,0.3761,-1,-1,-1
407,-1,1856.79,384.64,62.78,265.32,0.3061,-1,-1,-1
407,-1,1244.34,442.73,32.84,96.25,0.2525,-1,-1,-1
407,-1,723.05,461.51,39.59,147.01,0.2328,-1,-1,-1
407,-1,1888.70,396.59,30.57,239.74,0.2145,-1,-1,-1
407,-1,1839.04,482.10,69.95,168.56,0.2091,-1,-1,-1
407,-1,1832.13,452.37,84.33,195.02,0.1485,-1,-1,-1
407,-1,809.95,478.15,24.78,67.45,0.1386,-1,-1,-1
407,-1,724.33,469.51,37.42,73.96,0.1360,-1,-1,-1
407,-1,892.47,472.85,48.81,135.82,0.1358,-1,-1,-1
407,-1,1667.40,412.17,114.48,222.48,0.1287,-1,-1,-1
407,-1,813.72,478.35,26.01,69.87,0.1202,-1,-1,-1
407,-1,1305.21,423.43,37.96,122.97,0.1104,-1,-1,-1
408,-1,642.81,413.47,153.16,334.21,0.9025,-1,-1,-1
408,-1,1068.38,396.66,199.29,620.87,0.8527,-1,-1,-1
408,-1,495.48,441.55,140.68,289.02,0.8036,-1,-1,-1
408,-1,956.79,420.63,143.85,513.31,0.7854,-1,-1,-1
408,-1,187.35,439.04,145.32,343.42,0.7841,-1,-1,-1
408,-1,419.48,446.47,92.60,326.83,0.7565,-1,-1,-1
408,-1,882.90,467.77,55.51,140.21,0.4875,-1,-1,-1
408,-1,1875.62,390.05,43.70,254.61,0.3478,-1,-1,-1
408,-1,1244.70,443.61,33.33,97.16,0.2522,-1,-1,-1
408,-1,1855.93,384.14,63.63,264.28,0.2344,-1,-1,-1
408,-1,1304.54,421.81,38.56,124.52,0.1948,-1,-1,-1
408,-1,1669.00,415.18,115.31,221.78,0.1464,-1,-1,-1
408,-1,1826.70,475.79,78.31,162.63,0.1147,-1,-1,-1
408,-1,807.03,480.39,26.74,65.05,0.1143,-1,-1,-1
408,-1,1837.21,476.79,80.17,174.78,0.1017,-1,-1,-1
409,-1,644.63,414.31,151.25,333.12,0.8977,-1,-1,-1
409,-1,1068.75,398.80,199.30,619.70,0.8483,-1,-1,-1
409,-1,956.55,420.60,144.44,513.15,0.7975,-1,-1,-1
409,-1,425.78,448.39,93.18,323.58,0.7752,-1,-1,-1
409,-1,500.51,471.23,136.39,266.00,0.7540,-1,-1,-1
409,-1,212.16,444.76,124.79,318.52,0.7394,-1,-1,-1
409,-1,876.10,446.18,61.34,162.72,0.5805,-1,-1,-1
409,-1,1880.55,395.27,38.70,246.85,0.2882,-1,-1,-1
409,-1,1242.85,443.56,33.01,97.78,0.2478,-1,-1,-1
409,-1,1858.86,386.37,60.72,263.66,0.2136,-1,-1,-1
409,-1,1826.64,474.51,79.83,164.27,0.1178,-1,-1,-1
409,-1,1668.81,416.48,115.22,219.22,0.1151,-1,-1,-1
409,-1,1304.85,421.67,38.19,124.72,0.1121,-1,-1,-1
410,-1,646.29,410.69,149.36,336.56,0.8879,-1,-1,-1
410,-1,1066.82,397.79,196.86,621.62,0.8454,-1,-1,-1
410,-1,961.04,419.35,140.28,514.06,0.8066,-1,-1,-1
410,-1,515.37,440.28,121.80,287.10,0.8028,-1,-1,-1
410,-1,429.32,443.13,100.04,327.08,0.7192,-1,-1,-1
410,-1,227.49,439.95,117.33,332.96,0.7151,-1,-1,-1
410,-1,876.97,444.00,59.01,166.18,0.5691,-1,-1,-1
410,-1,1880.31,397.43,38.99,246.00,0.3332,-1,-1,-1
410,-1,1240.29,443.38,35.50,93.98,0.3055,-1,-1,-1
410,-1,1861.52,387.36,58.04,262.97,0.2360,-1,-1,-1
410,-1,1670.00,414.85,115.85,221.19,0.1752,-1,-1,-1
410,-1,1304.34,420.32,39.77,125.39,0.1456,-1,-1,-1
410,-1,1666.68,435.40,50.52,148.97,0.1371,-1,-1,-1
410,-1,1829.31,476.58,73.37,160.69,0.1078,-1,-1,-1
411,-1,644.60,414.14,149.24,331.88,0.8863,-1,-1,-1
411,-1,1065.62,399.41,195.87,618.86,0.8512,-1,-1,-1
411,-1,959.89,418.86,140.50,514.19,0.8153,-1,-1,-1
411,-1,525.25,438.01,114.07,284.22,0.7963,-1,-1,-1
411,-1,435.66,441.75,126.59,330.49,0.7121,-1,-1,-1
411,-1,249.01,438.67,104.88,330.37,0.6486,-1,-1,-1
411,-1,875.62,443.46,61.95,166.77,0.5930,-1,-1,-1
411,-1,1877.96,396.27,41.33,245.70,0.3307,-1,-1,-1
411,-1,1238.21,443.90,37.29,89.26,0.2846,-1,-1,-1
411,-1,1857.93,385.42,61.62,264.39,0.2046,-1,-1,-1
411,-1,1303.93,418.15,40.12,128.00,0.1428,-1,-1,-1
411,-1,834.23,465.16,47.09,83.80,0.1200,-1,-1,-1
411,-1,1668.23,413.93,118.04,221.99,0.1159,-1,-1,-1
411,-1,802.83,482.52,31.70,63.07,0.1036,-1,-1,-1
411,-1,1664.60,435.25,55.87,151.42,0.1030,-1,-1,-1
412,-1,1065.01,400.26,194.41,616.04,0.8589,-1,-1,-1
412,-1,646.03,407.59,148.43,337.47,0.8575,-1,-1,-1
412,-1,959.77,418.96,141.11,514.33,0.8030,-1,-1,-1
412,-1,530.15,437.86,110.17,280.68,0.7941,-1,-1,-1
412,-1,433.47,443.71,135.13,327.36,0.7456,-1,-1,-1
412,-1,243.31,435.05,118.93,311.77,0.6983,-1,-1,-1
412,-1,877.09,442.46,56.40,166.37,0.5963,-1,-1,-1
412,-1,1874.91,390.01,44.40,258.06,0.3355,-1,-1,-1
412,-1,1235.55,441.15,36.34,91.08,0.3012,-1,-1,-1
412,-1,1853.66,386.84,65.90,265.53,0.2819,-1,-1,-1
412,-1,1303.89,418.44,39.51,127.93,0.1839,-1,-1,-1
412,-1,1185.74,418.70,77.43,168.84,0.1385,-1,-1,-1
412,-1,1670.96,418.62,114.99,211.70,0.1337,-1,-1,-1
412,-1,616.60,445.36,35.16,67.54,0.1114,-1,-1,-1
412,-1,379.88,461.69,41.41,59.72,0.1049,-1,-1,-1
412,-1,834.81,465.19,46.91,83.59,0.1036,-1,-1,-1
412,-1,1665.55,437.85,53.15,150.51,0.1035,-1,-1,-1
413,-1,649.81,405.00,146.12,339.41,0.8602,-1,-1,-1
413,-1,1063.47,399.20,195.83,617.47,0.8487,-1,-1,-1
413,-1,962.00,418.65,139.39,514.28,0.8035,-1,-1,-1
413,-1,429.04,444.51,153.95,324.43,0.7662,-1,-1,-1
413,-1,239.21,433.59,133.87,340.13,0.7562,-1,-1,-1
413,-1,535.91,432.14,109.61,288.74,0.7401,-1,-1,-1
413,-1,1876.89,397.19,42.43,248.22,0.3275,-1,-1,-1
413,-1,1859.07,387.12,60.49,264.01,0.2890,-1,-1,-1
413,-1,878.04,438.98,52.71,168.74,0.2823,-1,-1,-1
413,-1,518.07,430.95,89.73,327.14,0.2109,-1,-1,-1
413,-1,882.91,440.72,37.04,100.04,0.2025,-1,-1,-1
413,-1,1234.74,442.39,35.50,87.36,0.2003,-1,-1,-1
413,-1,881.10,441.22,48.88,115.84,0.2002,-1,-1,-1
413,-1,1181.75,416.86,85.58,177.99,0.1518,-1,-1,-1
413,-1,934.40,449.18,29.71,65.02,0.1488,-1,-1,-1
413,-1,1303.29,419.13,41.02,127.82,0.1478,-1,-1,-1
413,-1,379.19,461.73,41.69,67.51,0.1319,-1,-1,-1
413,-1,1670.15,416.62,115.90,218.28,0.1125,-1,-1,-1
413,-1,1665.94,438.53,53.74,147.76,0.1090,-1,-1,-1
413,-1,406.59,449.67,71.76,317.25,0.1010,-1,-1,-1
414,-1,653.71,408.34,144.22,334.20,0.8455,-1,-1,-1
414,-1,1062.14,397.85,196.86,620.48,0.8437,-1,-1,-1
414,-1,962.80,419.85,137.81,513.82,0.8146,-1,-1,-1
414,-1,273.30,430.93,110.67,339.62,0.7779,-1,-1,-1
414,-1,431.60,443.12,161.17,324.27,0.7662,-1,-1,-1
414,-1,547.47,432.49,104.62,291.11,0.7518,-1,-1,-1
414,-1,874.42,441.86,48.25,164.35,0.4937,-1,-1,-1
414,-1,1877.68,396.65,41.59,246.87,0.3220,-1,-1,-1
414,-1,1858.10,386.33,61.45,263.77,0.2243,-1,-1,-1
414,-1,1235.61,443.17,34.02,88.34,0.1683,-1,-1,-1
414,-1,1303.69,420.25,40.78,126.51,0.1427,-1,-1,-1
414,-1,411.80,458.04,63.72,280.70,0.1345,-1,-1,-1
414,-1,1664.84,436.29,55.97,150.29,0.1281,-1,-1,-1
414,-1,1670.02,413.15,116.12,224.86,0.1239,-1,-1,-1
414,-1,935.05,448.87,28.63,62.84,0.1084,-1,-1,-1
414,-1,1180.88,437.49,85.74,160.06,0.1069,-1,-1,-1
415,-1,662.66,413.83,136.63,329.79,0.8380,-1,-1,-1
415,-1,1060.08,401.19,198.75,616.73,0.8342,-1,-1,-1
415,-1,432.89,432.91,164.54,332.99,0.8312,-1,-1,-1
415,-1,964.43,419.74,135.48,515.56,0.7893,-1,-1,-1
415,-1,278.38,432.71,119.02,336.64,0.7112,-1,-1,-1
415,-1,563.98,435.24,91.12,279.83,0.6824,-1,-1,-1
415,-1,875.04,439.79,51.80,167.94,0.5278,-1,-1,-1
415,-1,1874.59,390.17,44.70,255.34,0.3294,-1,-1,-1
415,-1,1856.44,386.06,63.11,264.61,0.2580,-1,-1,-1
415,-1,1234.05,445.12,35.75,82.74,0.1702,-1,-1,-1
415,-1,380.41,457.45,41.96,72.00,0.1230,-1,-1,-1
415,-1,1172.47,417.34,94.65,181.83,0.1229,-1,-1,-1
416,-1,669.80,417.45,130.72,326.66,0.8598,-1,-1,-1
416,-1,435.53,443.10,159.14,324.00,0.8382,-1,-1,-1
416,-1,1058.31,402.19,198.65,617.39,0.8324,-1,-1,-1
416,-1,966.02,420.78,131.88,514.42,0.7754,-1,-1,-1
416,-1,568.18,437.07,87.49,284.19,0.7679,-1,-1,-1
416,-1,280.31,436.14,130.13,331.79,0.7430,-1,-1,-1
416,-1,870.44,440.49,51.92,164.41,0.3886,-1,-1,-1
416,-1,1875.27,388.34,44.00,256.78,0.3838,-1,-1,-1
416,-1,1854.32,385.34,65.23,267.09,0.2355,-1,-1,-1
416,-1,1171.17,413.72,94.69,190.30,0.1920,-1,-1,-1
416,-1,1232.97,441.98,35.17,83.31,0.1788,-1,-1,-1
416,-1,424.02,449.20,77.41,151.82,0.1545,-1,-1,-1
416,-1,1303.62,418.21,40.36,127.90,0.1261,-1,-1,-1
416,-1,1670.48,412.57,115.69,226.00,0.1173,-1,-1,-1
417,-1,677.19,404.98,126.35,329.97,0.8430,-1,-1,-1
417,-1,1055.96,403.04,198.08,616.50,0.8275,-1,-1,-1
417,-1,437.16,441.98,158.51,324.91,0.8153,-1,-1,-1
417,-1,567.65,432.34,103.21,285.49,0.7867,-1,-1,-1
417,-1,269.16,447.24,156.80,317.42,0.7712,-1,-1,-1
417,-1,966.93,418.87,128.29,515.57,0.7626,-1,-1,-1
417,-1,868.13,440.23,50.29,164.97,0.5823,-1,-1,-1
417,-1,1875.47,388.46,43.81,255.91,0.3704,-1,-1,-1
417,-1,1857.75,385.29,61.79,265.45,0.2799,-1,-1,-1
417,-1,1887.40,400.89,31.94,236.76,0.2240,-1,-1,-1
417,-1,378.85,458.86,48.92,117.24,0.2021,-1,-1,-1
417,-1,1669.52,412.30,115.87,224.93,0.1657,-1,-1,-1
417,-1,1172.40,422.42,99.25,179.29,0.1384,-1,-1,-1
417,-1,1666.33,436.94,53.95,149.84,0.1186,-1,-1,-1
418,-1,684.88,406.23,120.18,325.94,0.8348,-1,-1,-1
418,-1,1054.42,406.86,193.32,613.48,0.8177,-1,-1,-1
418,-1,274.64,442.47,165.89,323.29,0.7942,-1,-1,-1
418,-1,574.52,433.29,103.66,287.40,0.7784,-1,-1,-1
418,-1,438.71,442.75,158.15,323.05,0.7768,-1,-1,-1
418,-1,968.15,418.32,127.98,515.93,0.7673,-1,-1,-1
418,-1,867.97,441.34,44.36,161.94,0.4860,-1,-1,-1
418,-1,1876.14,389.25,43.13,255.25,0.3190,-1,-1,-1
418,-1,1855.00,385.18,64.55,265.57,0.2335,-1,-1,-1
418,-1,384.11,461.17,40.31,112.82,0.2216,-1,-1,-1
418,-1,1170.57,424.15,105.31,175.37,0.2108,-1,-1,-1
418,-1,443.79,440.56,61.34,127.75,0.1956,-1,-1,-1
418,-1,1888.78,408.00,30.58,230.39,0.1728,-1,-1,-1
418,-1,1175.30,427.54,127.84,354.97,0.1722,-1,-1,-1
418,-1,1177.84,423.63,126.68,251.66,0.1617,-1,-1,-1
418,-1,448.47,437.95,57.04,95.17,0.1487,-1,-1,-1
418,-1,998.88,422.70,96.87,243.81,0.1389,-1,-1,-1
418,-1,1211.92,428.56,61.46,163.69,0.1354,-1,-1,-1
418,-1,384.65,456.03,55.27,120.23,0.1208,-1,-1,-1
419,-1,691.15,407.27,119.55,326.35,0.8277,-1,-1,-1
419,-1,1050.68,407.15,197.29,612.28,0.8190,-1,-1,-1
419,-1,280.55,446.18,170.74,320.04,0.7884,-1,-1,-1
419,-1,442.43,444.21,155.17,319.20,0.7856,-1,-1,-1
419,-1,583.91,433.95,97.95,286.79,0.7470,-1,-1,-1
419,-1,969.64,420.83,124.42,512.43,0.7426,-1,-1,-1
419,-1,866.66,441.24,44.25,162.91,0.5647,-1,-1,-1
419,-1,1876.33,388.47,42.95,254.46,0.3265,-1,-1,-1
419,-1,1171.50,427.18,132.23,251.61,0.2118,-1,-1,-1
419,-1,1854.61,384.75,64.94,265.30,0.2104,-1,-1,-1
419,-1,486.96,443.68,102.76,314.91,0.2099,-1,-1,-1
419,-1,448.08,438.75,59.23,137.41,0.2083,-1,-1,-1
419,-1,995.43,422.68,99.45,201.06,0.2076,-1,-1,-1
419,-1,1170.68,430.45,132.87,387.08,0.2005,-1,-1,-1
419,-1,1887.83,406.31,31.50,231.40,0.1833,-1,-1,-1
419,-1,1173.85,410.50,146.88,558.31,0.1716,-1,-1,-1
419,-1,441.73,441.03,67.84,214.69,0.1687,-1,-1,-1
419,-1,1171.79,427.92,109.56,172.19,0.1461,-1,-1,-1
420,-1,694.51,407.19,121.13,326.47,0.8326,-1,-1,-1
420,-1,450.77,442.01,145.38,322.46,0.8215,-1,-1,-1
420,-1,284.37,450.69,176.11,317.74,0.8162,-1,-1,-1
420,-1,587.05,435.88,100.65,284.29,0.7924,-1,-1,-1
420,-1,1055.41,409.19,195.93,610.21,0.7789,-1,-1,-1
420,-1,969.24,419.19,123.08,513.51,0.7266,-1,-1,-1
420,-1,1875.44,385.59,43.84,262.99,0.3680,-1,-1,-1
420,-1,864.46,441.99,43.76,162.23,0.3301,-1,-1,-1
420,-1,1165.24,416.78,141.59,260.49,0.2796,-1,-1,-1
420,-1,1163.67,419.43,143.42,405.21,0.2575,-1,-1,-1
420,-1,1851.30,382.35,68.24,267.84,0.2529,-1,-1,-1
420,-1,1301.84,418.97,41.77,126.41,0.1537,-1,-1,-1
420,-1,450.52,438.15,58.46,109.29,0.1413,-1,-1,-1
420,-1,991.63,422.26,99.46,196.89,0.1157,-1,-1,-1
421,-1,289.73,451.27,177.91,314.10,0.8325,-1,-1,-1
421,-1,695.52,412.88,122.11,317.08,0.8081,-1,-1,-1
421,-1,460.57,440.97,134.55,324.03,0.8018,-1,-1,-1
421,-1,1052.43,408.75,198.17,611.45,0.7775,-1,-1,-1
421,-1,969.08,417.85,122.24,514.64,0.7214,-1,-1,-1
421,-1,594.72,438.15,107.81,280.56,0.7124,-1,-1,-1
421,-1,860.90,439.69,47.32,165.84,0.5228,-1,-1,-1
421,-1,1876.42,386.86,42.86,258.80,0.3204,-1,-1,-1
421,-1,1169.84,411.30,147.82,512.03,0.2416,-1,-1,-1
421,-1,1670.06,409.15,115.48,228.97,0.2398,-1,-1,-1
421,-1,495.80,438.70,91.47,322.40,0.2285,-1,-1,-1
421,-1,1853.62,382.77,65.92,266.96,0.2179,-1,-1,-1
421,-1,1197.89,421.91,111.63,254.62,0.1919,-1,-1,-1
421,-1,1161.84,421.34,146.29,391.05,0.1710,-1,-1,-1
421,-1,451.61,439.38,57.22,106.88,0.1619,-1,-1,-1
421,-1,988.35,420.25,98.90,192.37,0.1070,-1,-1,-1
422,-1,291.23,449.31,187.30,317.33,0.8725,-1,-1,-1
422,-1,470.37,436.11,124.72,325.39,0.8073,-1,-1,-1
422,-1,703.95,417.95,120.15,311.45,0.7978,-1,-1,-1
422,-1,596.27,437.87,121.78,280.57,0.7746,-1,-1,-1
422,-1,970.12,420.80,123.44,516.11,0.7503,-1,-1,-1
422,-1,1054.44,411.56,194.87,609.56,0.7393,-1,-1,-1
422,-1,854.46,438.97,54.11,165.05,0.3399,-1,-1,-1
422,-1,452.52,439.71,51.70,111.27,0.3374,-1,-1,-1
422,-1,1876.31,386.84,42.95,258.97,0.3112,-1,-1,-1
422,-1,1174.25,416.03,143.28,507.95,0.3062,-1,-1,-1
422,-1,1854.73,383.49,64.82,266.74,0.2196,-1,-1,-1
422,-1,1216.11,429.97,93.10,245.12,0.2171,-1,-1,-1
422,-1,1668.93,409.39,116.73,228.79,0.1745,-1,-1,-1
422,-1,1885.99,408.52,33.33,232.72,0.1742,-1,-1,-1
422,-1,1218.37,435.74,80.98,153.69,0.1620,-1,-1,-1
422,-1,988.25,421.32,104.12,189.15,0.1059,-1,-1,-1
423,-1,299.98,448.37,179.37,314.99,0.8474,-1,-1,-1
423,-1,604.14,442.49,134.55,276.40,0.8431,-1,-1,-1
423,-1,708.74,418.10,121.20,312.69,0.8044,-1,-1,-1
423,-1,481.63,441.52,115.08,316.27,0.8004,-1,-1,-1
423,-1,1046.98,392.94,193.78,626.80,0.7488,-1,-1,-1
423,-1,969.73,421.67,122.43,515.28,0.7274,-1,-1,-1
423,-1,850.94,436.79,56.92,164.29,0.6175,-1,-1,-1
423,-1,1170.66,414.69,149.13,506.09,0.4062,-1,-1,-1
423,-1,453.12,438.87,53.59,117.82,0.2937,-1,-1,-1
423,-1,1877.18,388.94,42.09,256.72,0.2668,-1,-1,-1
423,-1,1220.24,434.39,87.03,159.12,0.1927,-1,-1,-1
423,-1,1850.38,383.54,69.16,266.66,0.1824,-1,-1,-1
423,-1,1205.13,429.69,110.01,250.65,0.1639,-1,-1,-1
423,-1,1886.91,413.55,32.41,228.17,0.1490,-1,-1,-1
423,-1,1667.78,408.96,117.42,227.70,0.1325,-1,-1,-1
423,-1,1157.63,410.57,104.02,195.30,0.1100,-1,-1,-1
423,-1,1303.12,423.41,40.58,120.10,0.1016,-1,-1,-1
423,-1,987.27,420.78,98.79,190.72,0.1012,-1,-1,-1
423,-1,1161.42,417.50,150.24,288.85,0.1008,-1,-1,-1
424,-1,605.53,444.42,137.13,274.42,0.8203,-1,-1,-1
424,-1,306.19,442.64,170.77,323.09,0.8156,-1,-1,-1
424,-1,711.32,416.44,117.99,312.53,0.7749,-1,-1,-1
424,-1,1047.04,392.61,196.12,617.35,0.7635,-1,-1,-1
424,-1,490.88,436.03,107.80,320.56,0.7590,-1,-1,-1
424,-1,970.45,451.90,121.87,480.40,0.6936,-1,-1,-1
424,-1,850.91,439.37,55.42,162.32,0.5521,-1,-1,-1
424,-1,1149.27,415.59,166.15,572.93,0.3603,-1,-1,-1
424,-1,1877.93,387.21,41.34,257.50,0.2598,-1,-1,-1
424,-1,451.78,440.13,53.45,115.26,0.2369,-1,-1,-1
424,-1,1223.43,422.86,93.27,252.00,0.2363,-1,-1,-1
424,-1,1161.87,410.85,150.01,442.01,0.2264,-1,-1,-1
424,-1,1161.46,410.17,148.09,286.35,0.2179,-1,-1,-1
424,-1,1161.52,409.65,103.22,187.93,0.1992,-1,-1,-1
424,-1,1853.04,382.79,66.50,267.32,0.1760,-1,-1,-1
424,-1,1228.82,434.35,81.57,162.00,0.1718,-1,-1,-1
424,-1,1668.32,409.17,117.16,227.47,0.1694,-1,-1,-1
424,-1,1886.52,417.02,32.80,224.29,0.1478,-1,-1,-1
425,-1,315.72,444.96,167.02,318.50,0.8151,-1,-1,-1
425,-1,1048.11,393.22,191.99,620.24,0.7830,-1,-1,-1
425,-1,713.99,416.72,120.38,314.47,0.7535,-1,-1,-1
425,-1,610.32,448.12,133.46,268.01,0.7520,-1,-1,-1
425,-1,515.59,438.80,87.63,315.48,0.7052,-1,-1,-1
425,-1,970.59,465.34,121.32,462.37,0.6066,-1,-1,-1
425,-1,1148.31,417.66,158.05,585.22,0.5037,-1,-1,-1
425,-1,848.61,445.16,53.12,156.02,0.4730,-1,-1,-1
425,-1,1161.82,409.71,132.79,416.35,0.3036,-1,-1,-1
425,-1,1876.30,388.11,42.97,258.51,0.2739,-1,-1,-1
425,-1,1854.24,384.26,65.32,267.01,0.2327,-1,-1,-1
425,-1,1231.29,436.34,83.72,160.67,0.2196,-1,-1,-1
425,-1,1231.54,429.97,90.62,247.12,0.2055,-1,-1,-1
425,-1,1225.94,426.70,96.92,368.14,0.1847,-1,-1,-1
425,-1,1885.73,413.40,33.59,228.87,0.1746,-1,-1,-1
425,-1,446.69,440.17,59.31,115.97,0.1634,-1,-1,-1
425,-1,602.31,457.47,56.24,152.65,0.1619,-1,-1,-1
425,-1,1164.54,410.28,161.78,506.05,0.1523,-1,-1,-1
425,-1,443.52,439.33,62.43,158.28,0.1291,-1,-1,-1
425,-1,1301.94,413.98,41.53,131.31,0.1173,-1,-1,-1
425,-1,1142.46,382.67,121.94,654.32,0.1137,-1,-1,-1
425,-1,1668.95,410.85,116.53,226.00,0.1115,-1,-1,-1
425,-1,1161.53,408.58,103.72,196.47,0.1057,-1,-1,-1
426,-1,1049.05,393.06,191.37,623.67,0.7883,-1,-1,-1
426,-1,327.65,446.55,155.64,315.51,0.7877,-1,-1,-1
426,-1,611.19,449.88,133.12,268.90,0.7571,-1,-1,-1
426,-1,715.13,415.20,120.38,316.69,0.7567,-1,-1,-1
426,-1,525.07,436.54,91.90,319.34,0.7415,-1,-1,-1
426,-1,970.81,456.87,121.98,472.09,0.5924,-1,-1,-1
426,-1,844.84,442.31,53.17,157.96,0.4774,-1,-1,-1
426,-1,1151.41,412.95,144.29,602.60,0.4177,-1,-1,-1
426,-1,1789.77,422.08,130.01,492.96,0.4062,-1,-1,-1
426,-1,1846.96,426.11,72.46,221.59,0.3164,-1,-1,-1
426,-1,1164.97,409.70,122.38,407.01,0.2270,-1,-1,-1
426,-1,1670.31,411.83,116.29,225.41,0.2266,-1,-1,-1
426,-1,1236.80,435.49,86.83,157.84,0.2048,-1,-1,-1
426,-1,1237.23,425.94,89.37,260.23,0.1858,-1,-1,-1
426,-1,1143.95,417.93,118.12,625.88,0.1674,-1,-1,-1
426,-1,1155.66,414.49,173.95,504.36,0.1437,-1,-1,-1
426,-1,1200.64,417.20,127.11,336.01,0.1190,-1,-1,-1
426,-1,1065.33,441.63,108.16,582.75,0.1151,-1,-1,-1
426,-1,444.47,441.98,56.76,118.91,0.1141,-1,-1,-1
426,-1,1297.39,409.21,45.86,135.36,0.1072,-1,-1,-1
426,-1,1163.52,413.31,118.31,225.36,0.1024,-1,-1,-1
427,-1,719.71,412.15,115.00,318.03,0.7904,-1,-1,-1
427,-1,338.68,439.69,141.22,315.37,0.7863,-1,-1,-1
427,-1,1050.96,395.73,185.50,621.15,0.7803,-1,-1,-1
427,-1,612.38,450.55,138.45,267.24,0.7781,-1,-1,-1
427,-1,531.21,434.68,87.47,323.59,0.7628,-1,-1,-1
427,-1,972.92,428.03,120.50,503.96,0.6800,-1,-1,-1
427,-1,1150.78,409.45,150.81,613.65,0.5261,-1,-1,-1
427,-1,843.88,440.64,50.51,159.06,0.4989,-1,-1,-1
427,-1,1159.60,409.30,150.37,470.12,0.2735,-1,-1,-1
427,-1,1142.74,410.76,122.23,635.28,0.2155,-1,-1,-1
427,-1,1239.49,424.91,84.27,163.86,0.1941,-1,-1,-1
427,-1,1492.91,355.50,427.09,712.15,0.1867,-1,-1,-1
427,-1,1235.55,412.31,97.11,325.36,0.1807,-1,-1,-1
427,-1,1737.50,335.06,182.11,612.89,0.1774,-1,-1,-1
427,-1,1667.15,410.51,117.60,227.06,0.1675,-1,-1,-1
427,-1,1066.20,445.55,106.66,577.06,0.1530,-1,-1,-1
427,-1,1292.58,406.16,50.64,138.71,0.1358,-1,-1,-1
427,-1,446.15,443.73,52.09,138.78,0.1354,-1,-1,-1
427,-1,611.44,457.93,51.75,145.79,0.1307,-1,-1,-1
427,-1,1160.20,409.71,169.26,356.94,0.1167,-1,-1,-1
427,-1,1165.51,420.63,132.16,266.05,0.1020,-1,-1,-1
428,-1,612.76,445.57,135.33,272.06,0.7996,-1,-1,-1
428,-1,1052.27,397.11,183.55,622.29,0.7868,-1,-1,-1
428,-1,537.24,436.84,87.51,321.49,0.7772,-1,-1,-1
428,-1,721.16,416.10,122.10,313.81,0.7696,-1,-1,-1
428,-1,356.43,448.70,122.69,300.47,0.7673,-1,-1,-1
428,-1,973.03,427.08,121.21,504.57,0.6745,-1,-1,-1
428,-1,1424.75,330.90,494.21,739.57,0.5788,-1,-1,-1
428,-1,842.61,442.64,47.05,153.65,0.4814,-1,-1,-1
428,-1,1152.57,411.27,149.70,635.07,0.4345,-1,-1,-1
428,-1,1665.96,330.08,252.93,733.02,0.3761,-1,-1,-1
428,-1,1167.93,411.19,128.72,359.71,0.3436,-1,-1,-1
428,-1,1244.85,423.86,92.03,321.54,0.2758,-1,-1,-1
428,-1,1249.88,439.71,72.57,146.42,0.2723,-1,-1,-1
428,-1,1171.60,431.70,121.05,258.69,0.1881,-1,-1,-1
428,-1,466.72,442.58,41.65,91.35,0.1527,-1,-1,-1
428,-1,1067.19,448.36,108.36,575.54,0.1411,-1,-1,-1
428,-1,1295.59,410.00,48.17,136.43,0.1264,-1,-1,-1
428,-1,601.78,475.58,50.15,132.39,0.1253,-1,-1,-1
428,-1,1291.32,416.50,48.94,159.61,0.1108,-1,-1,-1
428,-1,1155.77,415.71,176.16,512.35,0.1105,-1,-1,-1
428,-1,844.39,442.45,39.80,118.52,0.1059,-1,-1,-1
429,-1,623.10,443.36,114.14,271.10,0.8200,-1,-1,-1
429,-1,1053.11,397.33,178.70,622.08,0.8037,-1,-1,-1
429,-1,537.07,436.81,92.10,321.87,0.7683,-1,-1,-1
429,-1,723.75,421.76,124.95,306.81,0.7492,-1,-1,-1
429,-1,378.16,449.05,105.63,297.52,0.7400,-1,-1,-1
429,-1,973.37,426.85,121.25,501.98,0.5861,-1,-1,-1
429,-1,1363.10,323.07,555.68,743.57,0.5553,-1,-1,-1
429,-1,1153.03,410.13,169.28,646.70,0.5266,-1,-1,-1
429,-1,842.98,443.16,46.19,153.58,0.4120,-1,-1,-1
429,-1,1252.52,432.66,83.48,159.48,0.3985,-1,-1,-1
429,-1,1619.66,321.91,299.05,740.31,0.3558,-1,-1,-1
429,-1,1167.95,409.68,135.50,372.42,0.3249,-1,-1,-1
429,-1,1245.85,419.08,93.46,327.83,0.1696,-1,-1,-1
429,-1,361.64,465.30,51.60,99.79,0.1613,-1,-1,-1
429,-1,1068.71,472.61,105.36,548.39,0.1484,-1,-1,-1
429,-1,1298.30,416.68,45.28,125.81,0.1441,-1,-1,-1
429,-1,1292.31,424.59,48.03,161.95,0.1199,-1,-1,-1
429,-1,464.41,446.64,44.92,95.74,0.1178,-1,-1,-1
429,-1,321.12,459.94,43.14,106.87,0.1127,-1,-1,-1
430,-1,538.42,437.88,117.37,318.28,0.7895,-1,-1,-1
430,-1,725.59,419.05,124.84,306.49,0.7601,-1,-1,-1
430,-1,389.34,460.05,95.23,287.93,0.7398,-1,-1,-1
430,-1,1057.26,398.36,175.62,622.47,0.7319,-1,-1,-1
430,-1,635.90,443.79,101.41,265.86,0.7168,-1,-1,-1
430,-1,975.84,422.70,122.51,510.77,0.6462,-1,-1,-1
430,-1,1585.48,320.85,333.48,745.57,0.6311,-1,-1,-1
430,-1,1173.31,413.45,129.34,336.08,0.3918,-1,-1,-1
430,-1,1253.66,431.72,77.89,167.09,0.3918,-1,-1,-1
430,-1,840.28,441.39,47.28,150.88,0.3098,-1,-1,-1
430,-1,1155.65,408.63,172.03,634.66,0.3038,-1,-1,-1
430,-1,1166.05,408.90,148.51,499.86,0.2136,-1,-1,-1
430,-1,1298.39,415.44,46.53,144.97,0.1442,-1,-1,-1
430,-1,363.26,464.88,55.56,99.37,0.1426,-1,-1,-1
430,-1,1284.10,335.43,634.62,733.15,0.1332,-1,-1,-1
430,-1,1281.51,422.46,62.65,159.58,0.1331,-1,-1,-1
430,-1,996.83,426.72,103.81,230.43,0.1168,-1,-1,-1
430,-1,1174.22,414.32,117.34,188.45,0.1069,-1,-1,-1
430,-1,322.17,459.92,41.53,109.81,0.1036,-1,-1,-1
430,-1,1252.40,421.90,93.41,315.35,0.1004,-1,-1,-1
431,-1,541.42,439.72,127.77,316.20,0.7538,-1,-1,-1
431,-1,721.43,417.30,130.64,310.19,0.7243,-1,-1,-1
431,-1,977.02,425.44,126.26,504.98,0.6496,-1,-1,-1
431,-1,1061.78,400.48,187.64,656.94,0.6360,-1,-1,-1
431,-1,396.76,469.33,91.89,278.16,0.6351,-1,-1,-1
431,-1,1538.16,302.59,380.92,767.41,0.6214,-1,-1,-1
431,-1,638.11,442.28,97.12,266.36,0.5311,-1,-1,-1
431,-1,1179.14,416.29,128.50,325.97,0.5103,-1,-1,-1
431,-1,838.78,440.31,47.04,152.63,0.3369,-1,-1,-1
431,-1,1245.04,303.83,673.86,766.67,0.3015,-1,-1,-1
431,-1,1259.22,428.75,78.43,173.94,0.2498,-1,-1,-1
431,-1,1255.96,418.63,93.07,323.36,0.2077,-1,-1,-1
431,-1,1876.49,386.05,42.79,220.34,0.1912,-1,-1,-1
431,-1,1154.90,411.01,161.57,648.66,0.1683,-1,-1,-1
431,-1,367.06,461.16,59.15,107.74,0.1574,-1,-1,-1
431,-1,1002.13,428.29,103.74,233.17,0.1484,-1,-1,-1
431,-1,646.69,441.72,82.60,206.56,0.1330,-1,-1,-1
431,-1,1070.76,458.21,104.83,562.84,0.1299,-1,-1,-1
432,-1,546.06,438.20,132.55,318.39,0.7986,-1,-1,-1
432,-1,1065.62,395.52,175.48,650.39,0.7077,-1,-1,-1
432,-1,982.71,421.86,119.65,514.15,0.6900,-1,-1,-1
432,-1,726.98,413.87,127.42,310.40,0.6886,-1,-1,-1
432,-1,401.22,455.52,92.58,296.98,0.6871,-1,-1,-1
432,-1,1491.05,306.07,428.38,764.63,0.6615,-1,-1,-1
432,-1,1183.94,413.08,126.62,355.50,0.5578,-1,-1,-1
432,-1,648.08,447.59,83.97,257.84,0.4653,-1,-1,-1
432,-1,1263.68,421.86,90.64,278.81,0.4359,-1,-1,-1
432,-1,832.65,439.93,51.42,155.87,0.3730,-1,-1,-1
432,-1,649.34,449.84,69.80,194.71,0.3103,-1,-1,-1
432,-1,1854.46,385.43,65.08,264.75,0.2732,-1,-1,-1
432,-1,1876.45,387.43,42.82,260.12,0.2341,-1,-1,-1
432,-1,1848.26,469.59,63.11,180.93,0.2120,-1,-1,-1
432,-1,1890.74,406.77,28.59,232.41,0.1900,-1,-1,-1
432,-1,1185.01,306.21,734.96,763.10,0.1480,-1,-1,-1
432,-1,1261.83,426.71,93.80,173.55,0.1341,-1,-1,-1
432,-1,826.98,429.00,46.84,164.73,0.1255,-1,-1,-1
433,-1,1418.10,296.97,501.59,770.69,0.8327,-1,-1,-1
433,-1,544.26,437.39,139.94,317.19,0.8201,-1,-1,-1
433,-1,1071.72,399.37,172.43,622.58,0.7609,-1,-1,-1
433,-1,395.48,449.81,108.60,301.37,0.7217,-1,-1,-1
433,-1,732.96,416.17,120.40,309.29,0.7114,-1,-1,-1
433,-1,983.45,415.30,125.06,521.31,0.7035,-1,-1,-1
433,-1,1186.63,408.53,136.96,384.19,0.6172,-1,-1,-1
433,-1,649.08,447.94,85.08,247.41,0.4019,-1,-1,-1
433,-1,829.95,442.85,51.98,155.01,0.3959,-1,-1,-1
433,-1,648.08,449.91,71.97,193.92,0.3254,-1,-1,-1
433,-1,1270.10,418.92,87.96,270.70,0.2976,-1,-1,-1
433,-1,1854.36,388.28,65.19,263.46,0.2720,-1,-1,-1
433,-1,1270.92,428.89,86.45,183.56,0.2659,-1,-1,-1
433,-1,1833.17,472.17,70.81,168.91,0.2455,-1,-1,-1
433,-1,1881.09,397.06,38.18,253.88,0.2319,-1,-1,-1
433,-1,1844.47,460.79,68.81,191.58,0.2170,-1,-1,-1
433,-1,1890.48,413.54,28.88,227.51,0.2007,-1,-1,-1
433,-1,684.81,446.73,61.88,254.26,0.1754,-1,-1,-1
433,-1,1868.76,438.76,50.55,216.51,0.1237,-1,-1,-1
433,-1,838.72,442.87,42.83,128.36,0.1158,-1,-1,-1
433,-1,524.03,444.08,52.98,295.48,0.1010,-1,-1,-1
434,-1,1373.63,302.83,520.08,767.55,0.8608,-1,-1,-1
434,-1,544.74,437.88,139.74,316.53,0.8531,-1,-1,-1
434,-1,738.57,415.26,121.37,312.64,0.7799,-1,-1,-1
434,-1,987.13,419.10,131.34,502.75,0.7552,-1,-1,-1
434,-1,396.99,461.49,113.54,289.14,0.7033,-1,-1,-1
434,-1,1189.46,407.48,131.07,336.34,0.6304,-1,-1,-1
434,-1,1272.29,423.51,90.76,297.06,0.5270,-1,-1,-1
434,-1,1074.19,393.16,174.90,520.58,0.4748,-1,-1,-1
434,-1,1879.68,397.47,39.56,245.63,0.3398,-1,-1,-1
434,-1,829.30,439.54,50.98,156.00,0.2676,-1,-1,-1
434,-1,1274.86,424.35,86.12,173.31,0.2516,-1,-1,-1
434,-1,1858.05,386.88,61.51,263.72,0.2395,-1,-1,-1
434,-1,646.28,450.83,74.02,180.39,0.2357,-1,-1,-1
434,-1,690.09,442.25,71.70,262.85,0.2150,-1,-1,-1
434,-1,653.75,446.39,100.48,250.55,0.1875,-1,-1,-1
434,-1,837.06,439.88,40.94,108.83,0.1575,-1,-1,-1
434,-1,1079.02,390.67,353.62,681.52,0.1542,-1,-1,-1
434,-1,380.16,464.95,37.75,73.15,0.1286,-1,-1,-1
434,-1,1830.01,477.72,72.81,159.11,0.1213,-1,-1,-1
434,-1,377.70,463.86,44.95,108.99,0.1183,-1,-1,-1
434,-1,665.58,447.66,80.31,208.26,0.1050,-1,-1,-1
434,-1,381.22,464.60,34.82,54.73,0.1038,-1,-1,-1
434,-1,1835.04,440.22,83.82,206.22,0.1031,-1,-1,-1
434,-1,1883.28,451.36,36.12,199.79,0.1016,-1,-1,-1
435,-1,545.53,438.21,139.68,318.42,0.8604,-1,-1,-1
435,-1,1361.37,309.08,464.83,690.08,0.8129,-1,-1,-1
435,-1,985.22,416.32,137.00,481.92,0.8059,-1,-1,-1
435,-1,741.32,411.02,110.61,315.55,0.7492,-1,-1,-1
435,-1,413.35,457.92,103.09,292.36,0.7129,-1,-1,-1
435,-1,1193.67,407.56,130.84,307.55,0.6737,-1,-1,-1
435,-1,1084.14,395.28,163.57,413.04,0.5532,-1,-1,-1
435,-1,1275.73,418.24,94.87,308.38,0.5077,-1,-1,-1
435,-1,829.86,432.29,50.21,164.92,0.3859,-1,-1,-1
435,-1,1277.14,421.01,88.10,178.95,0.3712,-1,-1,-1
435,-1,1880.50,398.62,38.75,242.19,0.2995,-1,-1,-1
435,-1,694.83,448.93,66.34,232.80,0.2484,-1,-1,-1
435,-1,1852.24,383.32,67.32,266.95,0.2198,-1,-1,-1
435,-1,533.06,460.84,51.50,162.50,0.2100,-1,-1,-1
435,-1,640.82,451.40,82.20,187.84,0.2003,-1,-1,-1
435,-1,1192.58,411.86,126.88,221.99,0.1974,-1,-1,-1
435,-1,695.39,416.12,148.77,291.20,0.1954,-1,-1,-1
435,-1,964.46,477.73,56.59,104.20,0.1633,-1,-1,-1
435,-1,694.67,426.96,104.71,288.82,0.1288,-1,-1,-1
435,-1,648.79,451.17,97.67,198.77,0.1282,-1,-1,-1
435,-1,677.26,451.28,65.56,185.51,0.1187,-1,-1,-1
435,-1,1827.94,476.82,76.32,159.81,0.1168,-1,-1,-1
435,-1,1833.85,449.08,84.92,197.16,0.1040,-1,-1,-1
435,-1,379.44,464.28,40.59,57.78,0.1018,-1,-1,-1
436,-1,545.91,440.79,144.59,315.24,0.8637,-1,-1,-1
436,-1,1250.19,310.18,505.23,759.51,0.8143,-1,-1,-1
436,-1,413.45,449.86,115.20,304.29,0.7517,-1,-1,-1
436,-1,741.90,411.09,110.74,314.13,0.7301,-1,-1,-1
436,-1,988.85,417.27,140.44,384.70,0.6649,-1,-1,-1
436,-1,1087.92,394.61,162.76,428.92,0.6068,-1,-1,-1
436,-1,1197.44,404.31,129.83,357.56,0.5853,-1,-1,-1
436,-1,1875.71,386.75,43.60,261.29,0.3807,-1,-1,-1
436,-1,1853.12,381.85,66.44,268.30,0.2460,-1,-1,-1
436,-1,709.60,418.48,114.81,292.55,0.2340,-1,-1,-1
436,-1,829.44,434.85,48.44,163.21,0.2166,-1,-1,-1
436,-1,1279.71,419.16,67.74,175.95,0.1587,-1,-1,-1
436,-1,650.77,461.60,54.46,145.69,0.1536,-1,-1,-1
436,-1,964.09,481.14,58.82,99.06,0.1467,-1,-1,-1
436,-1,645.55,453.12,69.03,182.73,0.1410,-1,-1,-1
436,-1,1194.54,407.02,129.86,225.08,0.1400,-1,-1,-1
436,-1,1103.69,399.57,221.29,436.46,0.1375,-1,-1,-1
436,-1,1278.74,419.87,76.34,236.74,0.1295,-1,-1,-1
436,-1,538.76,495.90,50.15,126.94,0.1240,-1,-1,-1
436,-1,698.20,450.52,73.96,259.74,0.1141,-1,-1,-1
436,-1,1667.58,436.35,53.93,151.21,0.1130,-1,-1,-1
436,-1,1668.83,407.51,115.79,182.87,0.1127,-1,-1,-1
436,-1,378.41,465.27,42.90,57.25,0.1081,-1,-1,-1
436,-1,1017.73,421.44,110.92,222.49,0.1051,-1,-1,-1
437,-1,547.14,439.63,143.42,317.04,0.8577,-1,-1,-1
437,-1,415.31,447.68,124.21,304.21,0.7931,-1,-1,-1
437,-1,1093.49,397.61,157.31,445.47,0.7105,-1,-1,-1
437,-1,1002.19,420.88,131.70,400.34,0.6857,-1,-1,-1
437,-1,740.82,412.63,111.75,313.02,0.6002,-1,-1,-1
437,-1,1199.41,318.79,488.38,734.26,0.5304,-1,-1,-1
437,-1,828.95,430.51,47.76,169.47,0.4083,-1,-1,-1
437,-1,708.30,430.90,84.97,277.97,0.4006,-1,-1,-1
437,-1,1198.90,408.07,135.83,281.34,0.3624,-1,-1,-1
437,-1,1873.99,391.69,45.27,258.30,0.3277,-1,-1,-1
437,-1,1854.08,384.83,65.47,262.26,0.3255,-1,-1,-1
437,-1,1008.04,317.78,671.23,751.10,0.2485,-1,-1,-1
437,-1,1670.77,411.77,114.43,225.96,0.2303,-1,-1,-1
437,-1,1888.54,402.47,30.82,239.37,0.2249,-1,-1,-1
437,-1,702.09,438.00,59.51,275.82,0.2196,-1,-1,-1
437,-1,650.83,457.90,56.24,176.08,0.1753,-1,-1,-1
437,-1,676.69,447.31,75.55,216.92,0.1536,-1,-1,-1
437,-1,1830.42,473.49,74.11,165.64,0.1218,-1,-1,-1
437,-1,1846.99,472.95,67.93,179.29,0.1215,-1,-1,-1
437,-1,1199.10,407.60,118.39,203.60,0.1140,-1,-1,-1
437,-1,668.92,452.15,61.22,184.61,0.1110,-1,-1,-1
437,-1,1666.38,435.83,52.27,151.58,0.1072,-1,-1,-1
437,-1,1187.53,406.68,145.58,393.73,0.1072,-1,-1,-1
437,-1,691.08,449.71,50.14,182.31,0.1016,-1,-1,-1
438,-1,546.87,440.34,146.66,315.43,0.8544,-1,-1,-1
438,-1,991.75,421.43,145.68,413.22,0.8117,-1,-1,-1
438,-1,1100.12,394.03,166.56,455.28,0.8097,-1,-1,-1
438,-1,1187.71,328.90,422.26,694.06,0.8079,-1,-1,-1
438,-1,419.86,443.66,128.88,306.94,0.7509,-1,-1,-1
438,-1,708.06,444.65,93.91,264.84,0.4907,-1,-1,-1
438,-1,759.34,413.74,100.74,302.63,0.4473,-1,-1,-1
438,-1,696.05,442.58,73.87,268.35,0.3322,-1,-1,-1
438,-1,1876.28,388.62,42.98,259.18,0.2947,-1,-1,-1
438,-1,1859.21,383.33,60.34,265.90,0.2364,-1,-1,-1
438,-1,823.55,438.56,52.04,161.12,0.2267,-1,-1,-1
438,-1,1670.16,416.88,113.29,220.09,0.2030,-1,-1,-1
438,-1,687.83,454.52,58.65,174.65,0.1867,-1,-1,-1
438,-1,654.20,462.26,47.31,134.29,0.1858,-1,-1,-1
438,-1,1887.77,410.37,31.58,230.64,0.1839,-1,-1,-1
438,-1,786.98,421.58,83.06,279.58,0.1741,-1,-1,-1
438,-1,650.94,458.59,54.91,167.15,0.1575,-1,-1,-1
438,-1,696.05,450.27,55.22,209.82,0.1550,-1,-1,-1
438,-1,659.03,460.93,43.40,94.62,0.1318,-1,-1,-1
438,-1,1830.91,475.19,73.06,163.65,0.1278,-1,-1,-1
438,-1,1846.20,469.19,69.22,182.24,0.1228,-1,-1,-1
438,-1,379.47,463.41,42.62,57.58,0.1069,-1,-1,-1
439,-1,549.84,438.17,146.07,314.35,0.8477,-1,-1,-1
439,-1,993.71,420.36,150.22,431.24,0.7943,-1,-1,-1
439,-1,1159.97,333.01,380.07,696.04,0.7550,-1,-1,-1
439,-1,424.22,441.19,132.39,309.36,0.7380,-1,-1,-1
439,-1,1100.87,431.36,154.12,376.29,0.7079,-1,-1,-1
439,-1,710.95,449.06,96.31,261.18,0.5465,-1,-1,-1
439,-1,765.62,416.67,96.78,296.56,0.4942,-1,-1,-1
439,-1,1671.12,415.80,113.95,221.82,0.2328,-1,-1,-1
439,-1,1880.62,398.55,38.72,247.34,0.2301,-1,-1,-1
439,-1,1830.59,475.86,71.33,161.70,0.1964,-1,-1,-1
439,-1,1858.06,381.03,61.50,269.26,0.1856,-1,-1,-1
439,-1,1854.69,466.52,64.87,187.34,0.1600,-1,-1,-1
439,-1,699.77,449.45,85.82,263.63,0.1596,-1,-1,-1
439,-1,822.70,446.68,54.72,152.52,0.1367,-1,-1,-1
440,-1,555.60,436.80,142.25,313.88,0.8271,-1,-1,-1
440,-1,995.39,423.50,154.26,446.97,0.7221,-1,-1,-1
440,-1,1090.34,359.32,387.09,673.91,0.7071,-1,-1,-1
440,-1,708.17,445.72,110.49,264.44,0.6816,-1,-1,-1
440,-1,423.78,447.30,138.65,297.76,0.6548,-1,-1,-1
440,-1,774.10,418.87,90.12,294.10,0.6430,-1,-1,-1
440,-1,1107.50,471.62,104.88,290.23,0.6382,-1,-1,-1
440,-1,358.25,459.61,92.17,177.78,0.3501,-1,-1,-1
440,-1,1878.16,396.51,41.19,250.65,0.3044,-1,-1,-1
440,-1,1858.87,383.70,60.69,266.82,0.2457,-1,-1,-1
440,-1,1830.68,475.58,69.29,161.35,0.1731,-1,-1,-1
440,-1,1032.55,423.41,117.00,208.06,0.1730,-1,-1,-1
440,-1,1670.95,414.68,115.96,222.68,0.1603,-1,-1,-1
440,-1,696.61,451.65,97.78,245.16,0.1262,-1,-1,-1
440,-1,737.32,426.57,123.55,288.25,0.1233,-1,-1,-1
441,-1,1049.92,362.70,361.78,657.91,0.8311,-1,-1,-1
441,-1,561.46,440.17,139.59,312.44,0.8165,-1,-1,-1
441,-1,1314.29,426.99,133.78,328.27,0.7768,-1,-1,-1
441,-1,433.59,434.57,131.05,312.87,0.7207,-1,-1,-1
441,-1,710.58,451.53,96.90,256.56,0.7016,-1,-1,-1
441,-1,774.02,425.51,89.08,286.94,0.6494,-1,-1,-1
441,-1,998.74,446.17,127.63,285.77,0.4137,-1,-1,-1
441,-1,355.78,475.34,79.74,169.53,0.3722,-1,-1,-1
441,-1,1879.04,395.37,40.26,251.74,0.2925,-1,-1,-1
441,-1,1863.76,383.96,55.79,262.10,0.2200,-1,-1,-1
441,-1,1316.12,428.77,89.77,172.29,0.1526,-1,-1,-1
441,-1,1828.76,476.49,74.05,160.77,0.1331,-1,-1,-1
441,-1,1669.45,413.49,115.56,223.05,0.1276,-1,-1,-1
441,-1,711.15,439.95,135.40,274.87,0.1193,-1,-1,-1
441,-1,363.19,454.98,84.92,158.31,0.1060,-1,-1,-1
442,-1,565.49,441.94,134.98,310.42,0.8113,-1,-1,-1
442,-1,1299.88,428.81,153.98,329.74,0.7528,-1,-1,-1
442,-1,1002.39,362.23,348.23,661.41,0.7518,-1,-1,-1
442,-1,710.66,452.33,109.10,258.64,0.7061,-1,-1,-1
442,-1,445.57,435.68,123.07,312.94,0.6690,-1,-1,-1
442,-1,774.94,417.83,91.21,294.59,0.6014,-1,-1,-1
442,-1,353.90,481.19,77.35,164.99,0.3375,-1,-1,-1
442,-1,1877.69,393.71,41.61,250.29,0.3307,-1,-1,-1
442,-1,1856.95,381.59,62.60,267.63,0.2114,-1,-1,-1
442,-1,348.90,502.46,75.82,129.75,0.1557,-1,-1,-1
442,-1,1303.20,431.31,107.76,173.97,0.1323,-1,-1,-1
442,-1,1671.01,414.55,114.28,223.00,0.1267,-1,-1,-1
442,-1,360.96,462.67,79.88,168.96,0.1120,-1,-1,-1
442,-1,1274.17,432.25,75.45,260.85,0.1113,-1,-1,-1
443,-1,574.46,437.68,127.19,313.45,0.8155,-1,-1,-1
443,-1,1309.30,432.96,141.06,326.47,0.7498,-1,-1,-1
443,-1,452.42,437.34,117.11,307.77,0.6471,-1,-1,-1
443,-1,710.54,445.63,105.06,264.15,0.6162,-1,-1,-1
443,-1,1235.35,438.51,113.01,355.26,0.5981,-1,-1,-1
443,-1,977.77,363.91,332.53,661.55,0.5872,-1,-1,-1
443,-1,782.46,423.65,83.52,282.97,0.5257,-1,-1,-1
443,-1,348.25,510.82,70.50,135.11,0.4059,-1,-1,-1
443,-1,712.20,441.69,141.63,272.40,0.3723,-1,-1,-1
443,-1,1880.53,394.98,38.74,248.67,0.2610,-1,-1,-1
443,-1,1671.92,417.21,113.17,219.96,0.1779,-1,-1,-1
443,-1,1857.90,381.14,61.64,267.38,0.1639,-1,-1,-1
443,-1,669.81,362.75,640.63,703.51,0.1582,-1,-1,-1
443,-1,1831.72,476.34,72.39,161.45,0.1473,-1,-1,-1
443,-1,357.82,457.31,66.06,187.31,0.1292,-1,-1,-1
443,-1,685.01,460.94,37.07,78.39,0.1182,-1,-1,-1
443,-1,1839.32,475.45,51.36,144.18,0.1105,-1,-1,-1
443,-1,320.06,457.51,43.75,104.45,0.1088,-1,-1,-1
443,-1,1311.95,435.76,113.81,173.01,0.1010,-1,-1,-1
443,-1,573.09,446.73,85.33,283.50,0.1004,-1,-1,-1
444,-1,582.91,437.40,117.66,308.21,0.7975,-1,-1,-1
444,-1,1315.85,430.91,138.42,331.33,0.7949,-1,-1,-1
444,-1,461.07,437.17,109.54,304.73,0.7202,-1,-1,-1
444,-1,710.66,442.78,128.26,268.38,0.6485,-1,-1,-1
444,-1,934.89,362.03,339.76,649.40,0.6411,-1,-1,-1
444,-1,1238.14,433.46,110.69,324.15,0.5025,-1,-1,-1
444,-1,779.18,426.46,89.24,283.15,0.4505,-1,-1,-1
444,-1,1170.13,415.84,112.67,282.76,0.3348,-1,-1,-1
444,-1,1881.44,394.46,37.83,247.52,0.2387,-1,-1,-1
444,-1,337.88,456.88,86.88,188.76,0.2237,-1,-1,-1
444,-1,1181.53,430.06,167.88,415.18,0.2104,-1,-1,-1
444,-1,319.12,456.08,42.43,103.01,0.1984,-1,-1,-1
444,-1,336.82,497.83,77.94,142.05,0.1700,-1,-1,-1
444,-1,1857.14,380.66,62.40,267.27,0.1635,-1,-1,-1
444,-1,1669.01,414.76,113.42,221.48,0.1635,-1,-1,-1
444,-1,415.63,477.05,38.92,93.15,0.1519,-1,-1,-1
444,-1,1830.18,476.30,75.33,161.14,0.1460,-1,-1,-1
444,-1,629.93,360.33,638.82,709.02,0.1369,-1,-1,-1
444,-1,1166.79,414.85,126.27,384.54,0.1356,-1,-1,-1
444,-1,718.86,449.37,61.10,130.29,0.1116,-1,-1,-1
444,-1,377.33,458.83,46.54,119.52,0.1111,-1,-1,-1
444,-1,381.04,461.53,38.57,61.07,0.1089,-1,-1,-1
444,-1,1836.96,475.48,55.36,150.20,0.1088,-1,-1,-1
444,-1,539.85,453.15,47.44,155.48,0.1079,-1,-1,-1
444,-1,712.44,444.05,86.59,253.24,0.1027,-1,-1,-1
445,-1,1327.33,428.80,128.69,333.34,0.8055,-1,-1,-1
445,-1,590.35,436.95,111.63,307.38,0.7872,-1,-1,-1
445,-1,881.78,351.91,333.92,647.19,0.7683,-1,-1,-1
445,-1,463.85,437.89,115.59,298.06,0.7667,-1,-1,-1
445,-1,711.29,442.27,112.36,266.59,0.5556,-1,-1,-1
445,-1,1141.84,391.08,204.59,629.31,0.4642,-1,-1,-1
445,-1,1246.08,427.92,107.41,324.38,0.4591,-1,-1,-1
445,-1,776.23,425.46,99.11,283.43,0.4452,-1,-1,-1
445,-1,323.55,507.86,75.45,134.21,0.4407,-1,-1,-1
445,-1,1142.63,403.10,170.07,403.64,0.2801,-1,-1,-1
445,-1,581.26,465.26,59.48,184.19,0.2502,-1,-1,-1
445,-1,1882.26,395.58,37.01,244.44,0.2433,-1,-1,-1
445,-1,378.32,458.10,46.50,113.62,0.1646,-1,-1,-1
445,-1,915.80,496.05,44.46,91.83,0.1572,-1,-1,-1
445,-1,719.07,442.88,83.79,236.94,0.1522,-1,-1,-1
445,-1,1856.05,379.97,63.49,267.74,0.1492,-1,-1,-1
445,-1,725.39,447.36,70.09,124.06,0.1440,-1,-1,-1
445,-1,378.84,460.88,42.08,69.76,0.1349,-1,-1,-1
445,-1,417.79,479.95,37.46,90.57,0.1267,-1,-1,-1
445,-1,1178.49,422.89,169.99,423.79,0.1211,-1,-1,-1
445,-1,1668.78,413.72,114.17,222.95,0.1200,-1,-1,-1
445,-1,582.69,453.02,72.68,220.34,0.1124,-1,-1,-1
445,-1,1827.49,475.74,78.75,161.59,0.1054,-1,-1,-1
446,-1,1334.12,428.57,121.21,333.27,0.7821,-1,-1,-1
446,-1,1130.95,408.42,206.73,657.34,0.7480,-1,-1,-1
446,-1,472.14,438.70,106.72,289.64,0.7214,-1,-1,-1
446,-1,860.95,340.26,312.61,654.27,0.7182,-1,-1,-1
446,-1,611.19,442.45,91.33,297.44,0.6619,-1,-1,-1
446,-1,320.54,509.95,71.85,132.35,0.5959,-1,-1,-1
446,-1,712.30,439.64,135.51,271.29,0.5926,-1,-1,-1
446,-1,1246.26,424.03,111.22,352.29,0.4841,-1,-1,-1
446,-1,585.34,457.46,57.42,195.89,0.4392,-1,-1,-1
446,-1,737.21,422.18,140.19,286.16,0.2834,-1,-1,-1
446,-1,771.99,431.93,111.66,276.13,0.2305,-1,-1,-1
446,-1,1881.68,394.88,37.57,249.65,0.2270,-1,-1,-1
446,-1,1670.43,417.05,112.65,219.52,0.2102,-1,-1,-1
446,-1,1095.85,422.15,79.89,243.91,0.1912,-1,-1,-1
446,-1,1097.89,422.35,77.28,167.12,0.1490,-1,-1,-1
446,-1,375.60,461.24,50.37,113.43,0.1381,-1,-1,-1
446,-1,625.20,446.26,73.29,209.20,0.1329,-1,-1,-1
446,-1,378.30,463.17,43.23,91.16,0.1211,-1,-1,-1
446,-1,418.19,478.53,36.07,92.59,0.1175,-1,-1,-1
446,-1,1827.49,476.74,75.95,160.00,0.1101,-1,-1,-1
446,-1,1856.87,380.30,62.68,268.86,0.1092,-1,-1,-1
446,-1,1249.15,425.88,108.00,203.59,0.1077,-1,-1,-1
447,-1,1137.10,408.82,205.40,662.98,0.7913,-1,-1,-1
447,-1,1338.14,426.21,115.82,335.82,0.7831,-1,-1,-1
447,-1,476.03,438.47,107.21,286.43,0.7502,-1,-1,-1
447,-1,825.73,320.76,312.00,663.03,0.6468,-1,-1,-1
447,-1,624.77,441.12,83.13,299.29,0.6223,-1,-1,-1
447,-1,305.54,508.35,84.03,134.56,0.5796,-1,-1,-1
447,-1,718.24,431.08,144.97,275.48,0.5436,-1,-1,-1
447,-1,1070.58,420.98,109.12,315.21,0.4974,-1,-1,-1
447,-1,582.80,456.80,67.27,197.29,0.4521,-1,-1,-1
447,-1,1254.35,424.62,103.22,352.35,0.3883,-1,-1,-1
447,-1,773.95,431.83,112.01,277.05,0.3166,-1,-1,-1
447,-1,630.12,446.15,77.32,213.91,0.2968,-1,-1,-1
447,-1,378.69,461.53,45.35,114.40,0.2646,-1,-1,-1
447,-1,719.39,444.87,106.79,261.38,0.2549,-1,-1,-1
447,-1,1883.67,393.56,35.59,252.27,0.2088,-1,-1,-1
447,-1,1071.08,421.87,110.31,471.81,0.2067,-1,-1,-1
447,-1,1256.75,424.24,98.74,190.28,0.1933,-1,-1,-1
447,-1,1670.14,418.33,114.16,218.28,0.1871,-1,-1,-1
447,-1,1890.98,420.86,28.34,218.75,0.1564,-1,-1,-1
447,-1,870.64,555.50,267.34,427.55,0.1442,-1,-1,-1
447,-1,1858.82,379.15,60.74,271.03,0.1338,-1,-1,-1
447,-1,1828.33,476.81,74.69,159.34,0.1119,-1,-1,-1
448,-1,1344.85,425.11,115.59,339.04,0.8006,-1,-1,-1
448,-1,1142.28,408.91,206.67,663.30,0.7456,-1,-1,-1
448,-1,489.14,438.88,95.49,280.82,0.7300,-1,-1,-1
448,-1,634.43,436.14,81.93,306.60,0.6639,-1,-1,-1
448,-1,1055.51,421.31,130.40,531.69,0.6177,-1,-1,-1
448,-1,305.08,507.53,79.45,143.78,0.5398,-1,-1,-1
448,-1,783.63,331.25,331.45,654.11,0.4950,-1,-1,-1
448,-1,727.11,454.33,126.03,249.86,0.3962,-1,-1,-1
448,-1,1253.31,425.25,109.69,380.92,0.3644,-1,-1,-1
448,-1,1876.32,384.39,42.94,263.94,0.3322,-1,-1,-1
448,-1,782.41,451.99,76.80,222.63,0.2970,-1,-1,-1
448,-1,601.39,437.95,113.73,306.79,0.2387,-1,-1,-1
448,-1,1057.61,418.35,125.56,377.99,0.2313,-1,-1,-1
448,-1,1855.98,381.89,63.57,266.94,0.2311,-1,-1,-1
448,-1,1887.58,404.50,31.72,230.75,0.2048,-1,-1,-1
448,-1,380.07,461.05,41.32,111.41,0.1813,-1,-1,-1
448,-1,1255.34,426.69,108.28,199.58,0.1568,-1,-1,-1
448,-1,1250.67,427.53,115.12,269.26,0.1518,-1,-1,-1
448,-1,725.50,464.74,78.50,236.65,0.1415,-1,-1,-1
448,-1,1056.18,423.29,128.64,216.11,0.1230,-1,-1,-1
448,-1,1222.50,414.88,147.00,429.32,0.1215,-1,-1,-1
448,-1,581.84,454.09,75.03,200.03,0.1212,-1,-1,-1
448,-1,1670.35,414.35,114.99,223.03,0.1021,-1,-1,-1
448,-1,416.91,460.66,37.19,105.70,0.1004,-1,-1,-1
449,-1,1037.13,423.68,147.38,535.00,0.7951,-1,-1,-1
449,-1,1349.10,425.17,117.00,336.94,0.7932,-1,-1,-1
449,-1,484.60,437.00,107.33,282.14,0.7759,-1,-1,-1
449,-1,1145.24,405.04,209.43,661.46,0.7680,-1,-1,-1
449,-1,738.79,331.98,328.25,646.05,0.7362,-1,-1,-1
449,-1,638.26,435.21,82.83,305.85,0.6736,-1,-1,-1
449,-1,293.01,509.93,86.38,140.17,0.4452,-1,-1,-1
449,-1,587.00,454.46,72.28,200.11,0.4416,-1,-1,-1
449,-1,1877.61,383.59,41.62,264.99,0.3078,-1,-1,-1
449,-1,1250.71,413.40,112.50,328.13,0.2819,-1,-1,-1
449,-1,380.06,461.22,42.54,111.86,0.2194,-1,-1,-1
449,-1,596.54,442.84,61.02,274.01,0.1977,-1,-1,-1
449,-1,1888.80,406.17,30.52,228.12,0.1958,-1,-1,-1
449,-1,1829.44,477.21,75.99,159.95,0.1616,-1,-1,-1
449,-1,1249.94,421.35,112.67,201.08,0.1451,-1,-1,-1
449,-1,412.84,338.21,658.35,733.45,0.1409,-1,-1,-1
449,-1,1854.64,392.51,64.91,260.25,0.1194,-1,-1,-1
449,-1,1669.35,413.12,115.67,223.22,0.1167,-1,-1,-1
449,-1,416.54,460.49,37.72,106.53,0.1025,-1,-1,-1
449,-1,1887.86,461.96,31.54,185.57,0.1003,-1,-1,-1
450,-1,1037.62,421.55,152.16,528.22,0.8330,-1,-1,-1
450,-1,1147.73,404.52,210.85,664.97,0.8257,-1,-1,-1
450,-1,1348.24,424.86,128.80,335.55,0.7985,-1,-1,-1
450,-1,490.55,436.20,108.13,289.30,0.7349,-1,-1,-1
450,-1,642.20,436.34,78.50,299.37,0.7050,-1,-1,-1
450,-1,718.01,335.79,317.93,638.88,0.6486,-1,-1,-1
450,-1,287.54,521.07,83.01,128.48,0.4257,-1,-1,-1
450,-1,595.37,465.66,64.48,180.82,0.4069,-1,-1,-1
450,-1,1876.36,387.16,42.90,261.06,0.3796,-1,-1,-1
450,-1,1252.46,413.26,114.23,349.15,0.1878,-1,-1,-1
450,-1,600.92,443.12,64.14,286.00,0.1427,-1,-1,-1
450,-1,1670.41,414.23,116.43,223.96,0.1383,-1,-1,-1
450,-1,369.96,337.10,664.65,735.34,0.1343,-1,-1,-1
450,-1,715.90,453.15,37.86,88.10,0.1246,-1,-1,-1
450,-1,376.41,466.15,50.53,107.41,0.1166,-1,-1,-1
450,-1,1856.75,392.18,62.40,249.95,0.1151,-1,-1,-1
450,-1,290.50,454.30,77.26,194.39,0.1091,-1,-1,-1
451,-1,1136.79,402.32,260.82,659.94,0.8304,-1,-1,-1
451,-1,1341.29,421.71,136.85,341.56,0.8192,-1,-1,-1
451,-1,1037.40,420.20,158.62,530.87,0.8149,-1,-1,-1
451,-1,500.37,442.47,114.67,282.60,0.7510,-1,-1,-1
451,-1,645.53,435.22,83.38,299.94,0.6845,-1,-1,-1
451,-1,701.89,345.33,304.93,641.68,0.6279,-1,-1,-1
451,-1,1876.21,386.44,43.06,262.55,0.3977,-1,-1,-1
451,-1,1277.34,430.99,92.78,317.90,0.2979,-1,-1,-1
451,-1,1858.73,384.52,60.82,265.85,0.2820,-1,-1,-1
451,-1,593.22,475.81,68.50,162.73,0.2810,-1,-1,-1
451,-1,277.38,527.34,85.72,121.70,0.2749,-1,-1,-1
451,-1,1670.89,411.93,115.31,226.68,0.1958,-1,-1,-1
451,-1,496.02,459.09,103.33,217.52,0.1420,-1,-1,-1
451,-1,417.66,476.18,35.22,96.15,0.1278,-1,-1,-1
451,-1,376.91,466.53,48.92,106.37,0.1245,-1,-1,-1
451,-1,1006.87,441.72,33.91,82.40,0.1165,-1,-1,-1
451,-1,380.79,463.33,40.11,65.10,0.1057,-1,-1,-1
451,-1,1841.78,477.98,75.93,174.30,0.1007,-1,-1,-1
452,-1,1359.22,416.91,127.25,346.98,0.8448,-1,-1,-1
452,-1,1092.59,404.78,330.74,675.22,0.8221,-1,-1,-1
452,-1,1039.28,419.83,162.71,532.72,0.7888,-1,-1,-1
452,-1,497.32,442.00,117.78,281.52,0.7725,-1,-1,-1
452,-1,664.20,354.33,307.28,642.17,0.5470,-1,-1,-1
452,-1,1876.65,386.88,42.61,261.88,0.4001,-1,-1,-1
452,-1,654.02,468.75,66.36,196.19,0.3727,-1,-1,-1
452,-1,1281.31,434.85,94.34,319.43,0.2727,-1,-1,-1
452,-1,265.61,531.49,87.78,113.37,0.2219,-1,-1,-1
452,-1,376.12,463.95,50.04,108.75,0.1979,-1,-1,-1
452,-1,601.98,480.32,66.39,164.85,0.1900,-1,-1,-1
452,-1,1669.61,412.62,117.83,224.88,0.1628,-1,-1,-1
452,-1,416.98,457.47,37.81,110.06,0.1556,-1,-1,-1
452,-1,294.30,361.69,655.74,709.50,0.1482,-1,-1,-1
452,-1,295.91,700.79,647.11,370.89,0.1344,-1,-1,-1
452,-1,1854.71,386.88,64.83,265.83,0.1306,-1,-1,-1
452,-1,604.07,474.04,101.60,178.66,0.1225,-1,-1,-1
452,-1,1292.49,437.81,74.22,166.29,0.1190,-1,-1,-1
452,-1,1004.32,440.21,35.20,83.93,0.1109,-1,-1,-1
453,-1,1365.95,415.91,123.91,345.04,0.8828,-1,-1,-1
453,-1,500.24,441.47,133.55,278.73,0.8308,-1,-1,-1
453,-1,1153.11,411.45,291.31,661.49,0.8186,-1,-1,-1
453,-1,1042.89,421.84,159.84,529.04,0.7877,-1,-1,-1
453,-1,612.77,362.40,321.37,630.40,0.5107,-1,-1,-1
453,-1,1871.80,386.84,47.44,259.46,0.4074,-1,-1,-1
453,-1,259.79,521.64,87.92,122.93,0.3611,-1,-1,-1
453,-1,618.22,479.98,50.98,160.07,0.3024,-1,-1,-1
453,-1,832.52,415.02,51.40,132.66,0.2870,-1,-1,-1
453,-1,379.08,460.05,49.10,113.29,0.2801,-1,-1,-1
453,-1,596.42,476.63,75.34,164.54,0.2715,-1,-1,-1
453,-1,1274.70,418.49,108.61,300.91,0.2378,-1,-1,-1
453,-1,1290.16,442.60,101.07,250.15,0.2070,-1,-1,-1
453,-1,1669.71,415.24,118.77,221.78,0.1772,-1,-1,-1
453,-1,916.59,497.87,66.15,89.72,0.1413,-1,-1,-1
453,-1,620.14,485.02,49.15,98.87,0.1376,-1,-1,-1
453,-1,417.72,455.84,36.90,108.78,0.1242,-1,-1,-1
453,-1,467.64,443.78,32.51,92.83,0.1028,-1,-1,-1
453,-1,1845.68,429.07,73.34,216.40,0.1024,-1,-1,-1
454,-1,1150.56,411.36,302.35,665.58,0.8791,-1,-1,-1
454,-1,1373.03,417.54,124.30,349.10,0.8616,-1,-1,-1
454,-1,503.97,437.65,108.52,282.39,0.7912,-1,-1,-1
454,-1,1051.01,418.77,153.54,534.86,0.7835,-1,-1,-1
454,-1,254.52,513.26,86.43,132.75,0.6402,-1,-1,-1
454,-1,565.45,372.71,335.63,654.02,0.4305,-1,-1,-1
454,-1,823.39,425.88,64.89,162.31,0.4007,-1,-1,-1
454,-1,821.49,426.98,70.43,250.98,0.3767,-1,-1,-1
454,-1,1866.89,384.72,52.67,262.57,0.3732,-1,-1,-1
454,-1,380.17,460.14,46.84,113.82,0.3124,-1,-1,-1
454,-1,1882.84,400.22,36.48,242.97,0.2591,-1,-1,-1
454,-1,1669.22,413.53,119.30,223.69,0.2266,-1,-1,-1
454,-1,1293.90,442.41,97.44,248.56,0.2093,-1,-1,-1
454,-1,557.92,391.86,476.45,678.88,0.1481,-1,-1,-1
454,-1,418.64,459.71,36.69,106.12,0.1479,-1,-1,-1
454,-1,466.44,447.37,34.81,91.54,0.1372,-1,-1,-1
454,-1,1011.02,449.51,33.55,76.11,0.1169,-1,-1,-1
455,-1,1375.14,418.21,125.53,351.33,0.8725,-1,-1,-1
455,-1,1149.13,410.69,298.78,667.87,0.8658,-1,-1,-1
455,-1,1049.45,419.37,166.19,537.79,0.7917,-1,-1,-1
455,-1,817.28,416.44,83.01,290.32,0.6759,-1,-1,-1
455,-1,508.86,455.89,88.74,253.30,0.5837,-1,-1,-1
455,-1,242.90,518.11,93.13,129.31,0.5241,-1,-1,-1
455,-1,500.27,386.44,364.22,634.04,0.4279,-1,-1,-1
455,-1,1872.97,387.32,46.30,262.84,0.3974,-1,-1,-1
455,-1,378.75,455.48,49.80,118.12,0.3251,-1,-1,-1
455,-1,777.04,439.36,41.63,111.15,0.1706,-1,-1,-1
455,-1,1669.31,447.04,46.03,140.98,0.1684,-1,-1,-1
455,-1,419.19,459.91,37.34,104.52,0.1565,-1,-1,-1
455,-1,1670.22,415.77,118.54,220.29,0.1520,-1,-1,-1
455,-1,919.62,489.05,66.66,95.16,0.1349,-1,-1,-1
455,-1,1304.66,446.73,108.73,243.82,0.1309,-1,-1,-1
455,-1,777.15,426.18,77.81,263.65,0.1276,-1,-1,-1
455,-1,467.25,451.94,33.23,96.13,0.1255,-1,-1,-1
455,-1,777.78,444.61,61.11,190.34,0.1096,-1,-1,-1
456,-1,1379.58,420.04,126.75,353.97,0.8896,-1,-1,-1
456,-1,1149.73,414.18,311.08,660.49,0.8557,-1,-1,-1
456,-1,1055.15,421.41,166.04,540.85,0.7660,-1,-1,-1
456,-1,809.60,411.59,92.75,297.67,0.6736,-1,-1,-1
456,-1,457.00,393.47,381.61,626.14,0.5185,-1,-1,-1
456,-1,239.76,520.81,89.64,125.30,0.4797,-1,-1,-1
456,-1,1872.56,388.90,46.72,260.50,0.3393,-1,-1,-1
456,-1,379.90,458.08,48.90,115.78,0.2881,-1,-1,-1
456,-1,1307.81,440.69,101.07,247.83,0.2384,-1,-1,-1
456,-1,777.88,440.01,45.37,108.58,0.2256,-1,-1,-1
456,-1,521.95,465.22,42.75,116.63,0.1995,-1,-1,-1
456,-1,321.89,451.77,36.61,112.25,0.1569,-1,-1,-1
456,-1,1671.39,417.55,117.11,218.71,0.1503,-1,-1,-1
456,-1,777.04,420.08,88.17,275.14,0.1486,-1,-1,-1
456,-1,823.91,429.58,68.78,263.35,0.1463,-1,-1,-1
456,-1,1670.90,441.84,47.78,144.82,0.1418,-1,-1,-1
456,-1,1309.60,437.51,72.67,172.99,0.1391,-1,-1,-1
456,-1,418.28,459.08,39.44,106.99,0.1330,-1,-1,-1
456,-1,774.84,429.20,67.48,261.16,0.1292,-1,-1,-1
456,-1,376.38,471.61,63.49,103.27,0.1173,-1,-1,-1
456,-1,1280.91,429.75,101.26,185.13,0.1051,-1,-1,-1
456,-1,462.18,449.61,36.32,102.56,0.1033,-1,-1,-1
457,-1,1383.77,422.25,131.26,356.23,0.8986,-1,-1,-1
457,-1,1150.61,407.87,276.57,666.36,0.8654,-1,-1,-1
457,-1,1067.39,421.98,149.93,541.69,0.7345,-1,-1,-1
457,-1,410.95,394.96,389.49,654.31,0.6934,-1,-1,-1
457,-1,809.29,413.80,89.55,292.12,0.5855,-1,-1,-1
457,-1,234.39,513.72,88.23,133.08,0.5733,-1,-1,-1
457,-1,688.67,445.73,63.92,179.83,0.4465,-1,-1,-1
457,-1,1873.60,391.26,45.69,256.30,0.3116,-1,-1,-1
457,-1,782.73,444.59,33.44,109.29,0.2685,-1,-1,-1
457,-1,380.52,457.99,47.28,115.62,0.2396,-1,-1,-1
457,-1,1082.84,433.15,69.07,142.71,0.1969,-1,-1,-1
457,-1,786.57,423.05,78.99,271.81,0.1677,-1,-1,-1
457,-1,418.23,454.92,40.38,110.74,0.1371,-1,-1,-1
457,-1,1311.83,454.04,90.57,234.10,0.1359,-1,-1,-1
457,-1,1670.07,443.55,45.27,143.45,0.1192,-1,-1,-1
457,-1,1671.45,413.53,117.93,222.24,0.1147,-1,-1,-1
457,-1,470.91,442.90,29.34,79.30,0.1135,-1,-1,-1
457,-1,1859.66,427.03,59.69,227.63,0.1090,-1,-1,-1
458,-1,1151.19,407.18,299.46,665.29,0.8581,-1,-1,-1
458,-1,1388.77,424.55,136.88,358.74,0.8401,-1,-1,-1
458,-1,1068.58,425.25,159.29,531.78,0.7962,-1,-1,-1
458,-1,822.38,411.85,82.27,293.43,0.6642,-1,-1,-1
458,-1,665.38,442.66,128.13,290.16,0.6328,-1,-1,-1
458,-1,429.73,388.10,325.96,681.95,0.6190,-1,-1,-1
458,-1,221.37,515.23,94.12,131.23,0.3993,-1,-1,-1
458,-1,1873.77,390.37,45.52,257.40,0.3071,-1,-1,-1
458,-1,380.30,458.50,48.20,115.88,0.2495,-1,-1,-1
458,-1,688.37,443.46,85.66,285.86,0.2490,-1,-1,-1
458,-1,784.13,424.01,76.14,270.36,0.2195,-1,-1,-1
458,-1,1670.13,444.67,44.27,141.67,0.1636,-1,-1,-1
458,-1,784.04,440.72,38.89,111.19,0.1469,-1,-1,-1
458,-1,1081.54,435.77,71.77,144.57,0.1214,-1,-1,-1
458,-1,56.65,386.05,655.06,685.22,0.1207,-1,-1,-1
458,-1,1670.63,415.92,118.54,217.75,0.1153,-1,-1,-1
458,-1,420.37,478.83,36.51,90.97,0.1036,-1,-1,-1
458,-1,1308.19,424.37,93.15,265.55,0.1028,-1,-1,-1
459,-1,1154.76,408.23,312.90,663.12,0.8703,-1,-1,-1
459,-1,1392.06,426.18,150.87,359.07,0.8676,-1,-1,-1
459,-1,351.96,385.29,386.70,684.21,0.8348,-1,-1,-1
459,-1,1080.87,422.30,154.68,538.22,0.8041,-1,-1,-1
459,-1,667.07,441.41,125.97,291.44,0.6793,-1,-1,-1
459,-1,825.80,414.54,81.40,288.22,0.6153,-1,-1,-1
459,-1,212.32,520.24,92.26,124.27,0.4815,-1,-1,-1
459,-1,1872.29,387.00,46.97,262.77,0.3409,-1,-1,-1
459,-1,379.37,458.73,50.25,115.28,0.3276,-1,-1,-1
459,-1,785.71,432.54,59.89,253.16,0.1641,-1,-1,-1
459,-1,789.71,434.99,78.40,258.23,0.1623,-1,-1,-1
459,-1,786.95,439.37,48.84,142.37,0.1577,-1,-1,-1
459,-1,786.30,441.42,41.70,119.59,0.1481,-1,-1,-1
459,-1,1670.19,443.76,43.73,143.14,0.1307,-1,-1,-1
459,-1,319.19,455.57,39.43,113.57,0.1162,-1,-1,-1
460,-1,1396.28,426.58,165.01,361.81,0.8667,-1,-1,-1
460,-1,1155.42,412.19,310.31,659.39,0.8601,-1,-1,-1
460,-1,1099.84,416.79,137.62,550.20,0.8069,-1,-1,-1
460,-1,667.02,436.76,127.11,298.64,0.6990,-1,-1,-1
460,-1,203.14,515.35,93.94,133.70,0.6469,-1,-1,-1
460,-1,816.78,412.33,98.36,290.13,0.6372,-1,-1,-1
460,-1,326.38,380.40,386.87,677.06,0.5408,-1,-1,-1
460,-1,579.47,439.26,52.54,130.82,0.3933,-1,-1,-1
460,-1,1873.67,395.43,45.63,251.63,0.2945,-1,-1,-1
460,-1,1854.34,384.26,65.21,266.25,0.2301,-1,-1,-1
460,-1,790.99,442.45,72.23,247.06,0.1806,-1,-1,-1
460,-1,787.90,451.77,54.02,145.14,0.1354,-1,-1,-1
460,-1,784.53,441.55,42.12,118.78,0.1166,-1,-1,-1
460,-1,1835.51,416.79,83.54,230.58,0.1145,-1,-1,-1
460,-1,1669.60,444.09,45.85,141.91,0.1123,-1,-1,-1
461,-1,1399.09,428.00,168.71,366.94,0.8585,-1,-1,-1
461,-1,1158.80,411.75,308.90,659.67,0.8412,-1,-1,-1
461,-1,1106.83,417.73,137.63,549.37,0.7863,-1,-1,-1
461,-1,286.61,373.81,331.60,694.36,0.7241,-1,-1,-1
461,-1,663.91,433.28,133.06,303.03,0.7063,-1,-1,-1
461,-1,804.17,411.37,114.89,292.28,0.6819,-1,-1,-1
461,-1,199.50,519.61,89.35,128.17,0.4601,-1,-1,-1
461,-1,227.10,522.61,61.53,124.41,0.3677,-1,-1,-1
461,-1,588.84,440.52,48.82,126.44,0.3099,-1,-1,-1
461,-1,1873.27,387.22,46.02,262.86,0.3028,-1,-1,-1
461,-1,1852.22,382.57,67.33,267.83,0.2108,-1,-1,-1
461,-1,551.97,443.34,126.64,616.57,0.1608,-1,-1,-1
461,-1,561.52,440.15,76.06,125.93,0.1243,-1,-1,-1
461,-1,786.57,451.53,48.76,135.72,0.1182,-1,-1,-1
462,-1,1405.44,427.26,165.95,370.90,0.8645,-1,-1,-1
462,-1,1162.42,407.03,304.74,663.40,0.8456,-1,-1,-1
462,-1,1100.28,421.23,155.09,552.22,0.7866,-1,-1,-1
462,-1,263.09,365.88,354.15,701.10,0.7654,-1,-1,-1
462,-1,670.20,437.08,127.24,301.16,0.7483,-1,-1,-1
462,-1,803.32,412.53,116.33,292.80,0.7285,-1,-1,-1
462,-1,567.18,440.44,87.12,266.61,0.4155,-1,-1,-1
462,-1,1874.00,386.37,45.28,264.94,0.3048,-1,-1,-1
462,-1,594.75,439.64,56.60,230.68,0.2521,-1,-1,-1
462,-1,1048.76,430.76,42.65,141.04,0.2461,-1,-1,-1
462,-1,1849.30,382.37,70.24,268.19,0.1850,-1,-1,-1
462,-1,592.34,436.23,49.53,131.88,0.1498,-1,-1,-1
462,-1,225.12,528.50,57.20,119.55,0.1454,-1,-1,-1
462,-1,1669.94,412.13,118.10,224.23,0.1288,-1,-1,-1
462,-1,1668.54,442.19,43.57,143.39,0.1068,-1,-1,-1
463,-1,1410.79,427.09,167.44,374.78,0.8610,-1,-1,-1
463,-1,1165.94,405.50,301.78,667.30,0.8522,-1,-1,-1
463,-1,1113.86,416.56,147.41,553.97,0.8217,-1,-1,-1
463,-1,678.18,438.58,118.35,295.87,0.8047,-1,-1,-1
463,-1,259.12,361.45,359.33,703.29,0.7580,-1,-1,-1
463,-1,809.15,409.45,111.60,294.50,0.7190,-1,-1,-1
463,-1,569.21,435.05,92.47,265.88,0.6231,-1,-1,-1
463,-1,1871.89,386.20,47.38,264.53,0.3126,-1,-1,-1
463,-1,1044.06,432.29,51.23,148.54,0.2987,-1,-1,-1
463,-1,1847.12,382.41,72.42,268.20,0.2098,-1,-1,-1
463,-1,525.27,451.11,46.23,109.35,0.1936,-1,-1,-1
463,-1,1670.29,410.42,117.38,225.37,0.1783,-1,-1,-1
463,-1,524.91,450.71,70.96,119.31,0.1711,-1,-1,-1
463,-1,526.02,450.33,71.54,174.86,0.1223,-1,-1,-1
463,-1,781.08,447.90,42.04,139.08,0.1190,-1,-1,-1
463,-1,1668.82,444.12,44.11,142.21,0.1023,-1,-1,-1
464,-1,1420.05,423.05,158.02,377.85,0.8670,-1,-1,-1
464,-1,1173.83,405.65,293.41,666.98,0.8611,-1,-1,-1
464,-1,1109.59,414.98,156.51,555.16,0.8043,-1,-1,-1
464,-1,684.32,436.13,111.13,294.38,0.7976,-1,-1,-1
464,-1,212.87,358.30,387.32,712.71,0.7812,-1,-1,-1
464,-1,807.85,409.52,111.72,295.01,0.7084,-1,-1,-1
464,-1,570.50,434.38,92.87,268.34,0.5147,-1,-1,-1
464,-1,513.60,451.34,71.75,190.87,0.3779,-1,-1,-1
464,-1,1873.76,394.12,45.52,254.51,0.3221,-1,-1,-1
464,-1,1856.57,385.20,62.96,261.90,0.3113,-1,-1,-1
464,-1,1045.26,431.01,45.27,142.63,0.2866,-1,-1,-1
464,-1,601.70,435.91,51.35,123.72,0.2489,-1,-1,-1
464,-1,1669.44,410.97,118.61,226.30,0.2117,-1,-1,-1
464,-1,598.54,431.57,62.86,254.16,0.1462,-1,-1,-1
464,-1,514.01,453.72,66.09,130.94,0.1305,-1,-1,-1
464,-1,1089.94,417.89,66.22,159.00,0.1128,-1,-1,-1
464,-1,1105.69,426.66,49.05,149.16,0.1112,-1,-1,-1
465,-1,1428.79,423.88,149.47,377.79,0.8646,-1,-1,-1
465,-1,164.98,362.78,409.83,705.34,0.8110,-1,-1,-1
465,-1,1189.86,400.81,273.71,668.65,0.7850,-1,-1,-1
465,-1,1116.86,417.77,165.88,549.99,0.7615,-1,-1,-1
465,-1,692.72,435.43,108.15,295.23,0.7255,-1,-1,-1
465,-1,822.80,411.39,96.85,291.72,0.6883,-1,-1,-1
465,-1,568.27,432.12,98.58,273.18,0.6613,-1,-1,-1
465,-1,509.87,457.43,78.48,196.18,0.3587,-1,-1,-1
465,-1,1874.98,388.11,44.29,259.09,0.3066,-1,-1,-1
465,-1,1855.94,385.28,63.61,264.95,0.2454,-1,-1,-1
465,-1,1045.17,430.76,44.02,144.14,0.2263,-1,-1,-1
465,-1,1264.25,402.31,185.86,505.08,0.1732,-1,-1,-1
465,-1,458.62,507.92,44.42,69.88,0.1431,-1,-1,-1
465,-1,1670.68,411.49,116.87,224.59,0.1377,-1,-1,-1
465,-1,1108.79,428.45,43.86,150.69,0.1066,-1,-1,-1
466,-1,1437.90,421.70,140.19,380.07,0.8535,-1,-1,-1
466,-1,151.37,367.23,399.81,700.46,0.7889,-1,-1,-1
466,-1,1119.74,421.86,165.27,549.83,0.7520,-1,-1,-1
466,-1,824.77,409.50,96.83,295.73,0.7266,-1,-1,-1
466,-1,1202.77,401.75,263.81,667.01,0.7146,-1,-1,-1
466,-1,712.09,436.41,98.31,295.77,0.6723,-1,-1,-1
466,-1,564.56,431.08,104.67,275.18,0.6437,-1,-1,-1
466,-1,1860.86,383.74,58.71,265.06,0.3826,-1,-1,-1
466,-1,0.50,641.11,338.27,430.04,0.3147,-1,-1,-1
466,-1,512.25,456.66,75.46,193.02,0.2921,-1,-1,-1
466,-1,1279.53,399.45,182.18,579.79,0.2689,-1,-1,-1
466,-1,599.89,427.99,66.76,272.26,0.2617,-1,-1,-1
466,-1,1879.25,393.84,40.05,250.65,0.2420,-1,-1,-1
466,-1,1087.70,425.92,63.51,160.39,0.1732,-1,-1,-1
466,-1,1669.97,411.34,117.93,225.32,0.1473,-1,-1,-1
466,-1,1045.10,431.09,45.19,144.35,0.1447,-1,-1,-1
466,-1,482.40,477.62,84.67,189.85,0.1436,-1,-1,-1
466,-1,1836.36,385.36,82.71,260.67,0.1162,-1,-1,-1
466,-1,460.99,470.42,40.40,120.98,0.1153,-1,-1,-1
467,-1,1449.66,418.20,132.33,384.54,0.8362,-1,-1,-1
467,-1,1220.95,399.89,253.38,664.30,0.7885,-1,-1,-1
467,-1,1116.59,423.17,163.00,547.25,0.7627,-1,-1,-1
467,-1,825.60,409.88,94.85,294.74,0.7372,-1,-1,-1
467,-1,124.79,370.37,389.82,697.36,0.7166,-1,-1,-1
467,-1,695.98,436.16,117.47,296.80,0.7073,-1,-1,-1
467,-1,579.49,429.29,90.36,276.43,0.6724,-1,-1,-1
467,-1,509.42,457.44,71.49,192.71,0.4379,-1,-1,-1
467,-1,1870.29,387.67,48.98,260.14,0.3263,-1,-1,-1
467,-1,1849.66,385.55,69.86,261.71,0.3162,-1,-1,-1
467,-1,427.46,499.06,65.58,120.90,0.2864,-1,-1,-1
467,-1,1048.83,434.78,42.21,138.99,0.2081,-1,-1,-1
467,-1,1276.51,450.49,60.72,236.47,0.1343,-1,-1,-1
467,-1,1081.19,433.73,68.94,153.90,0.1146,-1,-1,-1
467,-1,1276.51,443.87,59.08,148.38,0.1020,-1,-1,-1
467,-1,1285.34,409.28,189.83,478.64,0.1008,-1,-1,-1
467,-1,386.24,461.98,71.59,102.11,0.1004,-1,-1,-1
468,-1,1460.78,415.38,126.87,385.36,0.8332,-1,-1,-1
468,-1,1244.24,400.85,244.19,668.87,0.8235,-1,-1,-1
468,-1,1121.40,422.40,160.55,547.26,0.7693,-1,-1,-1
468,-1,828.20,409.59,93.14,295.50,0.7647,-1,-1,-1
468,-1,97.97,373.63,368.01,696.50,0.7585,-1,-1,-1
468,-1,706.85,435.24,111.06,295.13,0.7178,-1,-1,-1
468,-1,583.87,433.50,88.06,267.54,0.7050,-1,-1,-1
468,-1,501.96,456.58,73.35,188.06,0.5520,-1,-1,-1
468,-1,1871.37,386.01,47.87,262.05,0.3851,-1,-1,-1
468,-1,431.26,498.71,57.79,127.39,0.3131,-1,-1,-1
468,-1,557.92,450.77,39.70,94.97,0.2103,-1,-1,-1
468,-1,604.70,446.89,64.20,254.48,0.1923,-1,-1,-1
468,-1,1277.99,453.09,63.74,236.04,0.1796,-1,-1,-1
468,-1,1048.26,443.83,42.51,124.08,0.1779,-1,-1,-1
468,-1,1278.51,443.74,65.38,148.82,0.1539,-1,-1,-1
468,-1,378.97,448.77,49.99,93.83,0.1362,-1,-1,-1
468,-1,378.15,448.85,69.98,107.31,0.1215,-1,-1,-1
468,-1,440.17,483.51,53.24,119.01,0.1203,-1,-1,-1
468,-1,553.57,446.65,46.78,82.97,0.1187,-1,-1,-1
468,-1,1835.83,385.87,83.28,258.57,0.1137,-1,-1,-1
468,-1,1083.26,441.65,64.23,146.94,0.1108,-1,-1,-1
469,-1,1472.99,412.73,122.80,389.96,0.8795,-1,-1,-1
469,-1,1260.94,403.41,244.78,668.58,0.8574,-1,-1,-1
469,-1,1125.41,422.61,156.95,554.59,0.7869,-1,-1,-1
469,-1,65.93,387.70,333.95,682.52,0.7857,-1,-1,-1
469,-1,831.01,412.72,90.10,291.13,0.7814,-1,-1,-1
469,-1,581.33,434.10,92.08,267.19,0.7428,-1,-1,-1
469,-1,730.39,435.55,92.56,295.98,0.7052,-1,-1,-1
469,-1,497.93,462.88,80.17,182.07,0.4770,-1,-1,-1
469,-1,418.10,500.65,67.14,131.22,0.3934,-1,-1,-1
469,-1,1874.80,385.39,44.45,262.04,0.3295,-1,-1,-1
469,-1,495.13,464.91,69.89,147.51,0.2018,-1,-1,-1
469,-1,1852.26,382.66,67.29,266.80,0.2013,-1,-1,-1
469,-1,556.01,451.93,40.66,93.33,0.2005,-1,-1,-1
469,-1,0.43,638.11,205.26,427.83,0.1841,-1,-1,-1
469,-1,1256.69,420.70,87.56,506.23,0.1716,-1,-1,-1
469,-1,1283.12,464.75,63.00,216.06,0.1498,-1,-1,-1
469,-1,375.35,459.87,52.55,111.26,0.1468,-1,-1,-1
469,-1,1051.73,437.42,38.78,134.41,0.1267,-1,-1,-1
469,-1,379.82,451.39,45.74,102.11,0.1173,-1,-1,-1
470,-1,1481.03,410.52,121.25,390.15,0.8847,-1,-1,-1
470,-1,1282.01,402.01,228.67,670.13,0.8493,-1,-1,-1
470,-1,1127.95,419.38,165.64,586.73,0.7651,-1,-1,-1
470,-1,737.71,434.73,96.25,295.10,0.7577,-1,-1,-1
470,-1,831.31,412.99,90.65,291.82,0.7367,-1,-1,-1
470,-1,582.50,432.59,93.60,269.76,0.6911,-1,-1,-1
470,-1,23.74,391.74,353.53,677.09,0.6592,-1,-1,-1
470,-1,485.17,467.70,85.08,181.20,0.3618,-1,-1,-1
470,-1,409.05,500.21,83.22,151.38,0.3595,-1,-1,-1
470,-1,1871.27,385.60,47.97,261.45,0.3484,-1,-1,-1
470,-1,1887.51,397.20,31.83,240.32,0.2269,-1,-1,-1
470,-1,392.25,497.47,90.29,146.40,0.2160,-1,-1,-1
470,-1,1268.68,405.60,105.53,528.11,0.1998,-1,-1,-1
470,-1,422.27,502.49,62.34,125.00,0.1749,-1,-1,-1
470,-1,557.71,450.97,39.86,91.67,0.1736,-1,-1,-1
470,-1,1043.44,441.03,45.70,122.49,0.1548,-1,-1,-1
470,-1,508.13,456.32,86.89,198.75,0.1371,-1,-1,-1
470,-1,1289.18,419.82,78.40,221.80,0.1338,-1,-1,-1
470,-1,379.69,461.71,45.71,99.09,0.1320,-1,-1,-1
470,-1,1057.52,444.20,33.16,121.87,0.1119,-1,-1,-1
470,-1,1835.08,385.58,84.02,259.89,0.1106,-1,-1,-1
470,-1,1082.20,449.71,65.08,140.69,0.1106,-1,-1,-1
470,-1,458.43,479.19,102.49,169.42,0.1085,-1,-1,-1
471,-1,1487.96,409.90,119.20,387.30,0.8738,-1,-1,-1
471,-1,1303.04,406.67,218.46,664.90,0.8028,-1,-1,-1
471,-1,1133.77,418.51,172.43,590.75,0.7755,-1,-1,-1
471,-1,739.20,433.96,108.51,298.34,0.7397,-1,-1,-1
471,-1,832.63,410.62,91.33,293.18,0.7003,-1,-1,-1
471,-1,583.41,437.21,97.61,269.91,0.6944,-1,-1,-1
471,-1,12.98,397.55,402.93,671.69,0.6320,-1,-1,-1
471,-1,412.23,497.97,63.32,137.22,0.4121,-1,-1,-1
471,-1,1870.91,385.69,48.33,261.62,0.3922,-1,-1,-1
471,-1,489.20,458.70,77.41,189.52,0.3739,-1,-1,-1
471,-1,1886.40,396.72,32.93,240.38,0.2435,-1,-1,-1
471,-1,1293.30,415.35,83.43,185.60,0.1863,-1,-1,-1
471,-1,1254.66,430.26,120.85,495.90,0.1818,-1,-1,-1
471,-1,488.39,468.89,65.01,143.53,0.1710,-1,-1,-1
471,-1,410.22,496.81,92.31,153.75,0.1655,-1,-1,-1
471,-1,1290.17,410.76,87.38,501.24,0.1540,-1,-1,-1
471,-1,379.76,463.82,44.21,96.93,0.1400,-1,-1,-1
471,-1,1837.40,401.06,81.75,247.10,0.1358,-1,-1,-1
471,-1,520.27,458.55,38.41,133.62,0.1226,-1,-1,-1
471,-1,694.48,466.81,28.91,58.96,0.1203,-1,-1,-1
471,-1,1083.56,444.63,63.82,145.63,0.1135,-1,-1,-1
471,-1,1293.45,422.26,74.84,237.22,0.1124,-1,-1,-1
471,-1,1293.97,471.95,71.88,127.70,0.1060,-1,-1,-1
472,-1,0.64,401.27,396.97,669.41,0.8539,-1,-1,-1
472,-1,1493.21,409.57,121.85,390.19,0.8511,-1,-1,-1
472,-1,1138.28,418.97,161.63,591.06,0.7859,-1,-1,-1
472,-1,1311.91,405.25,216.14,665.99,0.7852,-1,-1,-1
472,-1,741.03,434.55,111.11,295.16,0.7458,-1,-1,-1
472,-1,833.92,410.78,88.90,293.52,0.7287,-1,-1,-1
472,-1,586.67,441.56,95.61,263.75,0.6821,-1,-1,-1
472,-1,612.47,447.56,67.90,257.37,0.3887,-1,-1,-1
472,-1,486.62,462.02,76.78,183.42,0.3746,-1,-1,-1
472,-1,1874.07,385.81,45.18,260.14,0.3675,-1,-1,-1
472,-1,409.29,492.61,60.79,138.28,0.3215,-1,-1,-1
472,-1,1855.08,384.33,64.46,264.49,0.2736,-1,-1,-1
472,-1,1293.31,409.18,88.33,500.39,0.2706,-1,-1,-1
472,-1,471.02,468.41,80.03,180.23,0.2317,-1,-1,-1
472,-1,1887.28,396.76,32.03,240.11,0.2308,-1,-1,-1
472,-1,1259.00,409.43,124.43,512.06,0.2264,-1,-1,-1
472,-1,1296.01,412.50,86.00,200.26,0.1887,-1,-1,-1
472,-1,1296.55,414.57,81.34,277.04,0.1722,-1,-1,-1
472,-1,562.06,452.31,33.33,81.93,0.1590,-1,-1,-1
472,-1,1083.54,439.19,63.26,151.97,0.1501,-1,-1,-1
472,-1,408.41,484.02,52.95,111.37,0.1348,-1,-1,-1
472,-1,1044.06,441.74,45.21,119.52,0.1346,-1,-1,-1
472,-1,380.78,493.69,90.24,157.01,0.1259,-1,-1,-1
472,-1,1054.61,446.33,40.96,136.98,0.1021,-1,-1,-1
472,-1,1668.58,412.08,120.15,224.56,0.1017,-1,-1,-1
473,-1,1318.56,401.51,216.66,671.54,0.8221,-1,-1,-1
473,-1,1140.59,416.33,164.06,591.62,0.8120,-1,-1,-1
473,-1,1497.60,410.23,122.79,382.96,0.8082,-1,-1,-1
473,-1,737.51,435.92,116.43,294.20,0.7420,-1,-1,-1
473,-1,834.34,408.03,96.50,298.26,0.7238,-1,-1,-1
473,-1,596.34,438.29,91.03,266.58,0.7123,-1,-1,-1
473,-1,0.09,403.07,302.63,665.49,0.5896,-1,-1,-1
473,-1,1874.02,383.40,45.23,262.07,0.4368,-1,-1,-1
473,-1,451.61,470.99,89.70,174.46,0.3275,-1,-1,-1
473,-1,1887.85,392.67,31.44,241.53,0.2617,-1,-1,-1
473,-1,413.47,493.74,47.37,132.63,0.2457,-1,-1,-1
473,-1,1853.36,381.23,66.21,270.14,0.2355,-1,-1,-1
473,-1,1084.19,428.85,65.92,163.30,0.2151,-1,-1,-1
473,-1,1298.87,411.95,86.09,495.07,0.1908,-1,-1,-1
473,-1,1304.66,405.56,80.79,351.93,0.1737,-1,-1,-1
473,-1,1299.66,410.58,84.41,204.56,0.1723,-1,-1,-1
473,-1,1300.87,434.78,72.75,266.95,0.1539,-1,-1,-1
473,-1,560.86,451.70,33.86,82.19,0.1530,-1,-1,-1
473,-1,1053.38,439.25,37.73,133.75,0.1393,-1,-1,-1
473,-1,1668.55,411.01,118.79,225.76,0.1351,-1,-1,-1
473,-1,409.40,475.12,48.98,125.43,0.1342,-1,-1,-1
473,-1,414.51,474.13,127.48,174.73,0.1340,-1,-1,-1
473,-1,1835.84,481.81,80.47,168.53,0.1266,-1,-1,-1
473,-1,1264.25,405.37,118.96,514.87,0.1236,-1,-1,-1
473,-1,475.05,470.02,71.02,179.55,0.1215,-1,-1,-1
473,-1,1833.25,426.17,85.24,220.50,0.1001,-1,-1,-1
474,-1,1327.80,400.98,215.85,672.38,0.8246,-1,-1,-1
474,-1,1144.82,417.05,162.34,590.42,0.8108,-1,-1,-1
474,-1,1499.98,411.67,132.27,383.79,0.7775,-1,-1,-1
474,-1,737.24,437.81,117.09,291.65,0.7448,-1,-1,-1
474,-1,609.92,437.16,80.02,266.94,0.6912,-1,-1,-1
474,-1,834.74,407.01,87.92,295.99,0.6778,-1,-1,-1
474,-1,452.24,472.83,83.48,178.54,0.5543,-1,-1,-1
474,-1,0.27,398.77,343.08,672.21,0.5379,-1,-1,-1
474,-1,1877.10,385.69,42.16,261.18,0.3808,-1,-1,-1
474,-1,1300.42,413.54,89.38,480.36,0.3110,-1,-1,-1
474,-1,1858.27,384.22,61.28,265.52,0.3019,-1,-1,-1
474,-1,1266.08,403.60,121.16,517.85,0.2873,-1,-1,-1
474,-1,1086.89,438.35,61.01,153.26,0.2560,-1,-1,-1
474,-1,1669.31,411.54,118.18,227.19,0.1807,-1,-1,-1
474,-1,1305.59,405.16,86.41,204.93,0.1657,-1,-1,-1
474,-1,1304.04,408.85,85.09,273.08,0.1604,-1,-1,-1
474,-1,1831.53,478.57,70.17,158.15,0.1550,-1,-1,-1
474,-1,887.64,410.94,63.33,280.16,0.1535,-1,-1,-1
474,-1,1304.70,449.78,70.36,224.87,0.1445,-1,-1,-1
474,-1,843.47,408.41,108.49,290.19,0.1330,-1,-1,-1
474,-1,1837.51,476.70,79.23,174.25,0.1323,-1,-1,-1
474,-1,561.83,451.48,34.31,79.23,0.1294,-1,-1,-1
474,-1,402.83,504.19,55.10,117.05,0.1032,-1,-1,-1
474,-1,552.78,445.88,36.40,84.00,0.1018,-1,-1,-1
475,-1,0.34,394.76,326.10,673.42,0.8457,-1,-1,-1
475,-1,1148.12,417.66,162.17,590.79,0.8227,-1,-1,-1
475,-1,1329.52,400.10,218.54,674.07,0.8208,-1,-1,-1
475,-1,1505.74,413.87,137.18,389.90,0.7953,-1,-1,-1
475,-1,735.46,436.80,118.27,294.00,0.7579,-1,-1,-1
475,-1,607.86,439.33,84.87,267.40,0.7163,-1,-1,-1
475,-1,837.04,406.49,87.62,296.41,0.6433,-1,-1,-1
475,-1,452.91,472.86,79.65,179.43,0.5009,-1,-1,-1
475,-1,1872.56,386.91,46.72,260.56,0.3758,-1,-1,-1
475,-1,1088.29,428.11,60.47,165.28,0.3562,-1,-1,-1
475,-1,897.21,419.92,67.39,269.63,0.3103,-1,-1,-1
475,-1,1304.56,414.57,86.74,470.73,0.3016,-1,-1,-1
475,-1,862.52,414.01,103.20,279.86,0.2667,-1,-1,-1
475,-1,1852.47,386.30,67.07,265.77,0.2018,-1,-1,-1
475,-1,1307.80,415.65,81.83,265.82,0.1380,-1,-1,-1
475,-1,1669.59,410.28,119.03,228.74,0.1211,-1,-1,-1
475,-1,561.60,448.47,35.50,84.65,0.1098,-1,-1,-1
475,-1,546.21,441.05,33.70,90.35,0.1071,-1,-1,-1
476,-1,1509.42,413.54,162.45,393.11,0.8530,-1,-1,-1
476,-1,1152.88,415.89,165.95,593.11,0.8329,-1,-1,-1
476,-1,0.27,389.82,316.69,678.46,0.8059,-1,-1,-1
476,-1,1336.15,398.61,215.51,676.85,0.7892,-1,-1,-1
476,-1,602.64,442.50,95.63,263.35,0.7595,-1,-1,-1
476,-1,742.14,437.49,113.01,292.49,0.7574,-1,-1,-1
476,-1,434.83,472.77,90.36,181.60,0.6338,-1,-1,-1
476,-1,836.56,408.21,85.70,293.86,0.5964,-1,-1,-1
476,-1,362.75,486.68,81.28,166.96,0.4880,-1,-1,-1
476,-1,1089.20,425.90,61.89,167.92,0.4520,-1,-1,-1
476,-1,1297.50,409.27,98.36,564.51,0.4438,-1,-1,-1
476,-1,1871.61,386.87,47.65,260.83,0.3347,-1,-1,-1
476,-1,894.52,421.49,88.46,264.63,0.3210,-1,-1,-1
476,-1,1852.76,384.88,66.78,266.60,0.2686,-1,-1,-1
476,-1,1310.60,415.09,82.97,261.36,0.2323,-1,-1,-1
476,-1,1886.47,397.47,32.84,243.64,0.2059,-1,-1,-1
476,-1,562.58,447.53,36.72,84.13,0.1884,-1,-1,-1
476,-1,1668.28,411.05,119.77,226.40,0.1070,-1,-1,-1
477,-1,1515.67,408.42,172.90,401.20,0.8441,-1,-1,-1
477,-1,1156.02,418.26,164.98,591.28,0.8209,-1,-1,-1
477,-1,1338.82,397.83,214.79,677.23,0.7819,-1,-1,-1
477,-1,0.45,384.50,304.71,683.04,0.7752,-1,-1,-1
477,-1,744.11,436.28,111.20,294.25,0.7363,-1,-1,-1
477,-1,612.24,443.85,92.22,257.99,0.7266,-1,-1,-1
477,-1,838.88,410.34,81.17,291.06,0.5724,-1,-1,-1
477,-1,431.33,475.19,87.62,177.66,0.5600,-1,-1,-1
477,-1,1091.63,430.89,58.23,162.89,0.4702,-1,-1,-1
477,-1,1300.84,410.89,96.61,543.31,0.4267,-1,-1,-1
477,-1,899.75,429.09,90.19,253.31,0.3731,-1,-1,-1
477,-1,1879.95,396.49,39.35,249.56,0.3382,-1,-1,-1
477,-1,1859.35,386.96,60.21,263.93,0.3297,-1,-1,-1
477,-1,1313.25,413.71,82.08,276.33,0.3147,-1,-1,-1
477,-1,1832.92,475.89,66.33,161.51,0.2013,-1,-1,-1
477,-1,562.65,448.50,35.84,83.78,0.1919,-1,-1,-1
477,-1,367.75,466.35,66.73,177.49,0.1680,-1,-1,-1
477,-1,1668.49,411.49,117.97,227.13,0.1570,-1,-1,-1
477,-1,1844.16,469.26,69.91,181.66,0.1375,-1,-1,-1
477,-1,598.36,440.45,46.37,100.47,0.1249,-1,-1,-1
477,-1,530.89,441.75,29.95,88.91,0.1193,-1,-1,-1
477,-1,372.02,472.73,71.32,142.03,0.1059,-1,-1,-1
478,-1,1524.22,414.80,184.90,397.74,0.8746,-1,-1,-1
478,-1,1161.37,417.99,165.70,591.75,0.8033,-1,-1,-1
478,-1,1340.61,395.65,217.78,677.25,0.7825,-1,-1,-1
478,-1,743.19,438.46,112.29,295.10,0.7773,-1,-1,-1
478,-1,0.00,381.23,278.35,686.41,0.7531,-1,-1,-1
478,-1,616.90,442.62,89.09,246.40,0.6980,-1,-1,-1
478,-1,836.99,408.77,83.36,292.92,0.6243,-1,-1,-1
478,-1,426.34,474.69,85.20,179.54,0.5380,-1,-1,-1
478,-1,1091.99,426.56,58.51,167.74,0.4815,-1,-1,-1
478,-1,898.65,429.03,96.44,253.24,0.4725,-1,-1,-1
478,-1,363.73,477.00,93.55,176.41,0.3685,-1,-1,-1
478,-1,1316.78,431.88,81.02,286.86,0.3424,-1,-1,-1
478,-1,1875.88,386.51,43.39,258.79,0.3275,-1,-1,-1
478,-1,1309.41,409.48,93.68,523.44,0.3171,-1,-1,-1
478,-1,1889.46,403.61,29.87,231.84,0.2439,-1,-1,-1
478,-1,1854.17,384.11,65.40,268.01,0.2353,-1,-1,-1
478,-1,561.06,448.23,36.03,85.71,0.2166,-1,-1,-1
478,-1,1831.90,478.28,68.36,158.90,0.1795,-1,-1,-1
478,-1,597.77,441.40,45.73,99.73,0.1715,-1,-1,-1
478,-1,528.24,444.32,32.55,84.97,0.1491,-1,-1,-1
478,-1,1842.27,479.45,70.52,171.14,0.1476,-1,-1,-1
478,-1,1671.33,416.03,114.93,222.25,0.1376,-1,-1,-1
478,-1,366.50,449.80,82.20,154.28,0.1205,-1,-1,-1
478,-1,1887.59,457.74,31.82,190.35,0.1172,-1,-1,-1
478,-1,1047.74,453.06,39.97,111.20,0.1157,-1,-1,-1
478,-1,536.85,451.57,27.87,77.41,0.1031,-1,-1,-1
479,-1,0.00,380.18,255.58,687.36,0.8721,-1,-1,-1
479,-1,1529.09,414.21,199.72,403.99,0.8515,-1,-1,-1
479,-1,1165.26,418.87,168.54,591.34,0.7936,-1,-1,-1
479,-1,1346.09,395.47,218.96,678.70,0.7774,-1,-1,-1
479,-1,754.57,440.31,106.27,292.37,0.7354,-1,-1,-1
479,-1,611.84,446.16,101.17,252.42,0.7195,-1,-1,-1
479,-1,899.89,437.50,99.93,247.97,0.5527,-1,-1,-1
479,-1,1091.15,425.80,60.83,169.62,0.5423,-1,-1,-1
479,-1,424.10,474.02,78.66,177.66,0.5160,-1,-1,-1
479,-1,841.73,416.41,77.17,284.61,0.5043,-1,-1,-1
479,-1,367.62,481.84,76.10,170.97,0.4427,-1,-1,-1
479,-1,1315.80,410.65,91.41,559.05,0.3986,-1,-1,-1
479,-1,1878.06,396.08,41.22,245.29,0.3640,-1,-1,-1
479,-1,1319.74,424.35,85.52,331.15,0.2784,-1,-1,-1
479,-1,1855.99,385.03,63.56,264.85,0.2777,-1,-1,-1
479,-1,561.62,449.43,35.44,85.41,0.2551,-1,-1,-1
479,-1,1668.54,415.56,118.56,222.72,0.1664,-1,-1,-1
479,-1,1050.70,449.16,45.16,131.74,0.1389,-1,-1,-1
479,-1,532.63,450.19,27.43,79.38,0.1280,-1,-1,-1
479,-1,552.58,442.57,40.74,91.50,0.1174,-1,-1,-1
479,-1,598.58,442.49,42.94,95.12,0.1151,-1,-1,-1
479,-1,1060.46,450.59,31.29,109.31,0.1098,-1,-1,-1
479,-1,1828.15,478.48,71.84,157.85,0.1074,-1,-1,-1
480,-1,1535.35,415.80,201.40,407.12,0.8662,-1,-1,-1
480,-1,1168.93,416.85,166.19,593.47,0.8082,-1,-1,-1
480,-1,1352.71,397.53,227.92,677.04,0.8040,-1,-1,-1
480,-1,0.00,382.94,236.16,685.52,0.8019,-1,-1,-1
480,-1,610.91,437.54,107.12,254.37,0.7458,-1,-1,-1
480,-1,759.39,438.50,101.37,291.40,0.6967,-1,-1,-1
480,-1,842.04,409.43,81.71,293.75,0.5936,-1,-1,-1
480,-1,902.29,436.77,99.81,249.35,0.5924,-1,-1,-1
480,-1,1090.79,430.53,60.39,162.33,0.5172,-1,-1,-1
480,-1,1326.43,409.69,88.21,573.84,0.4369,-1,-1,-1
480,-1,1877.48,393.84,41.79,249.73,0.3927,-1,-1,-1
480,-1,414.12,478.40,91.71,178.70,0.3242,-1,-1,-1
480,-1,560.59,447.19,36.75,88.13,0.3165,-1,-1,-1
480,-1,1856.13,385.91,63.41,264.50,0.3027,-1,-1,-1
480,-1,367.59,478.13,59.33,159.71,0.2737,-1,-1,-1
480,-1,1323.52,423.51,85.62,348.34,0.2382,-1,-1,-1
480,-1,365.57,479.20,108.43,176.97,0.2182,-1,-1,-1
480,-1,525.85,447.58,29.98,81.59,0.1960,-1,-1,-1
480,-1,1669.44,411.22,117.50,227.73,0.1629,-1,-1,-1
480,-1,600.17,440.93,38.61,96.73,0.1485,-1,-1,-1
480,-1,551.96,447.57,40.83,85.08,0.1367,-1,-1,-1
480,-1,601.24,453.40,44.14,95.89,0.1356,-1,-1,-1
480,-1,522.90,437.84,39.58,91.94,0.1036,-1,-1,-1
481,-1,1540.70,417.36,201.81,408.06,0.8833,-1,-1,-1
481,-1,0.00,388.32,219.23,680.00,0.8349,-1,-1,-1
481,-1,1353.01,396.12,241.97,677.62,0.8247,-1,-1,-1
481,-1,1172.16,414.75,166.52,595.43,0.7914,-1,-1,-1
481,-1,622.30,438.02,96.68,262.67,0.7136,-1,-1,-1
481,-1,774.56,437.15,92.87,289.62,0.7135,-1,-1,-1
481,-1,901.91,439.57,101.29,245.90,0.6019,-1,-1,-1
481,-1,849.89,423.34,81.56,283.15,0.5909,-1,-1,-1
481,-1,1092.29,435.97,58.01,158.18,0.5680,-1,-1,-1
481,-1,411.71,474.86,79.20,182.00,0.5408,-1,-1,-1
481,-1,1326.89,403.86,87.83,556.45,0.4527,-1,-1,-1
481,-1,1871.67,388.41,47.61,257.37,0.4459,-1,-1,-1
481,-1,562.34,450.03,33.76,82.94,0.3646,-1,-1,-1
481,-1,362.66,473.63,126.18,182.81,0.2524,-1,-1,-1
481,-1,532.69,454.79,26.07,73.22,0.1696,-1,-1,-1
481,-1,527.75,451.37,26.80,77.06,0.1633,-1,-1,-1
481,-1,357.81,492.05,63.42,135.94,0.1432,-1,-1,-1
481,-1,362.50,470.84,64.33,134.82,0.1405,-1,-1,-1
481,-1,380.70,467.83,50.47,65.23,0.1396,-1,-1,-1
481,-1,602.89,453.95,42.64,96.33,0.1350,-1,-1,-1
481,-1,1837.78,388.44,81.34,256.34,0.1236,-1,-1,-1
481,-1,1060.65,447.11,35.30,127.25,0.1209,-1,-1,-1
481,-1,1326.61,432.24,84.31,378.20,0.1181,-1,-1,-1
481,-1,336.63,496.40,87.43,167.15,0.1126,-1,-1,-1
481,-1,548.36,449.07,33.95,82.91,0.1110,-1,-1,-1
481,-1,541.09,452.94,23.77,76.51,0.1067,-1,-1,-1
481,-1,1882.50,433.94,36.88,216.37,0.1062,-1,-1,-1
481,-1,550.81,443.20,42.09,89.91,0.1020,-1,-1,-1
482,-1,1547.54,423.00,197.64,404.06,0.8784,-1,-1,-1
482,-1,1355.49,394.77,256.97,678.13,0.8440,-1,-1,-1
482,-1,0.00,428.34,195.86,640.89,0.7828,-1,-1,-1
482,-1,1176.66,411.33,164.76,600.61,0.7672,-1,-1,-1
482,-1,627.25,435.37,90.99,266.64,0.7329,-1,-1,-1
482,-1,786.15,435.95,84.95,290.01,0.7006,-1,-1,-1
482,-1,905.46,447.55,99.50,234.82,0.5898,-1,-1,-1
482,-1,849.23,422.23,81.01,283.26,0.5831,-1,-1,-1
482,-1,404.34,472.13,86.94,191.20,0.4708,-1,-1,-1
482,-1,1329.35,409.52,95.66,540.80,0.4549,-1,-1,-1
482,-1,562.66,446.63,35.20,86.67,0.4333,-1,-1,-1
482,-1,360.31,472.55,126.16,187.60,0.4269,-1,-1,-1
482,-1,1874.33,386.94,44.95,258.17,0.4068,-1,-1,-1
482,-1,1092.52,437.42,56.87,157.03,0.3868,-1,-1,-1
482,-1,0.00,432.23,107.93,639.26,0.2300,-1,-1,-1
482,-1,527.89,450.90,26.20,75.99,0.2107,-1,-1,-1
482,-1,532.66,455.22,26.23,71.70,0.2061,-1,-1,-1
482,-1,1331.81,411.01,91.08,311.37,0.1580,-1,-1,-1
482,-1,548.20,446.42,36.38,85.84,0.1383,-1,-1,-1
482,-1,548.98,440.97,50.75,93.47,0.1381,-1,-1,-1
482,-1,1331.75,436.56,81.32,353.06,0.1291,-1,-1,-1
482,-1,601.64,441.87,34.75,60.62,0.1220,-1,-1,-1
482,-1,1053.80,444.34,42.37,140.98,0.1159,-1,-1,-1
482,-1,367.97,467.93,64.11,172.18,0.1132,-1,-1,-1
482,-1,541.06,450.72,23.18,78.05,0.1108,-1,-1,-1
482,-1,460.44,445.63,39.79,87.59,0.1042,-1,-1,-1
482,-1,1060.53,443.13,31.98,132.65,0.1032,-1,-1,-1
482,-1,609.15,437.54,41.89,62.11,0.1031,-1,-1,-1
482,-1,1054.62,459.01,36.28,109.16,0.1022,-1,-1,-1
483,-1,1555.94,422.17,183.51,406.13,0.8702,-1,-1,-1
483,-1,1354.66,395.14,266.18,676.69,0.8476,-1,-1,-1
483,-1,1178.63,414.51,167.13,597.57,0.7741,-1,-1,-1
483,-1,627.90,433.67,97.52,264.57,0.7415,-1,-1,-1
483,-1,0.00,486.55,182.03,579.79,0.6978,-1,-1,-1
483,-1,794.71,433.48,75.65,293.18,0.6814,-1,-1,-1
483,-1,908.05,446.31,98.09,238.81,0.6079,-1,-1,-1
483,-1,852.62,424.21,74.99,281.47,0.6055,-1,-1,-1
483,-1,1333.20,415.87,92.60,535.11,0.5456,-1,-1,-1
483,-1,353.27,472.16,137.04,191.28,0.4988,-1,-1,-1
483,-1,559.68,446.13,39.54,88.85,0.4247,-1,-1,-1
483,-1,1099.18,439.69,51.08,154.58,0.3853,-1,-1,-1
483,-1,1876.33,395.26,42.98,246.61,0.3463,-1,-1,-1
483,-1,1856.04,384.85,63.50,264.58,0.2523,-1,-1,-1
483,-1,527.76,450.88,26.99,75.50,0.1932,-1,-1,-1
483,-1,532.15,455.39,27.38,71.33,0.1761,-1,-1,-1
483,-1,550.60,446.92,43.07,84.93,0.1637,-1,-1,-1
483,-1,1336.78,429.42,82.07,341.48,0.1602,-1,-1,-1
483,-1,1057.97,441.50,38.88,144.15,0.1407,-1,-1,-1
483,-1,26.71,501.35,90.35,131.32,0.1309,-1,-1,-1
483,-1,601.61,442.79,36.80,57.93,0.1171,-1,-1,-1
483,-1,609.22,437.74,41.28,61.42,0.1085,-1,-1,-1
483,-1,541.66,451.66,22.97,76.91,0.1038,-1,-1,-1
484,-1,1565.43,420.88,188.01,414.44,0.8492,-1,-1,-1
484,-1,1184.38,416.88,166.33,592.81,0.8232,-1,-1,-1
484,-1,1356.13,399.00,275.04,670.37,0.7757,-1,-1,-1
484,-1,636.67,434.38,94.74,263.20,0.7482,-1,-1,-1
484,-1,801.46,435.74,75.22,289.91,0.7013,-1,-1,-1
484,-1,859.07,426.06,62.35,255.74,0.5572,-1,-1,-1
484,-1,1335.73,425.81,91.98,521.43,0.5529,-1,-1,-1
484,-1,0.00,553.81,151.93,515.12,0.5399,-1,-1,-1
484,-1,905.11,452.11,97.81,231.41,0.5351,-1,-1,-1
484,-1,1097.46,435.69,54.90,157.77,0.4410,-1,-1,-1
484,-1,562.19,447.32,36.77,85.33,0.4059,-1,-1,-1
484,-1,352.41,472.47,135.41,208.78,0.3723,-1,-1,-1
484,-1,1874.09,395.70,45.22,250.73,0.2885,-1,-1,-1
484,-1,385.72,473.38,98.70,194.26,0.2864,-1,-1,-1
484,-1,1856.33,383.96,63.21,266.95,0.2685,-1,-1,-1
484,-1,527.35,449.55,27.16,76.48,0.2384,-1,-1,-1
484,-1,532.25,453.99,26.85,72.52,0.2143,-1,-1,-1
484,-1,549.69,444.54,44.61,87.73,0.2007,-1,-1,-1
484,-1,1341.48,446.44,85.73,331.47,0.1952,-1,-1,-1
484,-1,27.03,512.83,80.41,135.53,0.1304,-1,-1,-1
484,-1,775.19,436.37,95.81,289.52,0.1190,-1,-1,-1
484,-1,541.61,447.71,23.51,81.30,0.1124,-1,-1,-1
485,-1,1578.43,419.40,175.48,415.75,0.8657,-1,-1,-1
485,-1,1191.17,422.65,161.48,586.49,0.8477,-1,-1,-1
485,-1,1356.82,401.46,280.72,666.86,0.7912,-1,-1,-1
485,-1,635.66,432.18,105.45,268.89,0.7098,-1,-1,-1
485,-1,801.72,438.10,80.68,286.36,0.6826,-1,-1,-1
485,-1,1340.85,440.10,94.26,508.36,0.6168,-1,-1,-1
485,-1,901.27,450.22,104.80,231.03,0.5580,-1,-1,-1
485,-1,0.01,551.15,111.75,515.94,0.5512,-1,-1,-1
485,-1,859.30,421.25,60.41,263.84,0.5304,-1,-1,-1
485,-1,348.90,474.75,126.65,198.92,0.4521,-1,-1,-1
485,-1,1096.17,435.89,54.93,156.42,0.4191,-1,-1,-1
485,-1,561.98,447.03,36.27,86.60,0.3791,-1,-1,-1
485,-1,1877.01,397.03,42.33,246.83,0.3121,-1,-1,-1
485,-1,1859.02,385.10,60.53,265.11,0.2785,-1,-1,-1
485,-1,375.31,473.86,94.16,188.65,0.2659,-1,-1,-1
485,-1,19.94,543.64,77.48,137.45,0.2555,-1,-1,-1
485,-1,328.80,495.37,159.41,163.47,0.2043,-1,-1,-1
485,-1,548.50,444.50,40.65,88.01,0.1979,-1,-1,-1
485,-1,527.83,452.01,26.53,75.14,0.1918,-1,-1,-1
485,-1,532.85,456.20,26.59,71.33,0.1852,-1,-1,-1
485,-1,839.98,428.62,78.53,281.07,0.1748,-1,-1,-1
485,-1,1838.10,415.06,80.84,230.84,0.1717,-1,-1,-1
485,-1,18.65,538.67,79.54,106.59,0.1564,-1,-1,-1
485,-1,542.83,447.12,22.97,82.57,0.1277,-1,-1,-1
485,-1,1832.48,478.11,72.96,158.63,0.1223,-1,-1,-1
485,-1,574.61,443.73,29.22,89.77,0.1039,-1,-1,-1
485,-1,541.82,440.87,31.34,88.85,0.1034,-1,-1,-1
486,-1,1585.04,417.58,168.14,418.92,0.8549,-1,-1,-1
486,-1,1196.55,422.97,163.12,585.92,0.8503,-1,-1,-1
486,-1,1356.26,396.36,286.59,678.05,0.8248,-1,-1,-1
486,-1,634.71,431.13,110.63,268.60,0.7452,-1,-1,-1
486,-1,903.93,443.26,100.59,238.68,0.6818,-1,-1,-1
486,-1,801.68,438.49,96.65,284.72,0.6627,-1,-1,-1
486,-1,1345.70,441.35,95.41,511.63,0.6197,-1,-1,-1
486,-1,325.80,473.84,129.39,197.92,0.5456,-1,-1,-1
486,-1,865.37,429.86,56.43,230.35,0.5193,-1,-1,-1
486,-1,0.06,553.04,107.98,428.81,0.3786,-1,-1,-1
486,-1,738.31,458.03,45.00,121.43,0.3645,-1,-1,-1
486,-1,1862.07,387.00,57.46,260.75,0.3557,-1,-1,-1
486,-1,561.26,448.41,37.08,84.31,0.3433,-1,-1,-1
486,-1,1879.37,403.11,39.96,239.67,0.2989,-1,-1,-1
486,-1,551.37,442.25,49.75,92.36,0.2919,-1,-1,-1
486,-1,1103.38,433.57,49.26,158.90,0.2394,-1,-1,-1
486,-1,547.28,442.40,41.57,90.36,0.2305,-1,-1,-1
486,-1,3.17,546.92,85.19,122.25,0.2017,-1,-1,-1
486,-1,533.08,455.20,26.57,73.01,0.1725,-1,-1,-1
486,-1,527.77,448.27,26.97,79.86,0.1720,-1,-1,-1
486,-1,1842.37,408.13,76.61,238.37,0.1529,-1,-1,-1
486,-1,543.82,446.20,24.07,84.90,0.1347,-1,-1,-1
486,-1,366.16,477.23,87.80,177.27,0.1168,-1,-1,-1
486,-1,1833.99,479.02,71.13,158.69,0.1124,-1,-1,-1
486,-1,731.20,448.11,43.30,135.27,0.1095,-1,-1,-1
486,-1,542.42,439.92,33.37,90.51,0.1070,-1,-1,-1
486,-1,622.21,444.02,32.69,72.72,0.1005,-1,-1,-1
487,-1,1201.27,421.39,174.72,589.95,0.8385,-1,-1,-1
487,-1,1594.34,419.01,162.25,416.85,0.7858,-1,-1,-1
487,-1,639.86,429.69,118.96,269.79,0.7325,-1,-1,-1
487,-1,1366.94,398.19,283.32,675.56,0.7229,-1,-1,-1
487,-1,920.53,444.32,85.27,235.63,0.6834,-1,-1,-1
487,-1,801.63,434.70,110.03,289.94,0.6785,-1,-1,-1
487,-1,328.66,475.41,121.41,201.71,0.6161,-1,-1,-1
487,-1,1348.55,437.94,98.40,522.27,0.5252,-1,-1,-1
487,-1,866.96,431.50,59.03,213.69,0.4626,-1,-1,-1
487,-1,0.22,527.60,90.26,450.85,0.4603,-1,-1,-1
487,-1,566.60,448.84,32.82,83.72,0.3706,-1,-1,-1
487,-1,734.35,454.56,46.01,121.91,0.3228,-1,-1,-1
487,-1,554.40,443.02,47.43,91.23,0.2830,-1,-1,-1
487,-1,1878.54,400.62,40.78,240.74,0.2804,-1,-1,-1
487,-1,1102.97,436.92,49.92,152.13,0.2693,-1,-1,-1
487,-1,1857.59,386.49,61.95,264.12,0.2556,-1,-1,-1
487,-1,547.16,442.38,30.42,89.84,0.2401,-1,-1,-1
487,-1,547.93,438.90,43.16,94.45,0.2171,-1,-1,-1
487,-1,554.17,445.38,32.77,86.16,0.1848,-1,-1,-1
487,-1,533.74,457.81,25.00,69.45,0.1818,-1,-1,-1
487,-1,527.50,451.16,25.16,75.88,0.1778,-1,-1,-1
487,-1,544.63,445.97,21.78,84.39,0.1470,-1,-1,-1
487,-1,1846.51,435.64,72.44,207.61,0.1420,-1,-1,-1
487,-1,1869.01,432.86,50.34,218.98,0.1313,-1,-1,-1
487,-1,730.45,440.32,41.42,142.61,0.1302,-1,-1,-1
487,-1,576.65,445.51,27.45,86.58,0.1226,-1,-1,-1
487,-1,825.92,436.61,95.40,282.32,0.1118,-1,-1,-1
488,-1,1202.64,426.56,181.88,582.26,0.8433,-1,-1,-1
488,-1,1598.42,414.06,162.32,425.57,0.8119,-1,-1,-1
488,-1,642.99,429.31,118.24,266.98,0.7464,-1,-1,-1
488,-1,1385.22,402.62,270.33,669.15,0.6951,-1,-1,-1
488,-1,922.76,439.31,85.72,239.27,0.6871,-1,-1,-1
488,-1,802.88,434.18,123.76,292.42,0.6423,-1,-1,-1
488,-1,1352.13,436.01,99.76,521.18,0.5418,-1,-1,-1
488,-1,324.60,480.17,120.26,187.92,0.4852,-1,-1,-1
488,-1,564.40,446.66,36.23,86.70,0.3931,-1,-1,-1
488,-1,732.22,455.93,44.17,120.84,0.3189,-1,-1,-1
488,-1,1877.96,401.88,41.38,239.92,0.3068,-1,-1,-1
488,-1,1860.00,389.91,59.53,259.95,0.2788,-1,-1,-1
488,-1,546.80,443.36,29.25,90.18,0.2728,-1,-1,-1
488,-1,867.89,429.03,60.30,210.90,0.2593,-1,-1,-1
488,-1,547.94,439.70,44.75,94.27,0.2553,-1,-1,-1
488,-1,1109.96,441.45,44.21,146.86,0.2532,-1,-1,-1
488,-1,0.01,546.76,69.84,96.16,0.2413,-1,-1,-1
488,-1,534.67,454.37,25.12,75.18,0.2176,-1,-1,-1
488,-1,527.87,450.35,25.87,79.61,0.2055,-1,-1,-1
488,-1,0.00,649.84,70.86,313.56,0.2054,-1,-1,-1
488,-1,858.18,437.11,70.78,270.70,0.1855,-1,-1,-1
488,-1,1086.82,441.85,57.67,148.49,0.1774,-1,-1,-1
488,-1,544.89,445.10,22.81,87.44,0.1761,-1,-1,-1
488,-1,1853.37,447.61,65.57,194.56,0.1487,-1,-1,-1
488,-1,784.21,438.53,110.11,283.00,0.1369,-1,-1,-1
488,-1,355.18,482.02,87.87,174.75,0.1305,-1,-1,-1
488,-1,618.31,441.69,37.65,60.08,0.1290,-1,-1,-1
488,-1,625.23,445.83,32.76,58.99,0.1223,-1,-1,-1
488,-1,1355.48,424.71,201.44,646.35,0.1205,-1,-1,-1
488,-1,580.13,447.15,23.91,82.46,0.1122,-1,-1,-1
489,-1,1204.32,422.91,182.41,586.87,0.8486,-1,-1,-1
489,-1,1606.88,417.84,155.60,423.12,0.8148,-1,-1,-1
489,-1,642.33,435.00,121.59,264.93,0.7957,-1,-1,-1
489,-1,803.16,436.17,132.70,290.11,0.7363,-1,-1,-1
489,-1,925.66,439.49,81.23,243.39,0.7114,-1,-1,-1
489,-1,1354.95,432.59,105.57,485.71,0.6669,-1,-1,-1
489,-1,1417.58,396.45,252.70,674.75,0.6631,-1,-1,-1
489,-1,0.21,531.57,60.07,154.67,0.5595,-1,-1,-1
489,-1,317.44,489.29,121.01,192.92,0.5172,-1,-1,-1
489,-1,568.46,450.61,31.95,81.40,0.3795,-1,-1,-1
489,-1,1859.54,389.52,59.98,261.32,0.3298,-1,-1,-1
489,-1,731.57,453.32,42.93,119.92,0.3265,-1,-1,-1
489,-1,1877.26,399.47,42.08,244.84,0.3112,-1,-1,-1
489,-1,554.34,444.39,46.53,89.90,0.3055,-1,-1,-1
489,-1,546.88,443.83,29.76,89.01,0.2631,-1,-1,-1
489,-1,553.56,447.11,33.03,84.91,0.2060,-1,-1,-1
489,-1,534.38,456.24,25.59,72.87,0.1998,-1,-1,-1
489,-1,528.38,452.63,25.59,76.81,0.1881,-1,-1,-1
489,-1,1105.12,439.18,49.39,152.62,0.1867,-1,-1,-1
489,-1,544.23,447.21,22.73,84.96,0.1841,-1,-1,-1
489,-1,618.91,441.08,38.92,59.44,0.1365,-1,-1,-1
489,-1,578.32,447.67,25.64,82.02,0.1319,-1,-1,-1
489,-1,863.88,431.19,64.13,209.37,0.1262,-1,-1,-1
489,-1,792.39,438.15,107.02,282.85,0.1173,-1,-1,-1
489,-1,1356.77,409.62,193.30,662.50,0.1152,-1,-1,-1
489,-1,1845.54,462.84,73.61,189.04,0.1135,-1,-1,-1
489,-1,1088.45,440.45,56.97,149.89,0.1085,-1,-1,-1
490,-1,1209.95,420.20,181.38,591.34,0.8565,-1,-1,-1
490,-1,644.02,435.70,122.66,265.31,0.8295,-1,-1,-1
490,-1,1611.58,409.54,163.15,432.93,0.8289,-1,-1,-1
490,-1,801.07,438.06,137.81,287.70,0.7164,-1,-1,-1
490,-1,933.50,436.24,78.09,246.26,0.6851,-1,-1,-1
490,-1,1425.05,397.73,260.67,670.87,0.6712,-1,-1,-1
490,-1,1354.49,426.58,106.32,518.37,0.6476,-1,-1,-1
490,-1,728.83,445.34,45.63,128.26,0.4994,-1,-1,-1
490,-1,332.17,487.26,99.91,198.24,0.4775,-1,-1,-1
490,-1,0.15,544.28,52.02,113.72,0.4446,-1,-1,-1
490,-1,566.13,451.33,33.31,79.84,0.3786,-1,-1,-1
490,-1,1860.79,387.53,58.73,264.85,0.3325,-1,-1,-1
490,-1,1877.08,396.62,42.24,247.13,0.3027,-1,-1,-1
490,-1,554.18,444.94,46.37,88.70,0.2879,-1,-1,-1
490,-1,548.40,446.04,30.69,85.75,0.2440,-1,-1,-1
490,-1,555.83,448.67,32.74,82.54,0.1909,-1,-1,-1
490,-1,534.90,455.05,25.63,73.92,0.1879,-1,-1,-1
490,-1,1388.88,422.78,168.89,638.65,0.1691,-1,-1,-1
490,-1,529.63,452.10,24.73,77.24,0.1667,-1,-1,-1
490,-1,544.74,447.08,22.44,84.47,0.1652,-1,-1,-1
490,-1,1091.45,436.13,63.77,155.78,0.1561,-1,-1,-1
490,-1,1362.47,421.08,157.69,638.51,0.1364,-1,-1,-1
490,-1,578.33,447.90,25.28,79.28,0.1223,-1,-1,-1
490,-1,1469.19,516.90,220.53,556.83,0.1174,-1,-1,-1
490,-1,1109.63,437.41,48.30,137.79,0.1119,-1,-1,-1
490,-1,1846.37,462.52,72.79,191.79,0.1092,-1,-1,-1
491,-1,1209.25,418.43,187.16,592.51,0.8722,-1,-1,-1
491,-1,1618.70,406.75,164.27,438.56,0.8411,-1,-1,-1
491,-1,648.76,437.32,114.00,260.25,0.7840,-1,-1,-1
491,-1,801.78,420.00,141.75,307.52,0.7525,-1,-1,-1
491,-1,938.59,436.04,81.60,244.68,0.6793,-1,-1,-1
491,-1,1367.31,394.07,312.26,675.23,0.6104,-1,-1,-1
491,-1,1363.24,419.36,113.38,516.94,0.5886,-1,-1,-1
491,-1,731.48,449.43,41.47,125.81,0.4962,-1,-1,-1
491,-1,313.24,491.00,115.09,197.90,0.4624,-1,-1,-1
491,-1,566.01,452.29,33.52,79.22,0.3766,-1,-1,-1
491,-1,0.06,551.08,43.28,144.74,0.3661,-1,-1,-1
491,-1,1858.53,388.25,61.00,265.61,0.3422,-1,-1,-1
491,-1,554.64,445.30,46.37,88.79,0.2596,-1,-1,-1
491,-1,1880.39,412.45,38.97,234.06,0.2533,-1,-1,-1
491,-1,349.62,495.68,80.89,182.57,0.2317,-1,-1,-1
491,-1,1090.26,431.46,62.80,160.27,0.2091,-1,-1,-1
491,-1,1107.90,433.59,47.72,151.13,0.2064,-1,-1,-1
491,-1,548.13,446.88,29.20,85.39,0.2046,-1,-1,-1
491,-1,555.72,449.45,31.93,82.26,0.1541,-1,-1,-1
491,-1,544.30,447.41,23.01,84.61,0.1528,-1,-1,-1
491,-1,535.46,452.51,25.96,77.28,0.1509,-1,-1,-1
491,-1,417.82,475.46,39.16,94.68,0.1370,-1,-1,-1
491,-1,0.30,544.10,39.70,109.30,0.1304,-1,-1,-1
491,-1,575.73,447.68,28.44,82.07,0.1295,-1,-1,-1
491,-1,1365.20,410.83,172.76,646.80,0.1234,-1,-1,-1
491,-1,531.20,449.46,26.08,80.80,0.1234,-1,-1,-1
491,-1,1844.17,450.87,74.99,204.13,0.1220,-1,-1,-1
492,-1,1208.70,419.19,190.36,590.21,0.8788,-1,-1,-1
492,-1,649.28,436.62,118.47,264.49,0.8159,-1,-1,-1
492,-1,1630.05,408.21,145.39,438.88,0.7907,-1,-1,-1
492,-1,940.30,434.64,94.63,247.96,0.7819,-1,-1,-1
492,-1,801.72,410.41,145.42,316.26,0.7584,-1,-1,-1
492,-1,728.74,448.34,43.14,127.40,0.6108,-1,-1,-1
492,-1,1362.50,388.73,304.03,675.22,0.5845,-1,-1,-1
492,-1,315.88,485.40,97.40,204.16,0.5544,-1,-1,-1
492,-1,1360.59,416.37,128.89,548.95,0.5471,-1,-1,-1
492,-1,571.74,454.65,27.76,76.59,0.4061,-1,-1,-1
492,-1,1879.01,429.60,40.35,212.72,0.3244,-1,-1,-1
492,-1,1861.04,394.92,58.47,256.65,0.2736,-1,-1,-1
492,-1,1367.92,417.01,186.46,647.83,0.2710,-1,-1,-1
492,-1,0.29,558.67,31.39,101.18,0.2425,-1,-1,-1
492,-1,529.68,453.90,24.77,76.26,0.1841,-1,-1,-1
492,-1,534.87,454.04,25.73,75.77,0.1813,-1,-1,-1
492,-1,542.79,451.61,23.46,80.74,0.1810,-1,-1,-1
492,-1,845.86,407.38,88.07,293.88,0.1807,-1,-1,-1
492,-1,556.57,446.16,45.05,87.50,0.1748,-1,-1,-1
492,-1,1843.50,444.64,75.70,209.75,0.1665,-1,-1,-1
492,-1,419.22,471.52,39.23,98.78,0.1624,-1,-1,-1
492,-1,549.22,441.89,38.42,91.63,0.1407,-1,-1,-1
492,-1,1190.35,443.18,32.10,88.24,0.1283,-1,-1,-1
492,-1,579.02,450.39,25.63,79.87,0.1212,-1,-1,-1
492,-1,549.39,451.91,23.55,79.44,0.1183,-1,-1,-1
492,-1,628.25,443.85,32.37,66.11,0.1074,-1,-1,-1
492,-1,1833.89,475.32,72.15,161.22,0.1035,-1,-1,-1
493,-1,1208.55,423.65,196.41,584.26,0.8857,-1,-1,-1
493,-1,652.48,442.20,111.75,257.07,0.8149,-1,-1,-1
493,-1,1632.79,405.08,152.99,438.17,0.7609,-1,-1,-1
493,-1,943.31,436.34,92.43,247.11,0.7559,-1,-1,-1
493,-1,805.95,424.56,143.21,299.20,0.7133,-1,-1,-1
493,-1,1368.20,388.35,303.54,671.89,0.5628,-1,-1,-1
493,-1,1365.62,416.64,128.36,504.02,0.5362,-1,-1,-1
493,-1,730.63,448.69,38.30,126.35,0.5104,-1,-1,-1
493,-1,569.28,448.55,30.44,84.04,0.4637,-1,-1,-1
493,-1,308.86,489.69,91.27,192.59,0.4229,-1,-1,-1
493,-1,1880.12,418.11,39.24,224.96,0.3113,-1,-1,-1
493,-1,1860.30,393.01,59.20,259.32,0.2871,-1,-1,-1
493,-1,553.39,443.10,47.21,91.90,0.2604,-1,-1,-1
493,-1,546.65,443.89,26.49,88.91,0.2393,-1,-1,-1
493,-1,533.99,453.46,26.42,76.11,0.1938,-1,-1,-1
493,-1,417.72,468.86,40.04,96.92,0.1929,-1,-1,-1
493,-1,528.88,452.95,26.16,76.89,0.1918,-1,-1,-1
493,-1,1367.26,424.03,170.86,638.82,0.1906,-1,-1,-1
493,-1,543.82,447.87,22.99,84.43,0.1866,-1,-1,-1
493,-1,552.80,446.41,26.91,85.47,0.1854,-1,-1,-1
493,-1,1844.70,448.64,74.54,205.78,0.1482,-1,-1,-1
493,-1,575.43,448.50,28.88,83.71,0.1370,-1,-1,-1
493,-1,830.47,414.63,103.45,302.63,0.1198,-1,-1,-1
493,-1,639.89,445.17,21.79,93.61,0.1019,-1,-1,-1
493,-1,634.24,443.03,22.96,86.11,0.1016,-1,-1,-1
493,-1,628.40,443.84,27.89,66.30,0.1002,-1,-1,-1
494,-1,1209.20,426.59,201.83,581.47,0.8825,-1,-1,-1
494,-1,654.24,445.06,109.94,254.91,0.7912,-1,-1,-1
494,-1,950.51,437.49,98.79,243.76,0.7373,-1,-1,-1
494,-1,808.40,433.63,141.77,291.37,0.7271,-1,-1,-1
494,-1,1633.08,405.33,149.90,459.65,0.6925,-1,-1,-1
494,-1,1373.75,385.74,321.13,677.80,0.5696,-1,-1,-1
494,-1,1375.41,413.45,131.59,587.02,0.5539,-1,-1,-1
494,-1,570.85,450.39,28.73,81.80,0.4629,-1,-1,-1
494,-1,305.26,485.94,83.99,199.29,0.4301,-1,-1,-1
494,-1,1375.62,418.24,174.21,640.35,0.4166,-1,-1,-1
494,-1,730.57,448.79,36.92,128.09,0.4008,-1,-1,-1
494,-1,1879.83,426.97,39.55,217.01,0.2761,-1,-1,-1
494,-1,556.34,445.80,45.16,88.69,0.2622,-1,-1,-1
494,-1,1862.57,391.70,56.94,260.06,0.2507,-1,-1,-1
494,-1,1469.27,380.51,270.71,687.89,0.2155,-1,-1,-1
494,-1,547.28,447.71,22.85,84.34,0.2057,-1,-1,-1
494,-1,528.44,455.49,25.75,73.90,0.1965,-1,-1,-1
494,-1,418.40,468.40,39.68,97.49,0.1925,-1,-1,-1
494,-1,533.72,454.61,26.38,74.56,0.1922,-1,-1,-1
494,-1,552.72,450.03,23.50,81.33,0.1836,-1,-1,-1
494,-1,1853.95,449.40,64.95,195.30,0.1810,-1,-1,-1
494,-1,1835.59,476.35,66.60,159.81,0.1396,-1,-1,-1
494,-1,577.20,450.31,26.62,82.61,0.1304,-1,-1,-1
494,-1,629.61,445.56,32.05,94.09,0.1266,-1,-1,-1
494,-1,638.81,447.27,22.84,92.32,0.1248,-1,-1,-1
494,-1,1083.66,436.96,63.08,156.17,0.1240,-1,-1,-1
494,-1,554.07,451.26,30.24,80.93,0.1240,-1,-1,-1
494,-1,319.59,481.70,71.28,140.06,0.1122,-1,-1,-1
494,-1,634.11,444.49,23.51,90.23,0.1114,-1,-1,-1
495,-1,1210.33,424.12,207.00,583.25,0.8710,-1,-1,-1
495,-1,655.83,442.31,111.74,256.90,0.8034,-1,-1,-1
495,-1,816.85,437.74,134.72,289.06,0.7483,-1,-1,-1
495,-1,957.67,440.96,94.50,239.65,0.6974,-1,-1,-1
495,-1,1634.81,404.41,159.06,439.60,0.6945,-1,-1,-1
495,-1,1380.14,384.16,303.96,675.65,0.6746,-1,-1,-1
495,-1,1375.75,411.85,135.20,539.92,0.5787,-1,-1,-1
495,-1,287.81,479.01,107.11,213.68,0.5155,-1,-1,-1
495,-1,572.91,451.04,27.19,81.93,0.4612,-1,-1,-1
495,-1,271.97,495.98,108.97,200.89,0.3197,-1,-1,-1
495,-1,558.39,445.27,43.74,90.56,0.2107,-1,-1,-1
495,-1,543.34,451.60,23.70,80.65,0.2097,-1,-1,-1
495,-1,1887.34,435.44,32.04,207.47,0.2094,-1,-1,-1
495,-1,1384.30,413.63,179.29,644.77,0.2075,-1,-1,-1
495,-1,1860.82,397.21,58.70,255.13,0.2047,-1,-1,-1
495,-1,1835.58,475.06,64.14,161.24,0.1885,-1,-1,-1
495,-1,1870.65,440.12,48.70,213.90,0.1878,-1,-1,-1
495,-1,548.96,443.28,36.77,91.24,0.1761,-1,-1,-1
495,-1,549.11,451.12,23.59,80.53,0.1704,-1,-1,-1
495,-1,534.22,456.50,25.94,73.10,0.1703,-1,-1,-1
495,-1,1845.62,455.97,73.62,198.05,0.1690,-1,-1,-1
495,-1,528.41,457.08,24.47,72.84,0.1668,-1,-1,-1
495,-1,1879.60,401.03,39.68,233.99,0.1523,-1,-1,-1
495,-1,1081.94,443.23,65.06,148.04,0.1363,-1,-1,-1
495,-1,552.27,452.59,26.17,79.80,0.1291,-1,-1,-1
495,-1,1392.01,412.45,116.51,438.51,0.1007,-1,-1,-1
496,-1,1210.59,423.57,210.85,583.13,0.8619,-1,-1,-1
496,-1,661.84,436.39,104.97,263.68,0.7700,-1,-1,-1
496,-1,819.76,441.83,131.02,285.26,0.6993,-1,-1,-1
496,-1,1638.30,403.59,181.35,396.70,0.6934,-1,-1,-1
496,-1,958.94,437.14,105.10,244.55,0.6856,-1,-1,-1
496,-1,1381.49,410.59,134.22,555.44,0.6499,-1,-1,-1
496,-1,1390.02,385.37,281.32,672.91,0.6160,-1,-1,-1
496,-1,573.87,451.99,26.53,81.13,0.5018,-1,-1,-1
496,-1,274.53,481.79,104.64,219.15,0.4889,-1,-1,-1
496,-1,854.98,435.28,78.71,284.89,0.3084,-1,-1,-1
496,-1,1447.51,380.12,293.06,691.99,0.3072,-1,-1,-1
496,-1,1882.41,436.43,36.95,208.32,0.2577,-1,-1,-1
496,-1,1859.80,409.71,59.73,242.97,0.2544,-1,-1,-1
496,-1,542.79,453.90,23.86,77.39,0.2298,-1,-1,-1
496,-1,1093.88,482.82,53.71,108.82,0.2190,-1,-1,-1
496,-1,562.05,445.73,41.34,89.83,0.2181,-1,-1,-1
496,-1,1846.80,443.63,72.07,200.70,0.1739,-1,-1,-1
496,-1,530.01,459.43,22.10,70.23,0.1585,-1,-1,-1
496,-1,1390.52,405.61,181.52,654.64,0.1581,-1,-1,-1
496,-1,535.23,457.71,24.73,71.51,0.1577,-1,-1,-1
496,-1,547.39,453.86,24.57,77.35,0.1536,-1,-1,-1
496,-1,1086.85,452.25,62.35,137.27,0.1484,-1,-1,-1
496,-1,1835.75,476.06,66.09,158.54,0.1433,-1,-1,-1
496,-1,1190.12,439.92,31.69,90.32,0.1111,-1,-1,-1
497,-1,1213.94,420.81,214.39,589.73,0.8649,-1,-1,-1
497,-1,1644.73,405.02,172.33,463.03,0.7762,-1,-1,-1
497,-1,667.75,431.30,100.12,270.74,0.7686,-1,-1,-1
497,-1,1389.57,413.32,133.21,547.10,0.7442,-1,-1,-1
497,-1,833.25,444.53,119.16,284.77,0.7270,-1,-1,-1
497,-1,963.01,438.48,111.91,244.02,0.7067,-1,-1,-1
497,-1,1415.74,379.24,302.93,692.61,0.7013,-1,-1,-1
497,-1,575.71,452.90,24.65,80.62,0.4635,-1,-1,-1
497,-1,249.83,477.27,127.32,220.33,0.4275,-1,-1,-1
497,-1,853.32,440.49,84.35,281.64,0.3544,-1,-1,-1
497,-1,1858.26,414.46,61.24,239.25,0.3310,-1,-1,-1
497,-1,1879.09,434.15,40.27,213.87,0.3134,-1,-1,-1
497,-1,542.04,452.53,24.40,79.38,0.2704,-1,-1,-1
497,-1,1083.71,444.21,64.94,147.68,0.1781,-1,-1,-1
497,-1,290.55,478.78,74.95,213.47,0.1706,-1,-1,-1
497,-1,559.84,444.95,43.36,91.07,0.1705,-1,-1,-1
497,-1,546.58,454.22,24.87,77.04,0.1704,-1,-1,-1
497,-1,535.66,455.21,25.90,74.43,0.1664,-1,-1,-1
497,-1,532.43,455.95,22.28,74.24,0.1637,-1,-1,-1
497,-1,250.67,509.20,53.84,72.18,0.1447,-1,-1,-1
497,-1,546.18,441.88,33.65,92.42,0.1400,-1,-1,-1
497,-1,379.69,459.89,45.08,74.78,0.1052,-1,-1,-1
497,-1,1839.08,479.53,68.20,162.11,0.1011,-1,-1,-1
497,-1,1465.50,397.71,93.07,524.86,0.1008,-1,-1,-1
498,-1,1218.28,423.42,212.61,588.13,0.8465,-1,-1,-1
498,-1,673.62,429.15,93.50,273.32,0.7802,-1,-1,-1
498,-1,1652.63,404.20,174.33,465.15,0.7618,-1,-1,-1
498,-1,1391.03,413.92,137.27,551.29,0.7609,-1,-1,-1
498,-1,964.28,440.74,118.44,240.58,0.7513,-1,-1,-1
498,-1,842.32,442.85,107.06,286.88,0.6623,-1,-1,-1
498,-1,1432.05,378.99,257.33,693.85,0.6298,-1,-1,-1
498,-1,252.74,480.80,106.98,222.18,0.5470,-1,-1,-1
498,-1,575.28,451.53,25.10,81.94,0.4546,-1,-1,-1
498,-1,1859.58,414.82,59.91,239.82,0.3319,-1,-1,-1
498,-1,1883.69,435.11,35.69,211.99,0.2785,-1,-1,-1
498,-1,542.08,453.66,24.06,79.49,0.2653,-1,-1,-1
498,-1,1091.96,439.20,60.63,153.91,0.2148,-1,-1,-1
498,-1,546.29,453.87,25.48,78.13,0.1771,-1,-1,-1
498,-1,562.52,445.11,40.69,90.81,0.1725,-1,-1,-1
498,-1,531.07,456.42,22.96,74.86,0.1669,-1,-1,-1
498,-1,534.82,455.72,26.84,75.07,0.1661,-1,-1,-1
498,-1,1098.30,486.09,48.37,107.89,0.1350,-1,-1,-1
498,-1,635.48,448.01,22.58,76.45,0.1254,-1,-1,-1
498,-1,417.83,469.06,40.66,95.28,0.1204,-1,-1,-1
498,-1,1481.64,385.74,204.51,536.75,0.1115,-1,-1,-1
498,-1,630.78,449.03,30.99,88.14,0.1094,-1,-1,-1
499,-1,1657.84,408.13,212.13,478.94,0.8587,-1,-1,-1
499,-1,1224.01,420.91,210.07,590.30,0.8345,-1,-1,-1
499,-1,963.86,439.15,122.90,244.80,0.7535,-1,-1,-1
499,-1,681.51,432.44,87.58,269.80,0.7294,-1,-1,-1
499,-1,1397.68,410.06,140.40,557.83,0.7293,-1,-1,-1
499,-1,856.66,443.96,98.69,282.90,0.6776,-1,-1,-1
499,-1,1444.62,379.70,262.09,695.46,0.6612,-1,-1,-1
499,-1,236.71,481.22,107.84,214.43,0.5689,-1,-1,-1
499,-1,575.98,452.84,25.06,80.68,0.4512,-1,-1,-1
499,-1,1857.81,390.97,61.69,264.62,0.3522,-1,-1,-1
499,-1,1884.30,426.78,35.09,222.43,0.3142,-1,-1,-1
499,-1,1490.28,374.76,202.84,549.84,0.2686,-1,-1,-1
499,-1,540.68,455.30,24.68,77.93,0.2651,-1,-1,-1
499,-1,1390.60,442.35,116.07,511.76,0.2515,-1,-1,-1
499,-1,1844.22,426.04,74.61,220.88,0.2221,-1,-1,-1
499,-1,532.05,453.98,22.41,77.39,0.1853,-1,-1,-1
499,-1,535.04,454.57,26.72,76.18,0.1686,-1,-1,-1
499,-1,545.25,455.12,26.01,76.77,0.1664,-1,-1,-1
499,-1,562.62,445.17,40.64,90.41,0.1516,-1,-1,-1
499,-1,1428.06,405.36,127.74,536.36,0.1468,-1,-1,-1
499,-1,1469.99,450.18,106.89,483.75,0.1424,-1,-1,-1
499,-1,635.09,448.24,22.78,76.26,0.1143,-1,-1,-1
499,-1,415.89,469.11,42.24,94.94,0.1066,-1,-1,-1
499,-1,1083.77,441.04,68.72,149.28,0.1020,-1,-1,-1
500,-1,1235.41,421.03,205.57,589.90,0.8441,-1,-1,-1
500,-1,1667.18,416.79,205.21,465.68,0.8333,-1,-1,-1
500,-1,1399.29,411.78,143.09,532.54,0.7699,-1,-1,-1
500,-1,686.66,432.81,84.37,268.71,0.7344,-1,-1,-1
500,-1,964.67,436.09,122.95,248.58,0.7160,-1,-1,-1
500,-1,1452.48,378.65,253.36,696.85,0.6427,-1,-1,-1
500,-1,857.12,433.10,99.30,294.31,0.6389,-1,-1,-1
500,-1,234.22,479.43,105.23,220.81,0.5824,-1,-1,-1
500,-1,575.30,452.74,25.82,80.36,0.4518,-1,-1,-1
500,-1,1494.80,372.46,202.64,567.98,0.4424,-1,-1,-1
500,-1,1855.91,396.09,63.57,258.99,0.4047,-1,-1,-1
500,-1,541.72,453.04,28.13,81.16,0.3579,-1,-1,-1
500,-1,1881.17,427.99,38.21,222.01,0.3311,-1,-1,-1
500,-1,1092.75,439.22,62.48,153.72,0.2165,-1,-1,-1
500,-1,568.42,445.19,35.41,90.84,0.1737,-1,-1,-1
500,-1,635.35,448.54,27.03,85.42,0.1730,-1,-1,-1
500,-1,533.01,455.99,23.15,75.86,0.1555,-1,-1,-1
500,-1,535.16,454.51,28.61,76.77,0.1509,-1,-1,-1
500,-1,418.72,469.36,39.16,93.81,0.1256,-1,-1,-1
500,-1,1468.68,429.20,102.24,514.97,0.1196,-1,-1,-1
500,-1,1076.94,445.59,38.11,128.38,0.1163,-1,-1,-1
500,-1,670.72,458.24,35.13,85.96,0.1055,-1,-1,-1
501,-1,1248.69,418.34,198.49,595.73,0.8410,-1,-1,-1
501,-1,1676.11,415.89,225.34,475.13,0.8024,-1,-1,-1
501,-1,969.28,458.84,118.51,222.68,0.7545,-1,-1,-1
501,-1,696.02,432.81,77.12,267.14,0.7407,-1,-1,-1
501,-1,1472.10,375.58,245.87,698.49,0.7348,-1,-1,-1
501,-1,1397.45,418.02,147.60,533.00,0.7327,-1,-1,-1
501,-1,227.61,480.97,93.51,223.92,0.6798,-1,-1,-1
501,-1,859.53,426.46,104.39,299.96,0.6416,-1,-1,-1
501,-1,573.56,449.99,29.75,86.17,0.4294,-1,-1,-1
501,-1,541.80,449.43,28.98,84.94,0.3855,-1,-1,-1
501,-1,1502.15,370.01,208.19,584.15,0.3124,-1,-1,-1
501,-1,1861.56,406.97,57.94,245.41,0.2878,-1,-1,-1
501,-1,1876.62,430.52,42.72,219.18,0.2634,-1,-1,-1
501,-1,671.30,457.29,40.98,87.95,0.2394,-1,-1,-1
501,-1,548.13,452.93,25.40,79.96,0.2146,-1,-1,-1
501,-1,1094.39,463.84,59.25,131.07,0.1630,-1,-1,-1
501,-1,1473.31,445.68,163.59,627.40,0.1536,-1,-1,-1
501,-1,635.83,449.16,27.19,84.52,0.1486,-1,-1,-1
501,-1,378.96,465.99,47.99,107.06,0.1403,-1,-1,-1
501,-1,535.71,452.18,28.76,78.97,0.1392,-1,-1,-1
501,-1,418.50,468.52,39.71,97.06,0.1316,-1,-1,-1
501,-1,1476.33,440.10,119.98,499.88,0.1270,-1,-1,-1
501,-1,1392.27,470.08,121.85,481.33,0.1109,-1,-1,-1
502,-1,1682.04,413.60,221.95,478.47,0.8578,-1,-1,-1
502,-1,1259.80,417.45,192.04,597.79,0.8341,-1,-1,-1
502,-1,973.44,453.38,112.69,229.58,0.7514,-1,-1,-1
502,-1,1392.99,418.81,163.58,535.10,0.7350,-1,-1,-1
502,-1,683.99,434.30,91.49,262.29,0.7289,-1,-1,-1
502,-1,1496.74,375.99,236.78,698.56,0.7107,-1,-1,-1
502,-1,862.81,426.47,105.57,299.17,0.6651,-1,-1,-1
502,-1,213.63,485.13,116.06,223.22,0.5743,-1,-1,-1
502,-1,572.00,452.43,29.80,82.37,0.4563,-1,-1,-1
502,-1,539.04,451.62,29.00,83.38,0.3562,-1,-1,-1
502,-1,0.01,644.51,126.84,426.52,0.2381,-1,-1,-1
502,-1,1873.59,429.92,45.71,217.81,0.2322,-1,-1,-1
502,-1,1505.16,380.97,208.18,550.27,0.2194,-1,-1,-1
502,-1,548.17,453.18,24.05,79.48,0.1897,-1,-1,-1
502,-1,0.43,883.70,127.86,195.42,0.1863,-1,-1,-1
502,-1,1093.67,445.75,59.95,147.58,0.1819,-1,-1,-1
502,-1,534.43,453.23,26.40,78.81,0.1576,-1,-1,-1
502,-1,542.71,444.19,31.28,91.06,0.1569,-1,-1,-1
502,-1,417.84,467.76,40.07,97.70,0.1511,-1,-1,-1
502,-1,849.47,417.72,101.48,295.35,0.1499,-1,-1,-1
502,-1,636.53,448.37,26.90,86.38,0.1478,-1,-1,-1
502,-1,578.99,449.79,25.47,84.68,0.1230,-1,-1,-1
502,-1,1076.21,449.26,32.19,124.79,0.1195,-1,-1,-1
502,-1,379.62,466.57,47.06,106.39,0.1186,-1,-1,-1
502,-1,1881.96,409.53,37.32,219.14,0.1170,-1,-1,-1
502,-1,1100.49,473.34,52.02,117.96,0.1148,-1,-1,-1
502,-1,1435.03,427.79,136.81,528.00,0.1139,-1,-1,-1
502,-1,1854.10,418.89,64.92,220.86,0.1138,-1,-1,-1
503,-1,1692.72,415.64,222.16,479.01,0.8384,-1,-1,-1
503,-1,1274.51,416.29,176.80,600.18,0.8182,-1,-1,-1
503,-1,1400.66,418.46,166.20,540.13,0.7516,-1,-1,-1
503,-1,1511.22,374.99,226.32,695.45,0.7434,-1,-1,-1
503,-1,689.78,437.62,87.73,262.42,0.7402,-1,-1,-1
503,-1,876.21,431.20,97.95,293.52,0.7046,-1,-1,-1
503,-1,983.06,449.71,103.71,233.30,0.6658,-1,-1,-1
503,-1,572.55,451.72,29.98,83.49,0.4809,-1,-1,-1
503,-1,199.43,487.24,113.71,223.54,0.4490,-1,-1,-1
503,-1,1435.67,410.89,118.55,533.50,0.3938,-1,-1,-1
503,-1,538.14,452.31,30.50,83.42,0.3609,-1,-1,-1
503,-1,861.51,413.85,81.25,302.40,0.3399,-1,-1,-1
503,-1,0.18,900.97,108.17,176.38,0.3248,-1,-1,-1
503,-1,0.04,641.58,109.86,428.97,0.2655,-1,-1,-1
503,-1,545.65,454.00,27.25,79.11,0.2110,-1,-1,-1
503,-1,1098.10,486.55,50.42,109.36,0.1721,-1,-1,-1
503,-1,1877.32,426.14,41.99,219.67,0.1719,-1,-1,-1
503,-1,636.03,449.69,26.91,85.33,0.1469,-1,-1,-1
503,-1,534.00,454.47,27.15,78.53,0.1462,-1,-1,-1
503,-1,419.41,466.79,37.67,92.39,0.1361,-1,-1,-1
503,-1,1075.46,455.38,32.12,119.85,0.1309,-1,-1,-1
503,-1,379.18,466.44,48.62,107.49,0.1304,-1,-1,-1
503,-1,1093.64,459.84,62.20,135.47,0.1123,-1,-1,-1
504,-1,1704.73,413.55,215.27,492.47,0.8593,-1,-1,-1
504,-1,1292.17,413.38,164.44,605.42,0.8354,-1,-1,-1
504,-1,1408.29,414.89,158.07,546.46,0.7675,-1,-1,-1
504,-1,701.08,432.97,79.99,268.79,0.7568,-1,-1,-1
504,-1,1514.85,375.77,232.85,694.06,0.7402,-1,-1,-1
504,-1,986.70,446.73,97.25,234.91,0.7200,-1,-1,-1
504,-1,877.49,425.72,105.87,298.97,0.7060,-1,-1,-1
504,-1,186.71,483.50,103.17,225.35,0.5782,-1,-1,-1
504,-1,572.57,452.59,29.41,82.60,0.4605,-1,-1,-1
504,-1,861.69,411.21,72.07,298.22,0.3836,-1,-1,-1
504,-1,865.35,408.65,97.37,307.04,0.3317,-1,-1,-1
504,-1,538.91,456.30,28.79,79.41,0.2932,-1,-1,-1
504,-1,1870.51,389.62,49.04,258.85,0.2241,-1,-1,-1
504,-1,548.60,457.05,24.07,76.43,0.1889,-1,-1,-1
504,-1,0.36,912.20,88.63,165.97,0.1863,-1,-1,-1
504,-1,1073.39,452.77,37.84,125.31,0.1787,-1,-1,-1
504,-1,1885.75,413.68,33.64,222.37,0.1560,-1,-1,-1
504,-1,533.66,456.94,30.01,75.28,0.1360,-1,-1,-1
504,-1,635.77,455.38,28.54,84.45,0.1335,-1,-1,-1
504,-1,531.45,459.45,24.10,73.49,0.1301,-1,-1,-1
504,-1,542.67,443.95,31.71,91.79,0.1287,-1,-1,-1
504,-1,1100.86,464.64,53.27,130.75,0.1143,-1,-1,-1
504,-1,378.14,466.21,50.11,106.24,0.1026,-1,-1,-1
505,-1,1715.16,408.53,204.84,501.72,0.8727,-1,-1,-1
505,-1,1308.59,413.92,156.98,611.50,0.8288,-1,-1,-1
505,-1,1518.73,376.87,228.75,695.60,0.8039,-1,-1,-1
505,-1,1418.45,412.88,150.91,565.42,0.7761,-1,-1,-1
505,-1,693.97,432.16,90.62,269.19,0.7717,-1,-1,-1
505,-1,1000.15,445.87,85.52,232.66,0.6576,-1,-1,-1
505,-1,884.03,437.32,114.65,289.82,0.6467,-1,-1,-1
505,-1,177.61,485.73,108.99,225.35,0.6150,-1,-1,-1
505,-1,572.38,454.49,29.93,80.16,0.4649,-1,-1,-1
505,-1,866.42,411.91,62.20,289.61,0.4536,-1,-1,-1
505,-1,872.70,418.45,102.41,296.32,0.3524,-1,-1,-1
505,-1,541.28,453.49,29.00,81.78,0.2986,-1,-1,-1
505,-1,1867.74,386.23,51.79,248.45,0.2317,-1,-1,-1
505,-1,1073.57,449.39,41.46,130.02,0.2209,-1,-1,-1
505,-1,634.76,454.99,28.55,84.30,0.1549,-1,-1,-1
505,-1,563.87,447.80,40.25,87.67,0.1469,-1,-1,-1
505,-1,534.20,457.31,32.26,75.70,0.1396,-1,-1,-1
505,-1,1892.50,416.00,26.90,210.39,0.1274,-1,-1,-1
505,-1,531.33,458.09,26.59,75.08,0.1273,-1,-1,-1
505,-1,1864.84,393.58,54.69,437.46,0.1159,-1,-1,-1
505,-1,671.13,459.52,29.94,79.91,0.1143,-1,-1,-1
505,-1,869.57,424.47,78.14,275.04,0.1142,-1,-1,-1
505,-1,920.20,446.85,77.59,270.44,0.1011,-1,-1,-1
506,-1,1723.57,404.89,196.43,504.45,0.8478,-1,-1,-1
506,-1,1308.71,412.43,163.31,626.44,0.8339,-1,-1,-1
506,-1,1519.81,375.40,230.35,693.88,0.7597,-1,-1,-1
506,-1,157.30,486.29,131.41,223.54,0.7531,-1,-1,-1
506,-1,1436.57,420.07,133.47,546.36,0.7487,-1,-1,-1
506,-1,697.89,433.45,90.53,265.98,0.7440,-1,-1,-1
506,-1,896.18,443.14,113.90,282.61,0.6881,-1,-1,-1
506,-1,869.67,405.69,59.30,292.03,0.5079,-1,-1,-1
506,-1,1008.51,447.23,83.48,230.29,0.4887,-1,-1,-1
506,-1,573.50,455.54,29.17,78.37,0.4827,-1,-1,-1
506,-1,541.14,458.25,30.13,76.01,0.3741,-1,-1,-1
506,-1,1863.98,385.74,55.54,266.36,0.2907,-1,-1,-1
506,-1,1861.78,388.28,57.76,474.67,0.2445,-1,-1,-1
506,-1,634.88,454.57,29.04,84.90,0.2062,-1,-1,-1
506,-1,1025.84,448.10,84.92,231.73,0.1703,-1,-1,-1
506,-1,873.93,437.50,112.37,284.29,0.1701,-1,-1,-1
506,-1,1073.52,451.35,42.63,132.60,0.1517,-1,-1,-1
506,-1,1885.18,398.27,34.27,241.85,0.1494,-1,-1,-1
506,-1,564.52,447.99,40.35,87.11,0.1287,-1,-1,-1
506,-1,419.10,467.41,36.44,87.75,0.1259,-1,-1,-1
506,-1,668.45,461.01,29.36,77.58,0.1251,-1,-1,-1
506,-1,535.40,456.48,31.83,75.46,0.1119,-1,-1,-1
507,-1,1313.76,412.26,167.70,634.04,0.8060,-1,-1,-1
507,-1,1734.95,396.92,183.81,514.90,0.8012,-1,-1,-1
507,-1,1524.41,379.10,225.94,692.51,0.7869,-1,-1,-1
507,-1,895.64,443.44,127.17,279.76,0.7288,-1,-1,-1
507,-1,704.21,435.71,85.85,265.82,0.7158,-1,-1,-1
507,-1,146.08,485.45,119.54,226.44,0.6660,-1,-1,-1
507,-1,1450.69,424.25,120.89,548.63,0.6230,-1,-1,-1
507,-1,1018.96,466.00,78.05,212.97,0.5997,-1,-1,-1
507,-1,870.44,410.88,64.86,284.37,0.5211,-1,-1,-1
507,-1,573.31,454.97,29.79,78.66,0.4967,-1,-1,-1
507,-1,541.23,454.72,29.91,79.29,0.4024,-1,-1,-1
507,-1,1877.90,388.99,41.26,221.37,0.2298,-1,-1,-1
507,-1,1868.99,385.63,50.53,267.00,0.1913,-1,-1,-1
507,-1,635.51,455.71,27.83,82.52,0.1854,-1,-1,-1
507,-1,1100.34,444.24,57.82,146.52,0.1835,-1,-1,-1
507,-1,869.80,420.63,65.36,183.34,0.1508,-1,-1,-1
507,-1,1888.53,402.39,30.85,251.67,0.1492,-1,-1,-1
507,-1,1074.14,452.15,40.30,128.48,0.1389,-1,-1,-1
507,-1,670.42,458.41,28.77,78.31,0.1313,-1,-1,-1
507,-1,1864.65,389.79,54.90,473.88,0.1244,-1,-1,-1
507,-1,876.15,440.65,84.40,277.21,0.1168,-1,-1,-1
507,-1,1157.73,439.72,40.15,90.69,0.1110,-1,-1,-1
507,-1,418.55,467.94,37.66,80.40,0.1098,-1,-1,-1
508,-1,1743.32,394.70,176.68,516.21,0.8052,-1,-1,-1
508,-1,1322.32,412.74,178.88,635.00,0.7831,-1,-1,-1
508,-1,1524.21,376.86,239.96,695.18,0.7817,-1,-1,-1
508,-1,897.46,446.75,135.18,278.68,0.7715,-1,-1,-1
508,-1,1457.46,411.15,120.03,545.73,0.7668,-1,-1,-1
508,-1,707.88,445.82,99.08,251.79,0.7346,-1,-1,-1
508,-1,140.53,486.24,116.92,231.08,0.6533,-1,-1,-1
508,-1,870.42,424.54,66.55,273.88,0.5356,-1,-1,-1
508,-1,1024.25,452.27,74.88,226.50,0.5317,-1,-1,-1
508,-1,572.08,453.34,30.33,81.62,0.4695,-1,-1,-1
508,-1,539.18,453.81,28.35,81.58,0.3004,-1,-1,-1
508,-1,1871.25,398.22,48.27,476.64,0.1866,-1,-1,-1
508,-1,872.63,421.92,64.38,199.84,0.1828,-1,-1,-1
508,-1,544.31,453.88,27.83,79.38,0.1762,-1,-1,-1
508,-1,636.55,455.42,26.43,84.25,0.1703,-1,-1,-1
508,-1,1882.39,391.08,36.92,178.96,0.1669,-1,-1,-1
508,-1,668.40,458.99,30.50,78.81,0.1330,-1,-1,-1
508,-1,1890.33,416.23,28.93,211.77,0.1188,-1,-1,-1
508,-1,378.23,462.41,49.88,111.87,0.1177,-1,-1,-1
508,-1,1101.71,488.55,46.92,106.01,0.1090,-1,-1,-1
508,-1,691.77,454.10,39.81,84.34,0.1010,-1,-1,-1
509,-1,899.38,441.91,143.28,284.62,0.8129,-1,-1,-1
509,-1,1319.59,411.47,208.19,645.45,0.8066,-1,-1,-1
509,-1,1531.76,378.30,251.52,695.32,0.8053,-1,-1,-1
509,-1,1753.53,396.31,166.47,492.87,0.7910,-1,-1,-1
509,-1,1460.99,413.08,124.93,572.53,0.7413,-1,-1,-1
509,-1,712.02,445.61,98.67,252.33,0.7163,-1,-1,-1
509,-1,870.26,430.84,66.66,266.45,0.5954,-1,-1,-1
509,-1,123.08,488.96,117.52,221.34,0.5605,-1,-1,-1
509,-1,571.23,454.12,29.40,80.83,0.4187,-1,-1,-1
509,-1,1031.25,469.84,67.37,208.60,0.4145,-1,-1,-1
509,-1,539.73,454.27,28.01,81.04,0.3069,-1,-1,-1
509,-1,1099.79,432.86,57.40,159.03,0.2852,-1,-1,-1
509,-1,636.98,455.13,27.94,85.09,0.1602,-1,-1,-1
509,-1,562.43,448.13,40.73,86.84,0.1561,-1,-1,-1
509,-1,541.78,447.22,33.50,87.95,0.1242,-1,-1,-1
509,-1,1877.07,384.80,42.56,477.02,0.1114,-1,-1,-1
509,-1,578.55,453.25,25.83,81.61,0.1064,-1,-1,-1
509,-1,1157.47,439.96,39.88,90.78,0.1055,-1,-1,-1
510,-1,1767.74,395.51,151.43,487.09,0.8309,-1,-1,-1
510,-1,1318.96,412.67,225.39,647.62,0.8303,-1,-1,-1
510,-1,900.28,441.84,140.80,284.84,0.8290,-1,-1,-1
510,-1,1539.57,377.93,257.24,696.70,0.7936,-1,-1,-1
510,-1,708.30,444.15,122.29,251.39,0.7672,-1,-1,-1
510,-1,1466.53,420.10,123.49,555.01,0.7381,-1,-1,-1
510,-1,104.07,484.48,126.46,222.98,0.6974,-1,-1,-1
510,-1,870.28,424.10,69.57,273.94,0.5520,-1,-1,-1
510,-1,1034.09,467.41,74.21,206.49,0.5431,-1,-1,-1
510,-1,1098.62,438.00,58.17,153.86,0.4308,-1,-1,-1
510,-1,571.29,453.17,29.87,81.70,0.4285,-1,-1,-1
510,-1,540.95,454.50,29.33,80.23,0.3474,-1,-1,-1
510,-1,638.52,456.67,28.59,87.39,0.2592,-1,-1,-1
510,-1,562.76,448.36,41.52,86.26,0.1588,-1,-1,-1
510,-1,671.94,457.52,32.33,79.08,0.1266,-1,-1,-1
510,-1,418.98,468.00,35.59,95.74,0.1207,-1,-1,-1
510,-1,579.71,453.45,24.71,80.91,0.1155,-1,-1,-1
510,-1,535.36,458.75,25.69,75.23,0.1126,-1,-1,-1
510,-1,1158.22,439.88,39.30,90.83,0.1110,-1,-1,-1
510,-1,679.40,455.41,29.78,83.24,0.1018,-1,-1,-1
511,-1,1316.99,416.45,241.90,643.57,0.8432,-1,-1,-1
511,-1,900.71,443.05,151.51,281.63,0.8218,-1,-1,-1
511,-1,1543.34,376.28,306.76,698.89,0.8129,-1,-1,-1
511,-1,1778.19,394.95,141.02,478.83,0.8054,-1,-1,-1
511,-1,706.09,439.68,124.11,256.10,0.7442,-1,-1,-1
511,-1,1471.02,417.46,123.52,541.92,0.7004,-1,-1,-1
511,-1,1030.68,460.86,85.62,216.96,0.6433,-1,-1,-1
511,-1,570.73,452.28,30.36,81.71,0.4590,-1,-1,-1
511,-1,872.43,430.58,70.40,267.19,0.4314,-1,-1,-1
511,-1,1098.04,436.77,57.46,153.64,0.3424,-1,-1,-1
511,-1,93.91,487.57,136.38,229.96,0.3120,-1,-1,-1
511,-1,541.37,454.34,28.12,79.44,0.3075,-1,-1,-1
511,-1,638.08,458.06,27.93,86.27,0.2336,-1,-1,-1
511,-1,672.35,456.48,29.05,77.64,0.1569,-1,-1,-1
511,-1,379.88,461.27,48.18,112.81,0.1451,-1,-1,-1
511,-1,1106.35,461.02,47.92,131.16,0.1386,-1,-1,-1
511,-1,419.69,467.99,35.10,96.80,0.1302,-1,-1,-1
511,-1,680.28,455.29,28.52,80.45,0.1296,-1,-1,-1
511,-1,578.93,452.81,25.17,80.66,0.1129,-1,-1,-1
511,-1,534.45,458.78,22.29,74.11,0.1019,-1,-1,-1
511,-1,121.92,490.93,93.66,128.59,0.1007,-1,-1,-1
512,-1,1315.98,419.69,245.04,644.78,0.8442,-1,-1,-1
512,-1,1787.16,393.05,132.05,489.54,0.8305,-1,-1,-1
512,-1,900.61,444.47,152.49,280.98,0.8127,-1,-1,-1
512,-1,1546.20,375.29,281.07,698.02,0.8003,-1,-1,-1
512,-1,712.27,439.28,119.93,256.32,0.7696,-1,-1,-1
512,-1,1472.59,419.98,121.95,539.89,0.7416,-1,-1,-1
512,-1,1032.20,455.85,91.54,223.11,0.6610,-1,-1,-1
512,-1,79.27,483.73,124.42,247.54,0.5574,-1,-1,-1
512,-1,871.44,427.12,73.66,270.70,0.5012,-1,-1,-1
512,-1,571.07,453.94,28.50,80.41,0.4207,-1,-1,-1
512,-1,539.96,452.54,28.26,82.82,0.3710,-1,-1,-1
512,-1,1095.73,431.92,61.73,157.16,0.2605,-1,-1,-1
512,-1,638.25,457.49,29.10,86.61,0.2409,-1,-1,-1
512,-1,700.69,459.57,42.30,117.53,0.2255,-1,-1,-1
512,-1,109.74,497.70,97.06,234.75,0.2214,-1,-1,-1
512,-1,377.40,459.47,48.17,112.39,0.2141,-1,-1,-1
512,-1,671.05,458.83,32.25,75.89,0.1622,-1,-1,-1
512,-1,564.95,448.45,37.94,86.30,0.1597,-1,-1,-1
512,-1,536.28,459.50,27.41,74.95,0.1528,-1,-1,-1
512,-1,872.87,431.92,56.98,218.03,0.1196,-1,-1,-1
512,-1,417.85,468.23,38.01,96.29,0.1173,-1,-1,-1
512,-1,1107.19,480.95,46.61,111.78,0.1152,-1,-1,-1
512,-1,679.26,456.55,28.58,81.00,0.1051,-1,-1,-1
513,-1,1315.39,419.32,248.23,650.63,0.8337,-1,-1,-1
513,-1,1801.58,391.14,117.55,489.78,0.8068,-1,-1,-1
513,-1,62.29,479.70,133.68,246.55,0.7757,-1,-1,-1
513,-1,900.10,448.12,153.65,277.88,0.7756,-1,-1,-1
513,-1,1551.82,374.16,286.19,699.17,0.7723,-1,-1,-1
513,-1,718.78,439.89,115.39,258.12,0.7553,-1,-1,-1
513,-1,1480.97,419.84,120.09,549.12,0.7349,-1,-1,-1
513,-1,1041.14,447.87,92.11,229.24,0.6389,-1,-1,-1
513,-1,872.03,422.17,75.08,275.60,0.4786,-1,-1,-1
513,-1,572.69,453.19,28.25,81.12,0.3997,-1,-1,-1
513,-1,540.94,453.57,28.87,81.00,0.3883,-1,-1,-1
513,-1,698.91,457.59,37.33,119.69,0.2890,-1,-1,-1
513,-1,377.29,458.94,48.47,113.12,0.2315,-1,-1,-1
513,-1,639.18,454.77,31.25,89.31,0.2213,-1,-1,-1
513,-1,1097.85,433.09,60.34,157.07,0.2078,-1,-1,-1
513,-1,876.09,430.58,51.09,205.21,0.1744,-1,-1,-1
513,-1,670.22,457.46,30.76,78.05,0.1721,-1,-1,-1
513,-1,705.77,454.17,45.95,123.13,0.1320,-1,-1,-1
513,-1,1104.32,481.18,49.47,112.77,0.1307,-1,-1,-1
513,-1,874.53,454.68,91.21,246.00,0.1277,-1,-1,-1
513,-1,632.33,455.52,32.78,87.50,0.1261,-1,-1,-1
513,-1,536.81,458.39,27.42,75.67,0.1233,-1,-1,-1
513,-1,417.93,468.30,37.96,96.20,0.1145,-1,-1,-1
514,-1,1811.27,388.33,107.81,497.70,0.8173,-1,-1,-1
514,-1,1318.19,416.92,247.59,648.71,0.8123,-1,-1,-1
514,-1,726.06,441.18,108.66,254.55,0.7892,-1,-1,-1
514,-1,899.47,451.34,157.98,274.77,0.7766,-1,-1,-1
514,-1,1557.03,377.69,255.54,697.01,0.7425,-1,-1,-1
514,-1,49.61,479.40,136.96,243.84,0.7335,-1,-1,-1
514,-1,1482.63,424.94,123.11,529.77,0.6905,-1,-1,-1
514,-1,1043.39,452.23,92.73,224.35,0.6408,-1,-1,-1
514,-1,873.17,417.64,88.02,282.28,0.5474,-1,-1,-1
514,-1,572.14,453.70,28.12,80.06,0.3746,-1,-1,-1
514,-1,696.86,457.16,36.33,118.98,0.3701,-1,-1,-1
514,-1,541.26,452.88,28.21,81.09,0.3249,-1,-1,-1
514,-1,637.93,454.74,31.74,90.11,0.2681,-1,-1,-1
514,-1,374.73,458.56,50.99,113.65,0.2031,-1,-1,-1
514,-1,1106.20,473.73,48.57,118.81,0.1915,-1,-1,-1
514,-1,671.30,459.45,27.84,76.08,0.1837,-1,-1,-1
514,-1,1102.06,446.18,56.94,142.29,0.1696,-1,-1,-1
514,-1,565.30,449.38,37.82,85.31,0.1435,-1,-1,-1
514,-1,719.83,450.34,38.44,120.04,0.1351,-1,-1,-1
514,-1,691.24,454.21,34.10,122.75,0.1091,-1,-1,-1
514,-1,536.24,458.73,26.69,74.01,0.1063,-1,-1,-1
515,-1,1320.31,417.89,245.19,646.55,0.8267,-1,-1,-1
515,-1,902.25,440.97,157.48,286.48,0.8024,-1,-1,-1
515,-1,1817.16,386.73,101.88,490.03,0.8008,-1,-1,-1
515,-1,726.35,440.03,107.20,255.55,0.7731,-1,-1,-1
515,-1,1487.44,425.12,121.07,522.04,0.7225,-1,-1,-1
515,-1,35.42,484.19,151.89,250.79,0.7206,-1,-1,-1
515,-1,1560.08,374.55,264.97,701.06,0.6907,-1,-1,-1
515,-1,877.94,412.44,88.98,288.75,0.5995,-1,-1,-1
515,-1,1044.28,452.30,96.37,224.56,0.5808,-1,-1,-1
515,-1,693.82,454.54,39.42,122.28,0.4371,-1,-1,-1
515,-1,570.87,450.93,27.87,81.86,0.4303,-1,-1,-1
515,-1,638.42,455.46,31.07,88.87,0.3192,-1,-1,-1
515,-1,541.29,451.57,27.52,82.27,0.3006,-1,-1,-1
515,-1,549.16,451.70,22.74,80.92,0.2124,-1,-1,-1
515,-1,564.61,448.83,38.10,86.55,0.2088,-1,-1,-1
515,-1,1559.02,390.63,220.86,549.11,0.2080,-1,-1,-1
515,-1,375.59,457.68,52.82,115.00,0.1826,-1,-1,-1
515,-1,1103.95,472.94,50.50,118.34,0.1738,-1,-1,-1
515,-1,671.72,456.50,28.15,79.40,0.1738,-1,-1,-1
515,-1,543.94,445.77,31.89,89.08,0.1683,-1,-1,-1
515,-1,1559.14,404.84,150.92,542.38,0.1374,-1,-1,-1
515,-1,681.40,456.08,34.68,115.75,0.1366,-1,-1,-1
515,-1,720.42,446.85,41.12,122.70,0.1298,-1,-1,-1
515,-1,576.46,448.80,28.09,86.28,0.1144,-1,-1,-1
515,-1,535.60,457.98,25.59,73.72,0.1127,-1,-1,-1
516,-1,1322.31,417.03,246.71,647.82,0.8404,-1,-1,-1
516,-1,1826.32,391.52,92.80,507.20,0.7925,-1,-1,-1
516,-1,1566.81,379.64,285.15,695.39,0.7833,-1,-1,-1
516,-1,729.14,436.82,106.58,256.80,0.7685,-1,-1,-1
516,-1,907.91,444.45,151.16,280.75,0.7437,-1,-1,-1
516,-1,23.40,482.68,139.58,258.56,0.7338,-1,-1,-1
516,-1,877.33,412.08,88.99,292.48,0.6702,-1,-1,-1
516,-1,1493.09,432.57,124.34,515.09,0.5660,-1,-1,-1
516,-1,1046.93,449.28,81.09,231.02,0.5204,-1,-1,-1
516,-1,569.79,450.28,28.98,83.51,0.4529,-1,-1,-1
516,-1,692.64,452.36,39.61,124.27,0.4327,-1,-1,-1
516,-1,542.95,449.88,26.42,84.43,0.2615,-1,-1,-1
516,-1,1105.86,469.29,49.31,121.09,0.2603,-1,-1,-1
516,-1,639.89,455.74,30.24,89.36,0.2557,-1,-1,-1
516,-1,555.65,452.16,25.41,80.74,0.2005,-1,-1,-1
516,-1,562.45,448.15,40.33,88.52,0.2000,-1,-1,-1
516,-1,377.32,457.86,51.55,115.45,0.1969,-1,-1,-1
516,-1,686.66,450.83,38.24,126.55,0.1858,-1,-1,-1
516,-1,545.89,443.86,31.70,91.67,0.1476,-1,-1,-1
516,-1,672.46,456.69,25.48,83.22,0.1413,-1,-1,-1
516,-1,574.19,447.67,30.03,88.30,0.1232,-1,-1,-1
517,-1,1327.58,417.12,245.91,648.48,0.8417,-1,-1,-1
517,-1,737.60,435.69,96.87,256.65,0.7528,-1,-1,-1
517,-1,1836.72,391.33,82.38,505.32,0.7394,-1,-1,-1
517,-1,10.12,482.63,143.80,260.07,0.7128,-1,-1,-1
517,-1,878.28,414.20,90.26,291.52,0.6953,-1,-1,-1
517,-1,913.68,444.93,146.49,279.20,0.6822,-1,-1,-1
517,-1,1574.95,379.14,250.33,695.77,0.6672,-1,-1,-1
517,-1,1501.93,421.26,129.03,520.87,0.5771,-1,-1,-1
517,-1,1047.22,454.12,97.30,221.33,0.5072,-1,-1,-1
517,-1,570.32,451.45,28.59,82.55,0.4777,-1,-1,-1
517,-1,687.22,452.35,43.53,124.02,0.4182,-1,-1,-1
517,-1,642.25,456.09,28.57,87.48,0.2712,-1,-1,-1
517,-1,542.11,452.34,26.88,81.74,0.2626,-1,-1,-1
517,-1,377.14,457.65,50.86,115.49,0.2242,-1,-1,-1
517,-1,555.58,453.04,22.58,79.84,0.2190,-1,-1,-1
517,-1,562.88,449.56,40.65,86.90,0.1830,-1,-1,-1
517,-1,1479.40,435.49,128.84,538.62,0.1784,-1,-1,-1
517,-1,674.32,456.44,24.49,84.17,0.1385,-1,-1,-1
517,-1,1104.75,448.32,53.33,138.65,0.1342,-1,-1,-1
517,-1,544.61,446.62,32.19,89.06,0.1198,-1,-1,-1
517,-1,576.25,451.08,27.45,84.50,0.1127,-1,-1,-1
517,-1,956.73,439.48,93.51,280.80,0.1090,-1,-1,-1
518,-1,1328.80,417.63,247.42,648.60,0.8523,-1,-1,-1
518,-1,743.74,434.18,94.70,257.14,0.7692,-1,-1,-1
518,-1,1582.49,383.38,232.75,692.26,0.7463,-1,-1,-1
518,-1,914.20,442.04,145.56,282.77,0.7386,-1,-1,-1
518,-1,1842.07,401.99,77.49,474.96,0.7331,-1,-1,-1
518,-1,874.94,414.14,93.27,291.08,0.7203,-1,-1,-1
518,-1,2.52,486.75,142.08,258.22,0.7011,-1,-1,-1
518,-1,1507.60,421.07,127.29,516.76,0.5568,-1,-1,-1
518,-1,1046.41,447.07,100.50,227.62,0.5187,-1,-1,-1
518,-1,571.69,453.54,29.48,81.52,0.4581,-1,-1,-1
518,-1,685.73,452.52,43.36,123.79,0.4214,-1,-1,-1
518,-1,542.24,454.75,27.75,79.11,0.2625,-1,-1,-1
518,-1,644.03,460.92,28.90,82.89,0.2183,-1,-1,-1
518,-1,553.79,454.71,20.39,78.24,0.2085,-1,-1,-1
518,-1,375.89,458.40,51.87,114.60,0.1689,-1,-1,-1
518,-1,1106.43,446.22,56.13,140.37,0.1345,-1,-1,-1
518,-1,956.01,439.06,95.38,285.67,0.1202,-1,-1,-1
518,-1,717.54,447.15,35.02,102.98,0.1159,-1,-1,-1
518,-1,672.55,457.40,24.33,85.28,0.1050,-1,-1,-1
518,-1,417.68,466.89,38.57,97.88,0.1037,-1,-1,-1
519,-1,1331.00,415.68,245.99,650.10,0.8457,-1,-1,-1
519,-1,746.74,433.26,93.29,258.82,0.7683,-1,-1,-1
519,-1,879.61,411.54,85.33,293.05,0.7025,-1,-1,-1
519,-1,1583.24,382.70,326.20,691.19,0.6872,-1,-1,-1
519,-1,1851.06,398.66,68.42,474.01,0.6577,-1,-1,-1
519,-1,934.67,442.91,126.59,281.46,0.6460,-1,-1,-1
519,-1,2.04,498.76,137.08,251.15,0.5877,-1,-1,-1
519,-1,679.27,452.59,47.48,122.30,0.5529,-1,-1,-1
519,-1,1512.38,423.27,131.22,527.62,0.4826,-1,-1,-1
519,-1,1050.21,439.86,100.34,234.44,0.4772,-1,-1,-1
519,-1,572.57,454.23,29.17,80.27,0.4752,-1,-1,-1
519,-1,965.92,439.13,103.77,284.79,0.3747,-1,-1,-1
519,-1,542.48,455.24,27.45,78.07,0.2680,-1,-1,-1
519,-1,643.58,457.69,26.47,86.43,0.2485,-1,-1,-1
519,-1,553.90,455.38,19.99,77.56,0.2016,-1,-1,-1
519,-1,717.39,450.14,33.79,100.78,0.1963,-1,-1,-1
519,-1,374.59,459.81,52.27,112.97,0.1451,-1,-1,-1
519,-1,1582.35,444.35,172.64,628.99,0.1143,-1,-1,-1
519,-1,1547.31,442.18,106.28,499.80,0.1142,-1,-1,-1
519,-1,673.05,455.83,27.88,100.74,0.1013,-1,-1,-1
520,-1,1333.34,412.77,245.55,654.65,0.8478,-1,-1,-1
520,-1,931.35,440.76,134.43,283.50,0.7915,-1,-1,-1
520,-1,0.00,478.78,145.67,277.13,0.7708,-1,-1,-1
520,-1,754.70,434.29,87.56,255.99,0.6992,-1,-1,-1
520,-1,880.19,409.42,86.11,292.39,0.6920,-1,-1,-1
520,-1,1592.31,383.63,229.92,692.67,0.6875,-1,-1,-1
520,-1,1864.00,411.44,55.51,467.59,0.5930,-1,-1,-1
520,-1,1522.41,430.41,125.75,519.17,0.5548,-1,-1,-1
520,-1,679.70,450.68,45.49,123.56,0.5466,-1,-1,-1
520,-1,1050.88,443.60,101.62,232.10,0.5258,-1,-1,-1
520,-1,572.32,453.32,30.11,80.95,0.4121,-1,-1,-1
520,-1,542.95,458.18,26.73,75.17,0.2744,-1,-1,-1
520,-1,644.45,463.27,25.35,79.17,0.2281,-1,-1,-1
520,-1,553.78,456.28,20.47,77.14,0.2116,-1,-1,-1
520,-1,717.07,449.63,32.70,96.88,0.2057,-1,-1,-1
520,-1,675.30,453.69,29.28,108.39,0.1255,-1,-1,-1
520,-1,377.59,460.20,48.96,112.37,0.1250,-1,-1,-1
520,-1,2.27,478.14,105.56,172.60,0.1107,-1,-1,-1
521,-1,1336.82,411.60,244.21,656.97,0.8268,-1,-1,-1
521,-1,934.28,439.92,133.43,284.24,0.7634,-1,-1,-1
521,-1,758.57,437.09,85.34,249.62,0.7033,-1,-1,-1
521,-1,880.78,407.95,86.48,292.86,0.6939,-1,-1,-1
521,-1,1589.87,383.51,265.39,692.39,0.6403,-1,-1,-1
521,-1,1051.78,440.06,101.80,235.83,0.5866,-1,-1,-1
521,-1,675.84,452.05,48.26,122.14,0.5761,-1,-1,-1
521,-1,0.00,481.94,120.02,265.25,0.5732,-1,-1,-1
521,-1,1526.43,425.51,129.24,532.61,0.5700,-1,-1,-1
521,-1,1868.66,429.76,50.86,436.31,0.3752,-1,-1,-1
521,-1,572.57,454.99,29.43,78.50,0.3026,-1,-1,-1
521,-1,1835.74,482.16,48.68,154.66,0.2493,-1,-1,-1
521,-1,717.40,448.70,32.88,99.18,0.2401,-1,-1,-1
521,-1,543.02,459.62,26.10,72.48,0.2129,-1,-1,-1
521,-1,1870.69,455.03,48.65,208.80,0.2045,-1,-1,-1
521,-1,1729.83,396.31,189.31,676.77,0.1895,-1,-1,-1
521,-1,378.35,459.69,49.94,114.01,0.1670,-1,-1,-1
521,-1,554.39,458.20,19.74,74.15,0.1536,-1,-1,-1
521,-1,646.05,465.02,25.19,76.82,0.1475,-1,-1,-1
521,-1,1873.07,447.95,46.10,327.11,0.1291,-1,-1,-1
521,-1,0.23,482.00,94.59,230.01,0.1159,-1,-1,-1
522,-1,1341.92,412.74,251.20,656.18,0.8064,-1,-1,-1
522,-1,954.65,435.41,116.13,288.67,0.7991,-1,-1,-1
522,-1,762.31,436.34,84.21,246.15,0.6888,-1,-1,-1
522,-1,881.56,405.25,84.60,298.15,0.6827,-1,-1,-1
522,-1,1596.82,381.75,266.18,693.50,0.6724,-1,-1,-1
522,-1,1053.72,440.73,102.03,235.62,0.6353,-1,-1,-1
522,-1,1533.13,420.91,145.89,532.20,0.6024,-1,-1,-1
522,-1,673.44,450.67,49.91,123.96,0.5490,-1,-1,-1
522,-1,0.00,479.69,94.66,277.17,0.5280,-1,-1,-1
522,-1,574.21,453.88,24.95,79.12,0.2965,-1,-1,-1
522,-1,717.50,449.39,32.95,97.46,0.2665,-1,-1,-1
522,-1,543.05,459.78,25.74,72.37,0.2135,-1,-1,-1
522,-1,1879.00,389.69,40.27,267.56,0.1952,-1,-1,-1
522,-1,1861.26,389.64,58.27,477.96,0.1944,-1,-1,-1
522,-1,378.69,459.26,49.35,114.32,0.1912,-1,-1,-1
522,-1,1836.11,483.28,53.10,150.84,0.1807,-1,-1,-1
522,-1,1867.30,463.97,52.03,192.44,0.1651,-1,-1,-1
522,-1,554.92,458.40,19.84,74.33,0.1562,-1,-1,-1
522,-1,61.02,535.96,48.82,103.64,0.1296,-1,-1,-1
522,-1,645.10,462.60,29.02,81.04,0.1282,-1,-1,-1
523,-1,1352.77,413.45,239.10,656.97,0.8142,-1,-1,-1
523,-1,961.19,438.32,107.11,285.10,0.8051,-1,-1,-1
523,-1,1618.36,376.86,292.11,696.95,0.7541,-1,-1,-1
523,-1,761.91,433.86,89.75,251.82,0.7023,-1,-1,-1
523,-1,887.65,406.02,80.64,296.96,0.7011,-1,-1,-1
523,-1,1055.38,450.23,100.41,225.42,0.6723,-1,-1,-1
523,-1,673.17,451.77,49.99,124.08,0.6381,-1,-1,-1
523,-1,1541.42,422.49,148.30,535.57,0.6245,-1,-1,-1
523,-1,0.00,491.39,99.30,269.72,0.5834,-1,-1,-1
523,-1,577.76,453.97,24.09,79.43,0.3498,-1,-1,-1
523,-1,716.40,449.49,33.76,93.61,0.3415,-1,-1,-1
523,-1,543.00,460.59,26.19,71.94,0.3288,-1,-1,-1
523,-1,0.21,499.09,69.48,245.06,0.3156,-1,-1,-1
523,-1,1876.03,415.12,43.22,230.81,0.2720,-1,-1,-1
523,-1,552.15,457.85,21.32,74.92,0.2088,-1,-1,-1
523,-1,1862.61,396.45,56.90,245.60,0.1817,-1,-1,-1
523,-1,644.37,455.40,28.90,86.53,0.1452,-1,-1,-1
523,-1,1859.70,399.82,59.81,348.68,0.1422,-1,-1,-1
523,-1,375.56,459.54,52.18,113.45,0.1404,-1,-1,-1
523,-1,581.78,450.57,24.08,82.75,0.1192,-1,-1,-1
523,-1,1111.57,452.04,45.39,203.65,0.1139,-1,-1,-1
523,-1,417.16,466.95,39.69,98.34,0.1074,-1,-1,-1
523,-1,313.76,455.74,45.46,113.24,0.1022,-1,-1,-1
523,-1,31.27,528.86,69.07,161.16,0.1003,-1,-1,-1
524,-1,1363.00,410.40,232.22,657.54,0.8098,-1,-1,-1
524,-1,1588.20,373.55,328.30,701.62,0.7950,-1,-1,-1
524,-1,970.74,436.51,104.68,285.19,0.7887,-1,-1,-1
524,-1,883.13,404.48,89.86,299.84,0.7779,-1,-1,-1
524,-1,759.88,432.67,96.21,255.99,0.6809,-1,-1,-1
524,-1,1057.64,445.52,99.68,229.60,0.6807,-1,-1,-1
524,-1,674.48,451.19,46.35,124.87,0.5314,-1,-1,-1
524,-1,1541.64,427.04,153.10,554.21,0.5177,-1,-1,-1
524,-1,716.27,447.09,35.61,94.62,0.4388,-1,-1,-1
524,-1,575.24,454.29,28.50,80.41,0.3794,-1,-1,-1
524,-1,543.00,461.96,27.55,72.00,0.3781,-1,-1,-1
524,-1,0.00,516.88,117.63,252.81,0.2211,-1,-1,-1
524,-1,1879.29,407.87,40.01,245.07,0.2091,-1,-1,-1
524,-1,0.07,503.39,62.16,262.95,0.2060,-1,-1,-1
524,-1,582.50,455.20,23.14,79.40,0.1833,-1,-1,-1
524,-1,1866.19,389.65,53.34,271.52,0.1374,-1,-1,-1
524,-1,0.27,520.57,51.66,177.50,0.1130,-1,-1,-1
524,-1,375.73,461.21,51.63,112.15,0.1103,-1,-1,-1
524,-1,417.22,466.13,39.17,99.71,0.1080,-1,-1,-1
524,-1,313.66,454.03,43.33,115.50,0.1010,-1,-1,-1
525,-1,1615.47,375.03,303.12,697.31,0.8110,-1,-1,-1
525,-1,1385.28,408.01,215.17,657.98,0.8105,-1,-1,-1
525,-1,896.52,406.34,81.26,300.02,0.7423,-1,-1,-1
525,-1,771.00,431.91,90.58,259.71,0.7147,-1,-1,-1
525,-1,1058.21,443.20,98.78,234.96,0.7117,-1,-1,-1
525,-1,1544.14,421.34,151.60,583.07,0.6757,-1,-1,-1
525,-1,978.97,446.38,93.61,275.03,0.6492,-1,-1,-1
525,-1,670.46,456.81,48.06,117.54,0.5250,-1,-1,-1
525,-1,714.87,447.54,36.87,95.82,0.4997,-1,-1,-1
525,-1,574.42,453.70,29.39,80.10,0.4264,-1,-1,-1
525,-1,1484.94,433.97,200.00,561.18,0.4060,-1,-1,-1
525,-1,542.48,458.72,28.22,75.97,0.3762,-1,-1,-1
525,-1,1.91,522.76,77.45,176.88,0.3423,-1,-1,-1
525,-1,0.07,523.47,42.50,224.51,0.2862,-1,-1,-1
525,-1,0.02,526.69,73.21,227.21,0.1963,-1,-1,-1
525,-1,1877.92,418.35,41.34,242.53,0.1632,-1,-1,-1
525,-1,8.21,541.73,71.46,121.96,0.1474,-1,-1,-1
525,-1,416.84,465.01,39.30,101.13,0.1245,-1,-1,-1
525,-1,377.65,461.45,48.74,111.83,0.1242,-1,-1,-1
525,-1,1860.96,404.34,58.60,271.97,0.1166,-1,-1,-1
525,-1,0.24,539.05,34.16,156.59,0.1081,-1,-1,-1
526,-1,1418.88,410.73,188.02,652.95,0.7903,-1,-1,-1
526,-1,903.25,405.00,76.61,299.84,0.7423,-1,-1,-1
526,-1,994.18,442.80,88.33,282.14,0.7264,-1,-1,-1
526,-1,769.61,433.61,97.60,254.32,0.7209,-1,-1,-1
526,-1,1607.14,369.30,311.77,703.17,0.6863,-1,-1,-1
526,-1,1064.30,445.79,98.17,231.78,0.6852,-1,-1,-1
526,-1,1544.59,419.40,160.66,596.74,0.6791,-1,-1,-1
526,-1,715.09,447.72,36.73,97.53,0.5724,-1,-1,-1
526,-1,668.19,455.98,50.55,118.37,0.5503,-1,-1,-1
526,-1,1666.55,364.75,247.51,605.68,0.4731,-1,-1,-1
526,-1,574.27,453.95,29.36,79.36,0.4533,-1,-1,-1
526,-1,542.54,458.69,28.68,76.06,0.3969,-1,-1,-1
526,-1,0.98,538.88,70.10,121.34,0.3618,-1,-1,-1
526,-1,581.52,454.66,24.68,78.42,0.2011,-1,-1,-1
526,-1,1108.55,457.47,58.39,192.72,0.1533,-1,-1,-1
526,-1,1882.78,413.21,36.48,229.84,0.1416,-1,-1,-1
526,-1,0.33,529.01,69.09,257.64,0.1354,-1,-1,-1
526,-1,416.68,464.66,39.42,101.18,0.1314,-1,-1,-1
526,-1,0.00,514.12,39.51,262.49,0.1294,-1,-1,-1
526,-1,377.58,461.65,48.53,111.32,0.1181,-1,-1,-1
526,-1,1863.40,388.98,56.16,264.26,0.1140,-1,-1,-1
527,-1,1430.41,412.29,187.39,653.14,0.8231,-1,-1,-1
527,-1,777.01,436.29,99.76,252.44,0.7603,-1,-1,-1
527,-1,1603.76,374.24,314.99,698.10,0.7484,-1,-1,-1
527,-1,998.35,438.10,93.62,286.20,0.7350,-1,-1,-1
527,-1,904.45,407.45,81.00,297.49,0.7169,-1,-1,-1
527,-1,1067.19,450.26,105.21,225.98,0.7015,-1,-1,-1
527,-1,1555.59,418.30,156.83,597.47,0.6971,-1,-1,-1
527,-1,668.89,457.27,50.26,117.26,0.6036,-1,-1,-1
527,-1,715.09,449.08,36.63,93.73,0.5526,-1,-1,-1
527,-1,574.71,453.68,29.20,80.00,0.4196,-1,-1,-1
527,-1,542.64,458.61,28.86,75.99,0.4145,-1,-1,-1
527,-1,1677.78,370.75,232.12,617.99,0.3849,-1,-1,-1
527,-1,582.17,455.73,24.31,77.29,0.1831,-1,-1,-1
527,-1,0.11,534.41,59.99,139.88,0.1562,-1,-1,-1
527,-1,416.78,464.90,39.76,100.60,0.1243,-1,-1,-1
527,-1,1118.02,456.46,59.25,144.70,0.1137,-1,-1,-1
527,-1,377.53,461.71,48.29,111.03,0.1115,-1,-1,-1
527,-1,1880.05,398.79,39.12,242.54,0.1079,-1,-1,-1
528,-1,1600.13,382.49,318.67,689.01,0.8043,-1,-1,-1
528,-1,1437.95,409.15,176.81,656.67,0.7889,-1,-1,-1
528,-1,1077.34,448.84,97.86,226.97,0.7074,-1,-1,-1
528,-1,781.62,438.57,101.59,245.11,0.7038,-1,-1,-1
528,-1,904.76,413.77,81.49,290.68,0.6936,-1,-1,-1
528,-1,1001.64,443.56,84.60,280.80,0.6737,-1,-1,-1
528,-1,1554.34,417.51,166.65,590.48,0.6701,-1,-1,-1
528,-1,668.93,454.97,48.39,118.42,0.5663,-1,-1,-1
528,-1,717.11,451.06,31.26,90.12,0.4502,-1,-1,-1
528,-1,575.75,452.71,32.81,83.41,0.4183,-1,-1,-1
528,-1,543.09,451.03,30.99,83.48,0.4173,-1,-1,-1
528,-1,915.51,415.41,67.70,238.61,0.2241,-1,-1,-1
528,-1,1879.74,393.83,39.56,228.59,0.1713,-1,-1,-1
528,-1,417.33,466.37,39.86,98.74,0.1455,-1,-1,-1
528,-1,1691.82,385.27,227.20,546.93,0.1250,-1,-1,-1
529,-1,1441.80,410.16,181.89,653.78,0.8144,-1,-1,-1
529,-1,1571.98,418.43,173.82,583.63,0.7314,-1,-1,-1
529,-1,913.24,412.49,74.36,291.96,0.7143,-1,-1,-1
529,-1,787.43,436.85,108.40,246.13,0.6989,-1,-1,-1
529,-1,1004.43,440.40,85.97,282.53,0.6883,-1,-1,-1
529,-1,1089.85,447.89,90.46,227.59,0.6438,-1,-1,-1
529,-1,1691.03,380.63,227.31,600.06,0.6346,-1,-1,-1
529,-1,1606.88,376.40,312.59,693.24,0.6187,-1,-1,-1
529,-1,669.54,456.45,50.18,117.56,0.5945,-1,-1,-1
529,-1,542.91,451.83,30.08,83.38,0.4472,-1,-1,-1
529,-1,717.45,452.52,29.84,88.97,0.4392,-1,-1,-1
529,-1,575.69,453.31,32.11,82.65,0.4354,-1,-1,-1
529,-1,984.97,429.98,93.79,292.91,0.3574,-1,-1,-1
529,-1,1872.03,401.43,47.25,219.63,0.2347,-1,-1,-1
529,-1,0.18,544.85,38.72,113.17,0.1973,-1,-1,-1
529,-1,416.59,466.27,40.88,99.22,0.1509,-1,-1,-1
529,-1,723.74,454.20,28.91,77.70,0.1335,-1,-1,-1
530,-1,1444.82,409.71,183.97,657.82,0.8096,-1,-1,-1
530,-1,1610.13,379.03,309.18,689.59,0.7883,-1,-1,-1
530,-1,796.13,436.86,113.05,246.39,0.7578,-1,-1,-1
530,-1,1586.15,413.92,170.29,587.44,0.7538,-1,-1,-1
530,-1,1006.33,435.34,94.73,288.64,0.7295,-1,-1,-1
530,-1,913.21,414.68,78.17,292.54,0.7063,-1,-1,-1
530,-1,1699.52,375.79,219.67,648.83,0.5711,-1,-1,-1
530,-1,1100.14,453.14,81.03,222.88,0.5386,-1,-1,-1
530,-1,666.83,460.74,45.84,111.97,0.4678,-1,-1,-1
530,-1,716.71,452.06,31.60,90.42,0.4326,-1,-1,-1
530,-1,580.08,453.85,29.43,80.88,0.4155,-1,-1,-1
530,-1,573.34,453.77,31.68,84.12,0.4082,-1,-1,-1
530,-1,547.41,459.07,26.16,74.97,0.3295,-1,-1,-1
530,-1,1096.73,454.07,60.38,222.03,0.3055,-1,-1,-1
530,-1,921.03,415.15,64.15,238.16,0.1650,-1,-1,-1
530,-1,372.52,465.49,54.84,108.20,0.1533,-1,-1,-1
530,-1,694.50,458.34,25.93,92.79,0.1527,-1,-1,-1
530,-1,417.28,466.32,40.32,99.13,0.1431,-1,-1,-1
530,-1,1599.70,401.17,115.78,602.47,0.1208,-1,-1,-1
530,-1,722.80,454.49,29.12,80.36,0.1166,-1,-1,-1
530,-1,686.43,457.84,33.81,101.96,0.1110,-1,-1,-1
530,-1,1157.88,445.37,40.33,107.97,0.1026,-1,-1,-1
531,-1,1622.55,376.34,296.77,694.62,0.8223,-1,-1,-1
531,-1,1006.41,442.48,98.72,282.07,0.8075,-1,-1,-1
531,-1,1451.24,410.20,189.26,658.50,0.8020,-1,-1,-1
531,-1,789.14,436.21,120.05,247.16,0.7977,-1,-1,-1
531,-1,1587.46,425.50,148.50,589.80,0.7108,-1,-1,-1
531,-1,915.25,413.57,76.08,293.41,0.7024,-1,-1,-1
531,-1,1099.76,444.18,83.22,233.43,0.5917,-1,-1,-1
531,-1,666.47,459.99,41.49,111.36,0.5182,-1,-1,-1
531,-1,572.92,453.90,32.11,84.62,0.4654,-1,-1,-1
531,-1,578.99,453.51,30.15,82.47,0.4467,-1,-1,-1
531,-1,716.69,457.97,23.88,84.50,0.3506,-1,-1,-1
531,-1,543.78,449.81,28.64,85.23,0.3427,-1,-1,-1
531,-1,549.22,456.98,24.70,76.99,0.3324,-1,-1,-1
531,-1,1098.74,445.58,59.33,232.52,0.2838,-1,-1,-1
531,-1,372.81,461.38,56.33,112.79,0.2682,-1,-1,-1
531,-1,1700.72,382.91,217.79,560.16,0.1780,-1,-1,-1
531,-1,701.31,458.29,25.85,85.53,0.1358,-1,-1,-1
531,-1,417.93,466.06,39.96,99.81,0.1270,-1,-1,-1
531,-1,923.52,420.24,66.99,209.72,0.1094,-1,-1,-1
532,-1,1635.30,365.97,283.60,708.09,0.8784,-1,-1,-1
532,-1,789.16,437.93,129.00,247.41,0.8302,-1,-1,-1
532,-1,1451.16,410.77,202.91,657.08,0.7963,-1,-1,-1
532,-1,1008.82,445.51,101.69,277.49,0.7920,-1,-1,-1
532,-1,916.91,428.49,78.65,277.88,0.7201,-1,-1,-1
532,-1,1591.86,415.13,163.61,603.97,0.6855,-1,-1,-1
532,-1,1101.14,451.55,76.73,228.79,0.5604,-1,-1,-1
532,-1,662.83,453.24,41.19,118.22,0.5275,-1,-1,-1
532,-1,575.90,454.26,32.11,82.39,0.4159,-1,-1,-1
532,-1,715.65,454.96,26.23,87.67,0.3516,-1,-1,-1
532,-1,543.28,450.68,28.56,85.02,0.3354,-1,-1,-1
532,-1,376.01,463.74,51.87,109.47,0.1805,-1,-1,-1
532,-1,701.52,456.62,28.93,85.29,0.1593,-1,-1,-1
532,-1,563.96,448.16,41.34,89.20,0.1440,-1,-1,-1
532,-1,1157.90,438.64,41.35,118.45,0.1004,-1,-1,-1
533,-1,1453.48,412.24,205.33,655.47,0.8220,-1,-1,-1
533,-1,793.92,442.45,117.42,241.02,0.8202,-1,-1,-1
533,-1,1006.73,446.25,110.94,276.11,0.7732,-1,-1,-1
533,-1,1660.81,366.39,258.49,703.14,0.7330,-1,-1,-1
533,-1,1597.23,413.77,157.90,604.67,0.7081,-1,-1,-1
533,-1,920.06,417.06,79.02,288.07,0.7003,-1,-1,-1
533,-1,661.93,456.26,39.70,115.23,0.5674,-1,-1,-1
533,-1,1094.94,439.33,71.69,235.87,0.5640,-1,-1,-1
533,-1,1728.30,366.45,191.32,628.42,0.4729,-1,-1,-1
533,-1,573.26,452.41,33.79,85.95,0.4446,-1,-1,-1
533,-1,716.30,458.73,24.25,84.18,0.3481,-1,-1,-1
533,-1,543.38,456.96,27.80,77.61,0.3238,-1,-1,-1
533,-1,700.60,458.23,30.04,84.82,0.1417,-1,-1,-1
533,-1,370.89,468.12,56.81,104.70,0.1054,-1,-1,-1
534,-1,796.23,439.12,120.06,245.56,0.8133,-1,-1,-1
534,-1,1454.95,414.38,205.88,655.68,0.8122,-1,-1,-1
534,-1,1009.65,444.65,121.76,278.05,0.7825,-1,-1,-1
534,-1,921.18,413.05,82.14,290.35,0.7346,-1,-1,-1
534,-1,1681.85,364.86,237.54,704.72,0.7192,-1,-1,-1
534,-1,1098.72,441.16,76.47,239.45,0.6328,-1,-1,-1
534,-1,1601.35,421.54,158.07,603.33,0.5909,-1,-1,-1
534,-1,661.11,454.05,40.47,117.85,0.5712,-1,-1,-1
534,-1,574.34,452.77,33.92,85.37,0.4321,-1,-1,-1
534,-1,716.97,458.71,23.78,84.23,0.3501,-1,-1,-1
534,-1,543.04,454.61,28.94,80.85,0.3351,-1,-1,-1
534,-1,1731.23,402.11,187.88,612.00,0.1968,-1,-1,-1
534,-1,700.65,457.80,30.87,83.81,0.1598,-1,-1,-1
534,-1,1727.67,443.74,134.34,570.20,0.1370,-1,-1,-1
534,-1,372.92,465.89,54.80,107.08,0.1230,-1,-1,-1
534,-1,653.22,454.01,37.90,118.11,0.1216,-1,-1,-1
535,-1,1455.40,413.90,213.02,656.48,0.8243,-1,-1,-1
535,-1,1705.49,381.36,213.84,693.85,0.8204,-1,-1,-1
535,-1,1008.70,441.83,124.40,280.52,0.8027,-1,-1,-1
535,-1,798.06,438.39,122.16,247.28,0.7908,-1,-1,-1
535,-1,922.59,416.81,88.84,289.20,0.7402,-1,-1,-1
535,-1,1099.53,437.98,79.13,240.65,0.6341,-1,-1,-1
535,-1,660.66,452.20,40.91,118.63,0.5740,-1,-1,-1
535,-1,1600.56,413.82,180.92,629.94,0.5063,-1,-1,-1
535,-1,715.24,455.15,26.13,87.20,0.3970,-1,-1,-1
535,-1,576.57,454.53,33.52,83.60,0.3949,-1,-1,-1
535,-1,543.03,453.34,30.12,82.95,0.3906,-1,-1,-1
535,-1,699.62,456.09,33.01,85.05,0.1776,-1,-1,-1
535,-1,653.40,452.72,40.21,118.67,0.1367,-1,-1,-1
535,-1,1096.37,448.22,74.61,177.67,0.1263,-1,-1,-1
535,-1,587.25,454.32,28.35,81.94,0.1250,-1,-1,-1
535,-1,1044.32,435.78,123.68,257.50,0.1145,-1,-1,-1
536,-1,1742.93,378.79,176.43,696.79,0.8440,-1,-1,-1
536,-1,1007.91,441.32,129.06,281.32,0.7890,-1,-1,-1
536,-1,1454.41,413.60,224.24,655.71,0.7770,-1,-1,-1
536,-1,800.99,438.99,119.56,243.74,0.7688,-1,-1,-1
536,-1,923.28,422.50,92.38,284.44,0.7614,-1,-1,-1
536,-1,1101.20,437.24,86.66,241.86,0.6067,-1,-1,-1
536,-1,659.67,454.60,39.22,114.31,0.4975,-1,-1,-1
536,-1,1609.82,413.27,175.51,621.53,0.4560,-1,-1,-1
536,-1,581.08,455.87,29.77,79.98,0.3830,-1,-1,-1
536,-1,544.71,461.33,28.38,73.19,0.3027,-1,-1,-1
536,-1,717.22,455.96,23.07,85.95,0.2763,-1,-1,-1
536,-1,697.61,457.17,29.74,83.57,0.1898,-1,-1,-1
536,-1,377.81,467.40,49.20,105.36,0.1020,-1,-1,-1
537,-1,1755.43,380.50,163.96,694.34,0.8192,-1,-1,-1
537,-1,803.48,440.66,116.51,244.51,0.8104,-1,-1,-1
537,-1,921.93,419.28,96.82,286.99,0.7701,-1,-1,-1
537,-1,1006.13,440.10,132.30,282.82,0.7668,-1,-1,-1
537,-1,1454.27,412.31,241.82,655.98,0.7513,-1,-1,-1
537,-1,1614.50,415.44,169.23,619.61,0.5446,-1,-1,-1
537,-1,1102.92,437.10,77.98,238.68,0.5108,-1,-1,-1
537,-1,659.34,455.29,38.49,113.08,0.5092,-1,-1,-1
537,-1,544.85,462.41,29.79,72.72,0.4040,-1,-1,-1
537,-1,581.77,457.95,29.97,77.97,0.3822,-1,-1,-1
537,-1,718.25,451.86,23.99,89.71,0.2651,-1,-1,-1
537,-1,696.39,456.49,29.26,83.45,0.1871,-1,-1,-1
537,-1,588.58,453.86,27.22,82.69,0.1496,-1,-1,-1
537,-1,1623.80,412.42,168.34,479.35,0.1479,-1,-1,-1
537,-1,706.83,450.51,38.90,93.15,0.1246,-1,-1,-1
537,-1,377.33,466.59,49.96,106.50,0.1240,-1,-1,-1
537,-1,1626.37,412.72,161.26,337.46,0.1098,-1,-1,-1
538,-1,804.68,437.03,116.95,247.08,0.8117,-1,-1,-1
538,-1,1764.82,376.02,154.65,699.71,0.8046,-1,-1,-1
538,-1,1455.20,411.66,231.17,656.84,0.8009,-1,-1,-1
538,-1,921.70,405.60,101.83,300.34,0.8003,-1,-1,-1
538,-1,1008.41,442.66,132.04,279.42,0.7823,-1,-1,-1
538,-1,1626.59,423.20,159.80,606.97,0.6457,-1,-1,-1
538,-1,658.36,456.79,38.45,111.10,0.5079,-1,-1,-1
538,-1,1108.08,437.71,75.46,235.86,0.5043,-1,-1,-1
538,-1,581.37,457.78,30.53,78.51,0.4170,-1,-1,-1
538,-1,544.39,463.43,29.99,71.31,0.3997,-1,-1,-1
538,-1,715.30,451.12,28.74,90.37,0.3094,-1,-1,-1
538,-1,696.15,455.86,29.46,84.01,0.2203,-1,-1,-1
538,-1,588.56,454.96,27.31,82.22,0.1763,-1,-1,-1
538,-1,651.91,452.02,37.26,116.80,0.1094,-1,-1,-1
539,-1,808.80,435.65,113.59,248.95,0.8059,-1,-1,-1
539,-1,1777.12,383.80,142.25,691.38,0.7836,-1,-1,-1
539,-1,920.23,410.94,103.91,294.81,0.7736,-1,-1,-1
539,-1,1458.71,410.80,230.01,657.72,0.7717,-1,-1,-1
539,-1,1010.10,441.96,128.30,279.72,0.7706,-1,-1,-1
539,-1,1632.03,420.01,159.39,611.06,0.5803,-1,-1,-1
539,-1,1113.46,440.42,68.32,233.08,0.5621,-1,-1,-1
539,-1,656.79,456.96,38.75,111.24,0.5595,-1,-1,-1
539,-1,581.84,459.10,29.77,77.70,0.3863,-1,-1,-1
539,-1,544.50,465.51,30.07,68.97,0.3486,-1,-1,-1
539,-1,716.19,451.89,28.19,89.93,0.3027,-1,-1,-1
539,-1,694.98,457.19,28.51,82.88,0.2347,-1,-1,-1
539,-1,589.02,454.94,26.82,82.17,0.1691,-1,-1,-1
539,-1,373.63,465.48,52.74,107.84,0.1187,-1,-1,-1
540,-1,1781.82,381.13,137.55,694.30,0.8148,-1,-1,-1
540,-1,920.52,412.05,117.44,295.24,0.8081,-1,-1,-1
540,-1,1461.70,409.55,247.37,659.64,0.8012,-1,-1,-1
540,-1,811.65,436.93,111.45,246.89,0.7952,-1,-1,-1
540,-1,1020.30,435.43,124.76,288.33,0.6879,-1,-1,-1
540,-1,1639.50,418.99,151.70,599.09,0.6001,-1,-1,-1
540,-1,655.07,455.13,38.61,113.64,0.5877,-1,-1,-1
540,-1,1112.84,431.45,66.66,243.75,0.4639,-1,-1,-1
540,-1,580.42,459.69,29.90,76.98,0.4164,-1,-1,-1
540,-1,543.23,465.37,29.89,69.77,0.3797,-1,-1,-1
540,-1,715.45,453.83,26.02,89.19,0.3085,-1,-1,-1
540,-1,696.16,457.79,25.91,81.95,0.2162,-1,-1,-1
540,-1,700.13,462.37,27.73,74.78,0.2109,-1,-1,-1
540,-1,1040.31,435.88,132.74,272.78,0.1608,-1,-1,-1
540,-1,1163.90,444.34,35.99,103.31,0.1216,-1,-1,-1
540,-1,586.69,456.67,28.43,80.65,0.1131,-1,-1,-1
541,-1,814.10,436.60,110.81,246.97,0.8122,-1,-1,-1
541,-1,1467.13,409.15,255.22,658.12,0.8094,-1,-1,-1
541,-1,919.92,413.95,125.51,291.49,0.7998,-1,-1,-1
541,-1,1788.31,383.04,131.24,692.16,0.7822,-1,-1,-1
541,-1,1032.83,435.68,127.70,290.13,0.7129,-1,-1,-1
541,-1,654.82,454.56,39.87,114.48,0.5975,-1,-1,-1
541,-1,1639.69,417.50,167.89,595.00,0.5831,-1,-1,-1
541,-1,710.33,452.73,29.86,90.84,0.4256,-1,-1,-1
541,-1,581.06,458.20,29.69,78.82,0.4041,-1,-1,-1
541,-1,1113.70,438.00,63.97,238.55,0.3982,-1,-1,-1
541,-1,543.32,465.04,29.89,70.11,0.3646,-1,-1,-1
541,-1,697.91,455.54,30.20,85.37,0.3079,-1,-1,-1
541,-1,695.45,454.72,26.20,90.07,0.1610,-1,-1,-1
541,-1,587.30,455.08,28.00,82.39,0.1487,-1,-1,-1
541,-1,1165.32,445.96,37.79,102.67,0.1070,-1,-1,-1
542,-1,918.17,415.14,127.85,290.67,0.8117,-1,-1,-1
542,-1,822.86,429.57,103.63,247.75,0.7970,-1,-1,-1
542,-1,1471.70,406.24,257.47,662.48,0.7949,-1,-1,-1
542,-1,1801.72,386.59,117.47,683.82,0.7520,-1,-1,-1
542,-1,1040.15,433.71,123.89,290.78,0.7095,-1,-1,-1
542,-1,655.74,455.62,38.37,113.63,0.6049,-1,-1,-1
542,-1,1643.76,398.34,180.83,648.67,0.5770,-1,-1,-1
542,-1,577.25,458.48,33.39,80.41,0.4474,-1,-1,-1
542,-1,711.80,453.69,28.20,90.04,0.4369,-1,-1,-1
542,-1,542.79,460.77,30.34,73.97,0.4162,-1,-1,-1
542,-1,1117.52,443.82,65.31,232.37,0.4116,-1,-1,-1
542,-1,701.17,459.97,30.21,79.37,0.3084,-1,-1,-1
542,-1,587.60,454.69,28.33,83.09,0.1591,-1,-1,-1
542,-1,695.92,455.02,26.10,90.49,0.1489,-1,-1,-1
542,-1,706.47,451.14,39.26,95.90,0.1394,-1,-1,-1
542,-1,1171.14,449.86,36.23,99.27,0.1103,-1,-1,-1
542,-1,802.13,475.18,36.32,70.41,0.1066,-1,-1,-1
542,-1,616.91,445.19,29.10,71.09,0.1043,-1,-1,-1
543,-1,922.35,412.41,122.95,291.87,0.7903,-1,-1,-1
543,-1,1489.25,406.62,242.40,658.47,0.7865,-1,-1,-1
543,-1,829.01,432.09,100.25,245.54,0.7798,-1,-1,-1
543,-1,1812.30,402.37,106.78,668.89,0.7173,-1,-1,-1
543,-1,1049.88,432.36,119.83,290.91,0.6978,-1,-1,-1
543,-1,654.96,455.53,39.08,115.24,0.6188,-1,-1,-1
543,-1,1650.71,405.88,179.27,644.89,0.4768,-1,-1,-1
543,-1,710.93,453.11,30.02,90.50,0.4677,-1,-1,-1
543,-1,577.07,457.84,33.24,80.89,0.4421,-1,-1,-1
543,-1,543.55,461.33,29.12,72.79,0.3787,-1,-1,-1
543,-1,701.01,459.01,30.73,80.76,0.2929,-1,-1,-1
543,-1,697.22,455.72,28.88,85.89,0.2822,-1,-1,-1
543,-1,1122.40,427.99,61.70,248.15,0.2705,-1,-1,-1
543,-1,587.30,454.35,28.80,83.32,0.1580,-1,-1,-1
543,-1,1654.81,413.07,177.56,325.83,0.1535,-1,-1,-1
543,-1,693.74,454.79,25.00,90.81,0.1483,-1,-1,-1
543,-1,1179.17,446.15,39.71,103.58,0.1228,-1,-1,-1
543,-1,714.45,455.08,35.53,85.56,0.1175,-1,-1,-1
544,-1,838.23,431.70,94.49,246.13,0.8065,-1,-1,-1
544,-1,1507.41,407.50,226.94,662.33,0.7812,-1,-1,-1
544,-1,925.69,436.47,118.90,267.46,0.7619,-1,-1,-1
544,-1,1818.84,394.94,100.51,671.71,0.6771,-1,-1,-1
544,-1,1054.88,432.15,111.52,291.21,0.6703,-1,-1,-1
544,-1,654.51,454.93,39.09,113.64,0.6261,-1,-1,-1
544,-1,1651.73,403.31,186.47,640.32,0.5826,-1,-1,-1
544,-1,712.83,452.69,29.22,90.33,0.4226,-1,-1,-1
544,-1,582.80,459.16,30.17,79.37,0.4083,-1,-1,-1
544,-1,543.91,458.52,29.76,76.38,0.4040,-1,-1,-1
544,-1,1125.16,431.05,62.82,244.35,0.3980,-1,-1,-1
544,-1,694.78,455.92,27.51,85.36,0.2979,-1,-1,-1
544,-1,700.01,459.06,29.21,80.51,0.2941,-1,-1,-1
544,-1,1830.97,389.79,88.63,535.66,0.1783,-1,-1,-1
544,-1,1078.15,428.65,109.91,261.94,0.1738,-1,-1,-1
544,-1,804.00,477.44,35.69,66.67,0.1402,-1,-1,-1
544,-1,716.52,455.60,33.87,83.16,0.1049,-1,-1,-1
545,-1,1522.95,407.09,210.88,659.72,0.7914,-1,-1,-1
545,-1,925.44,436.69,124.61,268.68,0.7766,-1,-1,-1
545,-1,847.52,433.58,90.58,243.94,0.7224,-1,-1,-1
545,-1,1069.84,436.75,92.41,284.80,0.6692,-1,-1,-1
545,-1,654.11,452.11,41.56,114.11,0.6556,-1,-1,-1
545,-1,1657.31,411.05,184.95,617.79,0.6483,-1,-1,-1
545,-1,1828.82,435.17,90.49,638.91,0.6151,-1,-1,-1
545,-1,542.84,452.88,29.89,84.29,0.4862,-1,-1,-1
545,-1,579.37,454.08,33.20,81.95,0.4527,-1,-1,-1
545,-1,713.72,452.14,29.15,90.63,0.4393,-1,-1,-1
545,-1,1124.43,434.12,66.49,243.44,0.4062,-1,-1,-1
545,-1,1842.65,440.72,76.89,528.70,0.3565,-1,-1,-1
545,-1,1086.59,430.87,103.95,259.64,0.3552,-1,-1,-1
545,-1,697.11,454.94,28.09,85.59,0.3294,-1,-1,-1
545,-1,1051.53,446.05,96.55,270.22,0.2041,-1,-1,-1
545,-1,1665.66,412.08,173.69,330.51,0.1863,-1,-1,-1
545,-1,705.68,450.31,40.72,95.30,0.1756,-1,-1,-1
545,-1,542.13,440.88,37.50,96.86,0.1487,-1,-1,-1
545,-1,1302.07,413.54,43.44,132.75,0.1030,-1,-1,-1
545,-1,616.54,444.37,33.08,71.19,0.1015,-1,-1,-1
546,-1,933.90,425.27,118.70,279.50,0.8217,-1,-1,-1
546,-1,1535.83,406.08,203.95,659.56,0.8009,-1,-1,-1
546,-1,1663.83,412.74,185.24,613.09,0.6989,-1,-1,-1
546,-1,858.61,436.58,83.01,242.18,0.6842,-1,-1,-1
546,-1,653.99,452.14,40.93,113.78,0.6341,-1,-1,-1
546,-1,1820.83,410.92,98.68,660.60,0.6177,-1,-1,-1
546,-1,1079.89,433.85,90.53,284.57,0.5974,-1,-1,-1
546,-1,1845.01,462.42,74.21,611.75,0.5607,-1,-1,-1
546,-1,543.55,448.49,29.83,87.82,0.5021,-1,-1,-1
546,-1,713.83,452.55,28.87,90.98,0.4442,-1,-1,-1
546,-1,578.22,454.13,32.68,83.73,0.4400,-1,-1,-1
546,-1,1088.62,431.71,103.52,256.74,0.4268,-1,-1,-1
546,-1,1120.60,432.11,69.91,256.50,0.4228,-1,-1,-1
546,-1,1853.78,483.84,65.73,459.73,0.3680,-1,-1,-1
546,-1,698.01,455.46,26.40,85.10,0.3357,-1,-1,-1
546,-1,701.48,455.64,29.56,83.21,0.3292,-1,-1,-1
546,-1,1080.11,442.44,66.53,271.01,0.2173,-1,-1,-1
546,-1,586.30,453.15,29.65,83.23,0.1903,-1,-1,-1
546,-1,1673.34,412.48,170.56,330.74,0.1665,-1,-1,-1
546,-1,694.03,455.25,23.70,88.28,0.1547,-1,-1,-1
546,-1,418.41,466.58,45.21,97.61,0.1269,-1,-1,-1
546,-1,705.91,450.71,39.39,95.40,0.1142,-1,-1,-1
546,-1,1861.32,485.39,58.03,249.13,0.1119,-1,-1,-1
546,-1,1049.99,438.79,104.78,271.53,0.1111,-1,-1,-1
547,-1,1544.14,405.36,191.87,663.68,0.7871,-1,-1,-1
547,-1,943.72,415.00,112.84,290.41,0.7578,-1,-1,-1
547,-1,1672.53,410.74,182.63,620.38,0.7246,-1,-1,-1
547,-1,859.43,436.05,89.78,239.16,0.6692,-1,-1,-1
547,-1,654.22,452.70,39.21,112.10,0.6367,-1,-1,-1
547,-1,1825.96,451.25,93.59,620.21,0.6278,-1,-1,-1
547,-1,1086.37,432.20,91.40,290.03,0.5892,-1,-1,-1
547,-1,543.90,447.37,30.17,88.66,0.5165,-1,-1,-1
547,-1,712.98,452.47,30.48,91.23,0.4840,-1,-1,-1
547,-1,579.58,454.84,32.65,80.96,0.4301,-1,-1,-1
547,-1,1107.86,434.45,82.56,256.26,0.4253,-1,-1,-1
547,-1,1854.90,475.25,64.65,595.00,0.3883,-1,-1,-1
547,-1,1860.22,481.61,59.31,445.21,0.3817,-1,-1,-1
547,-1,696.70,455.41,27.03,85.68,0.2999,-1,-1,-1
547,-1,701.69,456.46,29.66,82.55,0.2775,-1,-1,-1
547,-1,1126.35,424.32,65.76,251.96,0.2201,-1,-1,-1
547,-1,1679.54,413.19,173.10,330.31,0.1967,-1,-1,-1
547,-1,586.51,453.64,29.57,82.79,0.1778,-1,-1,-1
547,-1,1086.85,437.71,59.39,280.73,0.1702,-1,-1,-1
547,-1,693.35,455.19,24.58,89.48,0.1382,-1,-1,-1
547,-1,1041.30,445.56,112.21,253.13,0.1062,-1,-1,-1
548,-1,1547.33,407.63,195.08,656.48,0.7110,-1,-1,-1
548,-1,943.50,418.43,113.47,288.09,0.7091,-1,-1,-1
548,-1,866.54,436.98,79.34,236.87,0.6958,-1,-1,-1
548,-1,1689.09,411.03,177.72,621.61,0.6785,-1,-1,-1
548,-1,653.70,454.32,36.71,111.49,0.6140,-1,-1,-1
548,-1,543.94,443.69,32.60,92.50,0.5566,-1,-1,-1
548,-1,1086.18,434.42,100.95,284.63,0.5540,-1,-1,-1
548,-1,715.36,453.39,29.48,90.96,0.4881,-1,-1,-1
548,-1,1827.51,412.72,92.01,659.39,0.4864,-1,-1,-1
548,-1,1110.82,434.68,82.21,260.37,0.4392,-1,-1,-1
548,-1,579.60,453.66,32.58,83.72,0.4262,-1,-1,-1
548,-1,1860.04,392.81,59.52,512.66,0.3610,-1,-1,-1
548,-1,1086.34,443.74,67.36,276.18,0.3163,-1,-1,-1
548,-1,586.46,453.48,29.61,82.61,0.2642,-1,-1,-1
548,-1,701.81,462.45,25.54,76.33,0.2209,-1,-1,-1
548,-1,694.07,460.45,26.97,80.17,0.2206,-1,-1,-1
548,-1,1686.61,416.10,173.89,329.15,0.1962,-1,-1,-1
548,-1,1870.23,477.91,48.96,426.91,0.1895,-1,-1,-1
548,-1,1301.15,410.76,45.40,136.45,0.1150,-1,-1,-1
548,-1,980.67,424.34,74.56,238.95,0.1148,-1,-1,-1
548,-1,1542.31,409.92,289.36,661.03,0.1121,-1,-1,-1
548,-1,1857.12,442.97,62.35,637.03,0.1053,-1,-1,-1
548,-1,1042.88,438.64,42.04,72.02,0.1045,-1,-1,-1
548,-1,1129.48,426.13,66.42,250.08,0.1013,-1,-1,-1
549,-1,949.78,412.67,109.87,292.20,0.7288,-1,-1,-1
549,-1,872.57,432.17,80.89,244.73,0.7010,-1,-1,-1
549,-1,1084.31,432.06,105.64,288.83,0.6390,-1,-1,-1
549,-1,1550.84,406.89,189.39,652.10,0.6357,-1,-1,-1
549,-1,544.14,443.76,32.87,92.42,0.5974,-1,-1,-1
549,-1,651.90,454.18,37.88,110.56,0.5753,-1,-1,-1
549,-1,712.74,452.55,32.65,91.88,0.5321,-1,-1,-1
549,-1,1655.63,411.14,208.33,641.51,0.4966,-1,-1,-1
549,-1,578.84,453.77,32.80,82.94,0.4268,-1,-1,-1
549,-1,1109.99,434.56,83.99,249.40,0.3362,-1,-1,-1
549,-1,1833.76,405.57,85.48,674.43,0.2953,-1,-1,-1
549,-1,1857.06,385.70,62.47,515.80,0.2758,-1,-1,-1
549,-1,1084.21,446.25,76.33,274.24,0.2757,-1,-1,-1
549,-1,695.26,456.53,25.71,84.17,0.2355,-1,-1,-1
549,-1,702.84,458.98,26.92,79.71,0.2261,-1,-1,-1
549,-1,586.60,453.32,29.65,82.07,0.1980,-1,-1,-1
549,-1,1688.57,427.90,172.20,313.52,0.1886,-1,-1,-1
549,-1,979.59,423.99,85.02,262.51,0.1806,-1,-1,-1
549,-1,1545.05,408.65,298.43,659.47,0.1779,-1,-1,-1
549,-1,1893.03,464.90,26.23,468.45,0.1753,-1,-1,-1
549,-1,1875.41,393.92,43.98,277.13,0.1650,-1,-1,-1
549,-1,1857.67,383.82,61.84,284.26,0.1542,-1,-1,-1
549,-1,1040.13,436.74,45.14,77.69,0.1444,-1,-1,-1
549,-1,1188.98,440.26,40.18,107.09,0.1195,-1,-1,-1
549,-1,1684.91,429.75,170.00,429.74,0.1173,-1,-1,-1
549,-1,1301.28,411.89,44.51,134.97,0.1159,-1,-1,-1
549,-1,1829.89,668.65,89.18,410.07,0.1122,-1,-1,-1
549,-1,1829.23,904.96,89.97,175.04,0.1047,-1,-1,-1
550,-1,1554.24,403.68,196.04,654.19,0.7816,-1,-1,-1
550,-1,957.05,412.82,105.98,292.55,0.7502,-1,-1,-1
550,-1,877.19,437.08,76.78,240.62,0.7095,-1,-1,-1
550,-1,1689.43,408.46,190.01,622.64,0.6922,-1,-1,-1
550,-1,544.32,442.50,33.35,93.55,0.5891,-1,-1,-1
550,-1,650.41,454.51,38.94,110.47,0.5825,-1,-1,-1
550,-1,1088.69,433.94,101.25,287.25,0.5584,-1,-1,-1
550,-1,712.92,451.54,33.19,92.97,0.5295,-1,-1,-1
550,-1,578.70,453.70,34.02,83.63,0.4328,-1,-1,-1
550,-1,1110.69,434.32,85.08,257.67,0.3687,-1,-1,-1
550,-1,586.01,453.04,30.12,82.97,0.2742,-1,-1,-1
550,-1,1854.22,387.48,65.34,266.76,0.2591,-1,-1,-1
550,-1,1083.55,443.88,74.65,278.85,0.2263,-1,-1,-1
550,-1,1884.33,397.58,35.00,250.15,0.1973,-1,-1,-1
550,-1,1191.01,436.80,37.03,108.18,0.1913,-1,-1,-1
550,-1,1837.02,927.29,82.16,152.71,0.1854,-1,-1,-1
550,-1,693.12,456.93,27.52,83.26,0.1836,-1,-1,-1
550,-1,1060.80,438.28,86.87,274.58,0.1781,-1,-1,-1
550,-1,1835.84,504.79,83.77,572.50,0.1779,-1,-1,-1
550,-1,702.42,460.43,25.31,77.66,0.1733,-1,-1,-1
550,-1,1042.18,437.43,41.92,77.41,0.1272,-1,-1,-1
550,-1,1863.35,459.50,55.98,197.21,0.1202,-1,-1,-1
550,-1,1301.70,413.73,43.96,132.83,0.1086,-1,-1,-1
551,-1,1556.64,402.31,203.71,659.92,0.8009,-1,-1,-1
551,-1,962.25,410.86,100.82,292.09,0.7696,-1,-1,-1
551,-1,879.28,435.84,77.36,242.42,0.6986,-1,-1,-1
551,-1,1696.52,402.41,189.91,629.89,0.6953,-1,-1,-1
551,-1,544.68,440.19,34.03,96.92,0.6578,-1,-1,-1
551,-1,1081.07,434.49,107.85,288.58,0.5905,-1,-1,-1
551,-1,650.27,455.31,39.18,109.98,0.5849,-1,-1,-1
551,-1,579.54,453.77,34.05,85.14,0.5657,-1,-1,-1
551,-1,713.62,450.48,33.61,94.88,0.5053,-1,-1,-1
551,-1,1106.76,434.74,88.58,277.84,0.4097,-1,-1,-1
551,-1,1193.76,435.40,35.92,113.03,0.2208,-1,-1,-1
551,-1,1861.20,400.27,58.36,258.17,0.1755,-1,-1,-1
551,-1,1844.06,949.91,75.22,130.09,0.1673,-1,-1,-1
551,-1,1883.93,410.05,35.43,242.84,0.1671,-1,-1,-1
551,-1,1125.73,431.95,73.59,258.26,0.1550,-1,-1,-1
551,-1,694.50,457.70,27.55,82.26,0.1506,-1,-1,-1
551,-1,702.12,461.17,24.73,76.16,0.1406,-1,-1,-1
551,-1,983.01,415.22,82.96,247.35,0.1201,-1,-1,-1
551,-1,1301.52,410.34,44.50,136.17,0.1084,-1,-1,-1
551,-1,1042.99,437.90,40.93,84.29,0.1037,-1,-1,-1
551,-1,1086.33,449.61,73.96,270.50,0.1006,-1,-1,-1
552,-1,1558.24,400.58,215.73,667.61,0.8046,-1,-1,-1
552,-1,970.17,410.27,92.41,287.08,0.6960,-1,-1,-1
552,-1,878.29,433.14,82.83,246.06,0.6956,-1,-1,-1
552,-1,545.71,441.14,33.88,95.44,0.6371,-1,-1,-1
552,-1,1690.97,405.14,200.29,642.34,0.6279,-1,-1,-1
552,-1,1078.71,434.55,117.81,288.58,0.6239,-1,-1,-1
552,-1,580.07,453.13,33.89,85.61,0.5624,-1,-1,-1
552,-1,714.80,451.40,34.46,92.59,0.5613,-1,-1,-1
552,-1,649.55,453.35,37.39,112.80,0.5480,-1,-1,-1
552,-1,1193.30,436.80,38.41,112.58,0.3298,-1,-1,-1
552,-1,1116.19,435.61,84.09,279.68,0.3010,-1,-1,-1
552,-1,1135.71,436.43,66.87,243.69,0.1718,-1,-1,-1
552,-1,691.41,463.43,29.04,74.82,0.1467,-1,-1,-1
552,-1,1863.78,422.54,55.73,234.86,0.1361,-1,-1,-1
552,-1,1888.46,419.54,30.90,231.64,0.1329,-1,-1,-1
552,-1,1851.55,960.40,67.93,119.21,0.1326,-1,-1,-1
552,-1,700.58,466.63,22.65,69.51,0.1252,-1,-1,-1
552,-1,1045.20,438.84,41.55,85.45,0.1236,-1,-1,-1
553,-1,1557.06,406.77,217.20,662.99,0.8018,-1,-1,-1
553,-1,972.24,412.82,93.81,283.24,0.7034,-1,-1,-1
553,-1,1087.74,434.11,117.19,287.37,0.6758,-1,-1,-1
553,-1,884.36,433.01,81.25,249.99,0.6626,-1,-1,-1
553,-1,545.97,443.82,33.63,93.56,0.6329,-1,-1,-1
553,-1,1703.45,406.41,205.70,641.11,0.6316,-1,-1,-1
553,-1,581.38,453.34,32.45,85.26,0.5919,-1,-1,-1
553,-1,714.57,450.58,34.96,94.17,0.5724,-1,-1,-1
553,-1,649.74,453.57,37.69,113.33,0.5498,-1,-1,-1
553,-1,1192.20,429.47,38.94,118.74,0.3912,-1,-1,-1
553,-1,1068.00,436.47,104.29,287.63,0.2109,-1,-1,-1
553,-1,1128.07,436.25,76.07,256.09,0.1949,-1,-1,-1
553,-1,693.71,465.36,27.00,73.17,0.1617,-1,-1,-1
553,-1,701.28,469.66,21.75,66.91,0.1566,-1,-1,-1
553,-1,1046.84,440.50,40.18,98.99,0.1491,-1,-1,-1
553,-1,1866.52,430.59,52.91,225.61,0.1164,-1,-1,-1
553,-1,1883.89,421.15,35.45,229.49,0.1077,-1,-1,-1
554,-1,1563.08,405.88,217.65,657.28,0.7669,-1,-1,-1
554,-1,891.01,430.61,87.28,249.82,0.7497,-1,-1,-1
554,-1,973.35,411.20,96.32,288.27,0.7132,-1,-1,-1
554,-1,1084.00,435.64,120.07,285.93,0.7017,-1,-1,-1
554,-1,544.60,442.93,34.43,94.71,0.6339,-1,-1,-1
554,-1,580.79,452.41,32.63,85.77,0.6091,-1,-1,-1
554,-1,645.37,453.87,42.47,112.77,0.5745,-1,-1,-1
554,-1,1714.27,406.69,201.45,651.54,0.5573,-1,-1,-1
554,-1,714.22,451.07,34.56,93.31,0.5546,-1,-1,-1
554,-1,1637.42,406.94,269.89,660.22,0.3504,-1,-1,-1
554,-1,1192.67,423.15,40.41,127.34,0.3497,-1,-1,-1
554,-1,1132.01,425.65,74.16,267.84,0.2073,-1,-1,-1
554,-1,694.48,464.72,26.81,73.95,0.1695,-1,-1,-1
554,-1,701.80,469.96,22.09,66.91,0.1471,-1,-1,-1
554,-1,1063.91,433.07,117.84,292.76,0.1172,-1,-1,-1
554,-1,1868.00,425.42,51.47,282.59,0.1135,-1,-1,-1
554,-1,1881.46,418.43,37.89,235.76,0.1089,-1,-1,-1
555,-1,890.06,432.16,87.30,248.80,0.7625,-1,-1,-1
555,-1,1558.65,405.77,230.60,659.91,0.7406,-1,-1,-1
555,-1,1084.90,435.45,121.65,287.03,0.7340,-1,-1,-1
555,-1,995.54,410.56,80.25,287.22,0.7047,-1,-1,-1
555,-1,544.46,442.67,34.82,95.22,0.6497,-1,-1,-1
555,-1,580.96,452.68,32.29,85.95,0.6206,-1,-1,-1
555,-1,713.12,450.51,34.80,94.51,0.5837,-1,-1,-1
555,-1,644.77,454.92,41.29,110.89,0.4837,-1,-1,-1
555,-1,1675.73,406.64,236.92,660.36,0.3819,-1,-1,-1
555,-1,1197.94,438.79,36.77,112.31,0.3064,-1,-1,-1
555,-1,1584.59,405.69,320.81,664.26,0.3019,-1,-1,-1
555,-1,1129.57,431.94,80.97,258.70,0.2403,-1,-1,-1
555,-1,696.53,459.24,23.43,79.03,0.1706,-1,-1,-1
555,-1,703.22,461.73,23.31,74.75,0.1544,-1,-1,-1
555,-1,1868.32,425.42,51.15,285.34,0.1399,-1,-1,-1
555,-1,1880.44,418.27,38.91,238.06,0.1361,-1,-1,-1
555,-1,651.86,456.34,38.58,102.18,0.1124,-1,-1,-1
555,-1,640.38,456.36,37.08,102.78,0.1096,-1,-1,-1
555,-1,1149.98,433.89,65.22,240.63,0.1067,-1,-1,-1
555,-1,419.51,472.83,39.73,95.91,0.1020,-1,-1,-1
556,-1,1090.09,435.85,117.80,287.39,0.7922,-1,-1,-1
556,-1,891.26,435.74,85.35,245.66,0.7634,-1,-1,-1
556,-1,987.79,412.78,91.20,286.44,0.7017,-1,-1,-1
556,-1,544.45,444.17,34.38,93.70,0.6400,-1,-1,-1
556,-1,580.40,451.74,32.75,86.76,0.6134,-1,-1,-1
556,-1,1560.56,407.54,238.11,652.99,0.5634,-1,-1,-1
556,-1,712.79,448.32,36.85,97.82,0.5477,-1,-1,-1
556,-1,1566.81,406.48,322.59,662.39,0.3910,-1,-1,-1
556,-1,644.41,460.83,39.20,104.54,0.3812,-1,-1,-1
556,-1,1659.18,403.55,237.27,663.32,0.2297,-1,-1,-1
556,-1,1197.32,433.63,39.33,118.62,0.1744,-1,-1,-1
556,-1,696.55,461.62,23.21,76.11,0.1410,-1,-1,-1
556,-1,703.19,463.48,21.49,72.94,0.1276,-1,-1,-1
556,-1,1871.64,414.94,47.90,315.92,0.1230,-1,-1,-1
556,-1,1194.71,427.78,38.75,103.22,0.1148,-1,-1,-1
556,-1,1885.89,441.34,33.48,205.60,0.1135,-1,-1,-1
556,-1,1046.39,435.43,38.36,102.15,0.1124,-1,-1,-1
556,-1,1894.43,434.42,24.95,251.13,0.1001,-1,-1,-1
557,-1,1090.04,433.64,118.23,290.27,0.7872,-1,-1,-1
557,-1,893.88,435.24,88.92,243.14,0.7830,-1,-1,-1
557,-1,1558.55,403.03,250.51,663.87,0.7119,-1,-1,-1
557,-1,992.80,416.26,89.67,281.26,0.7018,-1,-1,-1
557,-1,544.60,444.39,33.81,94.14,0.6199,-1,-1,-1
557,-1,580.06,452.43,33.27,86.76,0.5853,-1,-1,-1
557,-1,712.72,445.71,36.18,100.85,0.5524,-1,-1,-1
557,-1,645.03,459.23,39.42,105.65,0.4410,-1,-1,-1
557,-1,1693.53,402.50,209.42,657.74,0.3238,-1,-1,-1
557,-1,1749.35,402.17,169.10,639.42,0.1846,-1,-1,-1
557,-1,702.74,467.55,21.62,69.79,0.1487,-1,-1,-1
557,-1,1197.54,438.12,38.46,101.88,0.1486,-1,-1,-1
557,-1,695.18,464.78,24.19,74.42,0.1413,-1,-1,-1
557,-1,665.65,456.80,25.53,104.44,0.1311,-1,-1,-1
557,-1,1890.96,460.45,28.41,191.63,0.1304,-1,-1,-1
558,-1,1089.90,435.11,120.40,290.03,0.7956,-1,-1,-1
558,-1,895.72,435.15,85.22,245.40,0.7844,-1,-1,-1
558,-1,996.22,412.42,94.40,286.66,0.7325,-1,-1,-1
558,-1,1557.22,405.03,255.79,657.48,0.7173,-1,-1,-1
558,-1,543.68,444.08,35.00,94.29,0.6263,-1,-1,-1
558,-1,579.25,452.59,33.99,85.98,0.5708,-1,-1,-1
558,-1,713.02,445.70,37.17,100.32,0.5283,-1,-1,-1
558,-1,642.21,459.63,41.64,104.91,0.4794,-1,-1,-1
558,-1,1674.43,403.76,226.92,657.37,0.3131,-1,-1,-1
558,-1,1734.75,402.42,179.00,640.79,0.1602,-1,-1,-1
558,-1,701.90,467.19,21.60,69.60,0.1566,-1,-1,-1
558,-1,694.63,464.43,25.58,74.03,0.1424,-1,-1,-1
558,-1,1891.33,460.81,28.06,214.77,0.1353,-1,-1,-1
558,-1,1884.53,447.73,34.78,266.23,0.1244,-1,-1,-1
558,-1,1196.05,445.05,42.68,111.41,0.1206,-1,-1,-1
558,-1,670.44,457.40,23.00,102.22,0.1187,-1,-1,-1
558,-1,416.59,465.66,53.16,99.17,0.1094,-1,-1,-1
558,-1,1733.58,412.03,169.42,326.92,0.1039,-1,-1,-1
559,-1,1095.09,436.12,118.23,284.26,0.7979,-1,-1,-1
559,-1,1557.56,402.69,277.59,668.24,0.7967,-1,-1,-1
559,-1,894.11,433.96,89.58,247.96,0.7560,-1,-1,-1
559,-1,998.15,419.60,96.72,276.59,0.7389,-1,-1,-1
559,-1,544.02,445.36,34.52,92.84,0.5752,-1,-1,-1
559,-1,580.39,452.47,33.02,86.22,0.5608,-1,-1,-1
559,-1,712.57,445.85,35.94,99.46,0.5400,-1,-1,-1
559,-1,642.74,460.60,41.87,102.33,0.4415,-1,-1,-1
559,-1,1750.75,403.25,166.79,584.30,0.2242,-1,-1,-1
559,-1,1198.81,438.16,42.22,118.35,0.2041,-1,-1,-1
559,-1,1710.47,401.92,198.07,657.35,0.2026,-1,-1,-1
559,-1,702.50,467.38,21.86,69.32,0.1398,-1,-1,-1
559,-1,697.10,462.50,24.02,75.95,0.1357,-1,-1,-1
559,-1,1746.38,411.52,165.16,374.60,0.1199,-1,-1,-1
559,-1,1302.66,415.70,42.27,131.15,0.1080,-1,-1,-1
559,-1,1896.82,472.37,22.54,167.27,0.1054,-1,-1,-1
559,-1,417.07,465.04,52.99,99.68,0.1044,-1,-1,-1
559,-1,670.89,460.77,23.65,96.51,0.1020,-1,-1,-1
560,-1,1100.34,435.00,116.42,282.06,0.7811,-1,-1,-1
560,-1,891.59,433.58,94.67,248.57,0.7803,-1,-1,-1
560,-1,990.17,413.77,118.12,283.78,0.7729,-1,-1,-1
560,-1,1562.80,402.01,280.28,664.72,0.7116,-1,-1,-1
560,-1,544.19,447.63,34.50,92.18,0.6071,-1,-1,-1
560,-1,713.12,446.10,35.51,99.60,0.5314,-1,-1,-1
560,-1,641.73,464.55,37.91,97.91,0.5253,-1,-1,-1
560,-1,579.72,452.22,33.56,86.49,0.5198,-1,-1,-1
560,-1,1199.80,431.21,44.06,126.34,0.3526,-1,-1,-1
560,-1,1754.74,404.62,163.49,612.15,0.3360,-1,-1,-1
560,-1,1695.82,401.90,217.02,662.34,0.2667,-1,-1,-1
560,-1,695.91,462.55,24.35,75.70,0.1548,-1,-1,-1
560,-1,702.08,465.31,22.08,71.31,0.1515,-1,-1,-1
560,-1,1300.86,415.41,44.45,131.68,0.1345,-1,-1,-1
561,-1,993.36,418.54,123.76,279.08,0.7391,-1,-1,-1
561,-1,1566.53,400.32,295.58,669.47,0.7217,-1,-1,-1
561,-1,897.56,434.24,91.51,246.30,0.7022,-1,-1,-1
561,-1,1104.85,437.56,113.32,278.00,0.6849,-1,-1,-1
561,-1,545.52,448.24,33.17,91.04,0.6068,-1,-1,-1
561,-1,579.95,452.74,33.19,85.78,0.5778,-1,-1,-1
561,-1,714.14,446.24,37.23,100.09,0.5443,-1,-1,-1
561,-1,641.76,464.81,36.79,96.19,0.4433,-1,-1,-1
561,-1,1689.35,400.15,226.33,666.75,0.3103,-1,-1,-1
561,-1,1206.18,441.69,39.08,116.09,0.2952,-1,-1,-1
561,-1,1761.97,402.93,156.91,649.19,0.2610,-1,-1,-1
561,-1,689.73,463.11,29.21,74.87,0.1757,-1,-1,-1
561,-1,696.24,463.82,25.99,72.90,0.1617,-1,-1,-1
561,-1,416.96,462.94,51.82,101.95,0.1324,-1,-1,-1
561,-1,1299.15,415.10,45.68,130.57,0.1156,-1,-1,-1
562,-1,1571.58,400.79,331.94,671.44,0.8617,-1,-1,-1
562,-1,1114.09,437.38,106.35,280.76,0.7349,-1,-1,-1
562,-1,1000.16,425.16,118.65,274.12,0.7232,-1,-1,-1
562,-1,912.79,437.42,82.69,241.71,0.7198,-1,-1,-1
562,-1,544.94,447.73,33.80,92.19,0.5614,-1,-1,-1
562,-1,716.25,447.13,35.93,98.47,0.5531,-1,-1,-1
562,-1,579.43,452.86,33.92,86.84,0.5320,-1,-1,-1
562,-1,641.98,464.07,36.07,97.55,0.5237,-1,-1,-1
562,-1,1209.28,441.86,38.71,113.23,0.3100,-1,-1,-1
562,-1,688.71,465.01,29.90,72.11,0.1689,-1,-1,-1
562,-1,417.05,464.74,51.39,96.45,0.1167,-1,-1,-1
562,-1,1300.84,419.33,44.25,125.64,0.1075,-1,-1,-1
563,-1,1576.04,401.96,337.97,672.29,0.8957,-1,-1,-1
563,-1,999.07,434.00,119.85,263.12,0.7349,-1,-1,-1
563,-1,1114.91,435.65,116.46,279.21,0.7262,-1,-1,-1
563,-1,913.82,435.06,81.44,247.01,0.6671,-1,-1,-1
563,-1,545.41,447.89,34.32,91.43,0.5755,-1,-1,-1
563,-1,716.81,445.99,37.09,100.78,0.5732,-1,-1,-1
563,-1,642.95,467.69,35.13,92.71,0.5002,-1,-1,-1
563,-1,581.03,453.49,32.82,85.48,0.4852,-1,-1,-1
563,-1,689.35,465.02,30.22,70.58,0.1931,-1,-1,-1
563,-1,1212.88,446.44,40.58,105.80,0.1695,-1,-1,-1
563,-1,417.17,463.53,51.95,97.14,0.1589,-1,-1,-1
563,-1,1146.78,438.37,84.42,260.86,0.1545,-1,-1,-1
563,-1,989.16,424.76,82.88,275.14,0.1179,-1,-1,-1
563,-1,1072.21,443.24,44.62,136.81,0.1023,-1,-1,-1
564,-1,1583.46,400.84,329.76,673.17,0.8982,-1,-1,-1
564,-1,999.24,428.76,123.18,268.25,0.7455,-1,-1,-1
564,-1,1115.09,434.14,116.81,279.85,0.7187,-1,-1,-1
564,-1,920.04,433.16,79.41,244.57,0.6820,-1,-1,-1
564,-1,545.87,445.96,34.65,93.27,0.5938,-1,-1,-1
564,-1,643.51,466.24,34.52,94.06,0.5398,-1,-1,-1
564,-1,717.70,447.19,36.77,99.42,0.5233,-1,-1,-1
564,-1,581.26,457.04,32.76,82.36,0.4696,-1,-1,-1
564,-1,1789.35,412.87,130.26,503.48,0.2594,-1,-1,-1
564,-1,419.77,463.54,48.61,101.24,0.1817,-1,-1,-1
564,-1,1218.00,447.33,37.80,105.95,0.1646,-1,-1,-1
564,-1,687.97,465.85,31.35,68.27,0.1617,-1,-1,-1
564,-1,937.31,436.97,59.85,196.03,0.1383,-1,-1,-1
564,-1,1073.40,449.82,50.33,135.45,0.1305,-1,-1,-1
564,-1,990.41,427.60,84.57,269.31,0.1084,-1,-1,-1
565,-1,1590.11,398.44,321.54,676.82,0.8793,-1,-1,-1
565,-1,999.93,430.30,126.18,267.16,0.7888,-1,-1,-1
565,-1,1122.91,435.17,113.37,276.92,0.7600,-1,-1,-1
565,-1,925.89,433.65,76.12,242.75,0.6591,-1,-1,-1
565,-1,642.45,463.83,35.89,96.40,0.6022,-1,-1,-1
565,-1,546.15,445.84,33.67,93.08,0.5780,-1,-1,-1
565,-1,581.28,456.54,32.55,82.70,0.5004,-1,-1,-1
565,-1,718.12,444.81,36.88,100.75,0.4980,-1,-1,-1
565,-1,1781.52,420.75,138.10,595.53,0.4340,-1,-1,-1
565,-1,924.89,434.78,74.51,161.50,0.2241,-1,-1,-1
565,-1,1222.07,447.61,36.48,106.42,0.2152,-1,-1,-1
565,-1,691.96,468.71,30.56,66.68,0.1769,-1,-1,-1
565,-1,1733.31,399.83,185.83,664.63,0.1552,-1,-1,-1
565,-1,417.88,463.93,50.88,100.38,0.1466,-1,-1,-1
565,-1,1079.19,446.36,39.62,134.69,0.1125,-1,-1,-1
566,-1,1003.73,425.55,124.61,272.41,0.8130,-1,-1,-1
566,-1,1609.41,399.18,288.04,674.08,0.7738,-1,-1,-1
566,-1,1129.81,439.08,109.46,278.30,0.7175,-1,-1,-1
566,-1,932.30,433.46,83.14,243.41,0.5712,-1,-1,-1
566,-1,545.38,444.71,34.04,94.86,0.5514,-1,-1,-1
566,-1,1790.04,421.19,129.58,590.80,0.5355,-1,-1,-1
566,-1,642.67,464.84,36.20,95.76,0.5177,-1,-1,-1
566,-1,718.58,446.58,36.20,98.98,0.4873,-1,-1,-1
566,-1,580.73,457.03,33.26,82.89,0.4650,-1,-1,-1
566,-1,939.84,436.51,66.97,173.49,0.2945,-1,-1,-1
566,-1,923.21,433.83,85.05,195.17,0.2536,-1,-1,-1
566,-1,418.23,455.09,50.80,110.66,0.1899,-1,-1,-1
566,-1,693.32,467.41,29.37,66.45,0.1741,-1,-1,-1
566,-1,1223.48,444.32,35.24,111.81,0.1631,-1,-1,-1
566,-1,921.28,457.06,71.41,136.00,0.1473,-1,-1,-1
567,-1,1005.60,423.02,123.89,274.45,0.8318,-1,-1,-1
567,-1,1629.28,399.78,257.17,672.85,0.7313,-1,-1,-1
567,-1,1134.34,436.85,105.14,280.21,0.7063,-1,-1,-1
567,-1,927.12,433.27,92.01,243.57,0.6493,-1,-1,-1
567,-1,1795.25,405.41,124.39,625.38,0.6229,-1,-1,-1
567,-1,545.40,442.47,34.66,96.98,0.5724,-1,-1,-1
567,-1,642.12,458.53,35.66,100.99,0.5274,-1,-1,-1
567,-1,718.95,445.05,36.68,100.96,0.5007,-1,-1,-1
567,-1,581.99,457.17,31.87,82.87,0.4961,-1,-1,-1
567,-1,1722.09,420.23,196.91,601.27,0.2781,-1,-1,-1
567,-1,928.13,436.67,90.54,173.18,0.2671,-1,-1,-1
567,-1,418.85,458.90,50.41,106.18,0.1985,-1,-1,-1
567,-1,695.47,466.48,26.28,67.02,0.1896,-1,-1,-1
567,-1,1227.67,449.06,31.98,108.58,0.1369,-1,-1,-1
568,-1,1006.51,427.98,130.53,269.64,0.8063,-1,-1,-1
568,-1,1650.06,396.20,251.05,674.38,0.8045,-1,-1,-1
568,-1,1140.80,440.70,102.44,274.62,0.6605,-1,-1,-1
568,-1,934.13,434.33,84.80,241.74,0.6246,-1,-1,-1
568,-1,544.87,441.44,35.25,98.87,0.6064,-1,-1,-1
568,-1,581.39,457.90,32.82,83.74,0.5459,-1,-1,-1
568,-1,1800.96,405.30,118.05,642.21,0.5268,-1,-1,-1
568,-1,642.85,455.85,35.43,103.07,0.5205,-1,-1,-1
568,-1,720.00,447.58,34.95,98.68,0.5141,-1,-1,-1
568,-1,1228.17,450.43,33.81,103.89,0.3532,-1,-1,-1
568,-1,1835.39,428.23,84.20,620.20,0.3228,-1,-1,-1
568,-1,695.82,466.44,26.12,66.89,0.2188,-1,-1,-1
568,-1,416.13,463.25,49.21,102.66,0.1660,-1,-1,-1
568,-1,1722.55,421.53,195.47,611.01,0.1640,-1,-1,-1
568,-1,922.67,436.00,91.85,177.53,0.1561,-1,-1,-1
568,-1,1126.94,451.72,84.10,229.70,0.1558,-1,-1,-1
568,-1,369.62,460.41,57.71,111.67,0.1069,-1,-1,-1
568,-1,672.57,463.16,27.39,94.44,0.1009,-1,-1,-1
568,-1,803.40,477.77,32.81,66.19,0.1001,-1,-1,-1
569,-1,1006.97,435.12,132.22,262.61,0.8391,-1,-1,-1
569,-1,1659.43,396.43,239.61,674.15,0.8160,-1,-1,-1
569,-1,941.20,436.05,80.78,237.69,0.7723,-1,-1,-1
569,-1,1140.00,447.23,109.86,269.62,0.6324,-1,-1,-1
569,-1,719.40,445.46,36.11,101.52,0.5281,-1,-1,-1
569,-1,1802.74,403.22,116.14,635.26,0.5276,-1,-1,-1
569,-1,546.10,453.08,33.11,86.07,0.5260,-1,-1,-1
569,-1,581.12,457.75,33.48,84.06,0.4926,-1,-1,-1
569,-1,641.82,458.57,37.65,100.57,0.4525,-1,-1,-1
569,-1,1233.57,446.94,32.45,105.94,0.3124,-1,-1,-1
569,-1,1839.45,412.19,80.19,644.47,0.2278,-1,-1,-1
569,-1,695.20,466.19,26.60,68.30,0.1897,-1,-1,-1
569,-1,419.33,462.94,45.94,103.13,0.1811,-1,-1,-1
569,-1,1132.63,458.00,84.84,224.51,0.1382,-1,-1,-1
570,-1,1663.17,398.05,232.13,675.16,0.8402,-1,-1,-1
570,-1,1008.58,433.92,130.70,263.33,0.8250,-1,-1,-1
570,-1,939.03,434.81,86.42,239.20,0.7894,-1,-1,-1
570,-1,1142.76,439.94,124.68,277.94,0.7159,-1,-1,-1
570,-1,719.80,445.71,35.55,100.71,0.5362,-1,-1,-1
570,-1,547.21,452.21,31.59,86.93,0.4987,-1,-1,-1
570,-1,580.84,458.50,33.37,83.11,0.4967,-1,-1,-1
570,-1,640.50,456.98,36.11,101.98,0.4053,-1,-1,-1
570,-1,1815.57,420.34,104.01,518.96,0.2914,-1,-1,-1
570,-1,695.71,467.23,26.48,67.98,0.2598,-1,-1,-1
570,-1,1234.45,445.86,33.61,106.36,0.2346,-1,-1,-1
570,-1,418.74,461.93,46.86,104.56,0.1713,-1,-1,-1
570,-1,804.49,478.02,33.86,66.31,0.1335,-1,-1,-1
570,-1,671.20,462.31,27.75,94.11,0.1226,-1,-1,-1
570,-1,1731.12,418.32,187.39,469.48,0.1103,-1,-1,-1
570,-1,725.76,446.76,35.37,90.54,0.1085,-1,-1,-1
570,-1,1136.85,454.92,76.16,225.21,0.1059,-1,-1,-1
570,-1,612.16,438.04,33.51,69.00,0.1051,-1,-1,-1
570,-1,1230.26,445.16,30.99,110.55,0.1048,-1,-1,-1
571,-1,1665.46,398.12,232.25,670.93,0.8154,-1,-1,-1
571,-1,1010.34,429.48,127.69,267.03,0.7808,-1,-1,-1
571,-1,944.97,435.53,85.14,241.34,0.7745,-1,-1,-1
571,-1,1141.76,439.08,138.89,276.67,0.7553,-1,-1,-1
571,-1,718.53,446.05,36.88,100.36,0.5837,-1,-1,-1
571,-1,547.86,451.88,31.35,88.22,0.5169,-1,-1,-1
571,-1,583.48,457.27,32.93,83.77,0.4897,-1,-1,-1
571,-1,1815.32,423.24,104.36,468.44,0.4118,-1,-1,-1
571,-1,640.16,458.98,35.83,100.31,0.3930,-1,-1,-1
571,-1,696.53,465.16,25.53,69.28,0.2279,-1,-1,-1
571,-1,1235.90,449.36,31.58,100.51,0.1987,-1,-1,-1
571,-1,418.97,462.84,46.72,103.07,0.1838,-1,-1,-1
571,-1,1747.89,420.16,170.91,463.02,0.1587,-1,-1,-1
571,-1,670.01,458.25,25.79,92.73,0.1442,-1,-1,-1
571,-1,374.94,463.40,51.90,109.89,0.1281,-1,-1,-1
571,-1,673.03,462.90,29.00,89.19,0.1145,-1,-1,-1
571,-1,1138.95,449.41,73.24,233.04,0.1108,-1,-1,-1
571,-1,1813.70,425.25,105.54,328.35,0.1013,-1,-1,-1
571,-1,1114.71,433.00,47.05,143.54,0.1012,-1,-1,-1
572,-1,1669.78,398.61,238.42,673.13,0.8417,-1,-1,-1
572,-1,1147.21,439.39,136.75,276.45,0.7771,-1,-1,-1
572,-1,1009.42,431.42,130.25,265.35,0.7714,-1,-1,-1
572,-1,949.07,436.37,81.15,239.14,0.7220,-1,-1,-1
572,-1,717.81,445.08,37.74,101.43,0.5900,-1,-1,-1
572,-1,548.35,453.55,31.74,86.49,0.5211,-1,-1,-1
572,-1,583.90,457.52,32.59,82.65,0.4739,-1,-1,-1
572,-1,1821.45,426.96,98.24,450.82,0.4558,-1,-1,-1
572,-1,1111.23,432.36,45.38,144.02,0.3562,-1,-1,-1
572,-1,639.39,456.06,34.50,103.00,0.3479,-1,-1,-1
572,-1,418.81,462.27,46.66,103.52,0.1808,-1,-1,-1
572,-1,668.26,456.83,27.80,99.40,0.1705,-1,-1,-1
572,-1,692.94,465.26,26.83,69.74,0.1692,-1,-1,-1
572,-1,1735.62,420.41,183.50,459.47,0.1457,-1,-1,-1
572,-1,671.80,461.21,29.98,96.18,0.1393,-1,-1,-1
572,-1,1238.66,452.02,29.42,98.61,0.1375,-1,-1,-1
572,-1,577.88,444.92,36.07,95.06,0.1260,-1,-1,-1
572,-1,1822.48,426.42,97.52,251.16,0.1016,-1,-1,-1
573,-1,1673.15,401.88,246.30,672.34,0.8900,-1,-1,-1
573,-1,1149.78,436.95,140.11,280.35,0.7885,-1,-1,-1
573,-1,1015.12,430.93,123.59,265.55,0.7745,-1,-1,-1
573,-1,938.46,436.72,103.29,242.25,0.7001,-1,-1,-1
573,-1,718.68,445.73,36.76,101.19,0.5683,-1,-1,-1
573,-1,549.44,454.74,31.07,85.99,0.4982,-1,-1,-1
573,-1,1821.70,428.86,97.93,442.28,0.4523,-1,-1,-1
573,-1,584.55,457.73,32.27,82.35,0.4411,-1,-1,-1
573,-1,1111.34,430.72,44.96,145.30,0.4183,-1,-1,-1
573,-1,639.11,456.21,33.50,103.06,0.3921,-1,-1,-1
573,-1,671.08,463.62,31.71,96.44,0.2299,-1,-1,-1
573,-1,1824.31,424.95,95.44,297.06,0.2190,-1,-1,-1
573,-1,693.27,465.31,27.07,72.11,0.1747,-1,-1,-1
573,-1,419.36,462.46,45.31,104.06,0.1684,-1,-1,-1
573,-1,666.81,458.07,26.45,99.41,0.1286,-1,-1,-1
573,-1,1041.80,421.73,84.66,275.72,0.1177,-1,-1,-1
573,-1,679.41,462.37,30.51,94.97,0.1049,-1,-1,-1
573,-1,578.37,446.42,35.97,93.64,0.1030,-1,-1,-1
574,-1,1675.53,400.77,243.97,673.08,0.9010,-1,-1,-1
574,-1,1151.96,438.55,138.81,278.28,0.7924,-1,-1,-1
574,-1,1023.42,431.27,116.16,269.65,0.7764,-1,-1,-1
574,-1,941.17,435.51,101.60,243.70,0.6892,-1,-1,-1
574,-1,718.81,445.86,37.30,101.92,0.5589,-1,-1,-1
574,-1,546.16,451.93,33.06,89.07,0.4900,-1,-1,-1
574,-1,584.76,456.69,32.28,83.70,0.4807,-1,-1,-1
574,-1,638.06,455.88,33.98,103.35,0.4261,-1,-1,-1
574,-1,1112.02,430.14,44.35,146.00,0.3849,-1,-1,-1
574,-1,1838.40,428.94,81.25,440.64,0.3526,-1,-1,-1
574,-1,1834.68,425.45,84.62,282.10,0.2806,-1,-1,-1
574,-1,671.86,464.53,32.61,95.73,0.2326,-1,-1,-1
574,-1,418.84,464.00,44.47,102.87,0.1972,-1,-1,-1
574,-1,576.82,446.28,36.94,94.31,0.1495,-1,-1,-1
574,-1,692.60,466.09,26.90,69.91,0.1443,-1,-1,-1
574,-1,1148.56,443.25,81.00,268.30,0.1299,-1,-1,-1
574,-1,629.58,453.29,36.88,104.35,0.1147,-1,-1,-1
574,-1,667.15,457.67,26.03,99.64,0.1104,-1,-1,-1
574,-1,678.40,461.93,31.60,96.24,0.1075,-1,-1,-1
575,-1,1676.95,400.71,242.38,672.59,0.9055,-1,-1,-1
575,-1,1154.13,440.72,137.56,275.32,0.8191,-1,-1,-1
575,-1,719.07,446.48,37.43,100.76,0.5660,-1,-1,-1
575,-1,584.08,457.31,32.39,82.65,0.4635,-1,-1,-1
575,-1,637.49,456.72,33.34,104.70,0.4605,-1,-1,-1
575,-1,548.86,456.86,30.37,81.93,0.4567,-1,-1,-1
575,-1,947.44,435.02,107.99,246.37,0.4352,-1,-1,-1
575,-1,1051.63,431.10,87.34,267.18,0.4104,-1,-1,-1
575,-1,1115.62,436.73,40.54,139.48,0.2836,-1,-1,-1
575,-1,956.43,437.51,126.44,264.60,0.2804,-1,-1,-1
575,-1,1842.93,427.75,76.44,247.40,0.2441,-1,-1,-1
575,-1,418.07,461.51,45.91,105.62,0.2380,-1,-1,-1
575,-1,670.59,462.06,31.11,99.03,0.2257,-1,-1,-1
575,-1,1071.11,429.25,59.05,260.88,0.2217,-1,-1,-1
575,-1,1843.50,428.89,76.13,441.90,0.1887,-1,-1,-1
575,-1,693.30,462.74,26.94,73.71,0.1711,-1,-1,-1
575,-1,1820.53,423.43,99.10,623.24,0.1514,-1,-1,-1
575,-1,667.37,456.11,26.70,103.48,0.1448,-1,-1,-1
575,-1,576.87,446.22,36.73,93.76,0.1315,-1,-1,-1
575,-1,935.09,458.26,95.75,219.00,0.1234,-1,-1,-1
575,-1,545.64,446.18,29.03,93.48,0.1208,-1,-1,-1
575,-1,1114.06,427.56,44.06,188.36,0.1123,-1,-1,-1
576,-1,1676.39,400.58,243.06,671.71,0.9002,-1,-1,-1
576,-1,1158.27,441.87,133.79,273.98,0.8309,-1,-1,-1
576,-1,719.83,446.82,37.03,101.38,0.6054,-1,-1,-1
576,-1,951.54,435.23,102.87,247.70,0.5521,-1,-1,-1
576,-1,635.97,457.40,34.34,102.92,0.5024,-1,-1,-1
576,-1,584.26,455.10,32.39,84.00,0.4614,-1,-1,-1
576,-1,1047.81,430.01,92.20,267.36,0.4573,-1,-1,-1
576,-1,550.02,462.54,30.01,76.28,0.4390,-1,-1,-1
576,-1,1851.90,430.42,67.46,225.44,0.3608,-1,-1,-1
576,-1,417.64,462.87,45.87,105.76,0.2365,-1,-1,-1
576,-1,671.01,463.91,30.60,95.64,0.2162,-1,-1,-1
576,-1,693.32,463.99,26.79,72.40,0.2009,-1,-1,-1
576,-1,1071.33,414.46,72.72,285.52,0.1923,-1,-1,-1
576,-1,1119.23,432.24,36.84,145.51,0.1799,-1,-1,-1
576,-1,1825.92,418.89,93.74,632.56,0.1736,-1,-1,-1
576,-1,1077.94,428.01,52.35,229.67,0.1494,-1,-1,-1
576,-1,546.64,454.61,25.64,84.69,0.1469,-1,-1,-1
576,-1,1092.12,409.44,66.12,283.75,0.1447,-1,-1,-1
576,-1,367.33,461.27,58.86,114.37,0.1373,-1,-1,-1
576,-1,1852.65,430.53,67.02,433.87,0.1296,-1,-1,-1
576,-1,666.78,456.01,27.38,101.77,0.1269,-1,-1,-1
576,-1,624.45,457.01,37.92,100.55,0.1251,-1,-1,-1
576,-1,1152.83,448.00,76.61,229.73,0.1010,-1,-1,-1
577,-1,1675.55,399.23,243.84,673.92,0.9135,-1,-1,-1
577,-1,1158.22,447.84,130.39,267.37,0.8008,-1,-1,-1
577,-1,956.61,437.10,121.58,247.72,0.7175,-1,-1,-1
577,-1,1054.66,430.81,86.41,267.52,0.6022,-1,-1,-1
577,-1,720.25,447.11,36.61,102.54,0.5985,-1,-1,-1
577,-1,548.98,465.23,31.40,74.35,0.4614,-1,-1,-1
577,-1,583.49,455.01,33.13,84.16,0.4491,-1,-1,-1
577,-1,636.00,456.90,34.84,104.18,0.4325,-1,-1,-1
577,-1,628.78,454.68,36.74,105.30,0.3214,-1,-1,-1
577,-1,1073.02,421.41,76.67,279.36,0.3094,-1,-1,-1
577,-1,1857.40,425.68,62.01,211.28,0.2480,-1,-1,-1
577,-1,1077.79,423.10,55.03,263.03,0.2459,-1,-1,-1
577,-1,692.90,464.00,27.52,71.71,0.1948,-1,-1,-1
577,-1,417.18,464.53,45.56,103.90,0.1913,-1,-1,-1
577,-1,669.85,460.36,29.26,94.43,0.1715,-1,-1,-1
577,-1,547.02,455.42,25.37,83.94,0.1500,-1,-1,-1
577,-1,619.30,452.73,40.29,105.91,0.1461,-1,-1,-1
577,-1,367.89,462.17,59.60,113.57,0.1344,-1,-1,-1
577,-1,665.75,454.65,26.43,100.81,0.1104,-1,-1,-1
577,-1,804.24,483.88,34.12,60.32,0.1004,-1,-1,-1
578,-1,1673.90,397.46,245.49,676.66,0.9188,-1,-1,-1
578,-1,1157.02,450.35,132.35,263.95,0.7901,-1,-1,-1
578,-1,957.90,438.52,107.23,237.79,0.6816,-1,-1,-1
578,-1,718.75,446.24,38.28,103.14,0.6559,-1,-1,-1
578,-1,1059.75,425.93,80.42,273.50,0.6191,-1,-1,-1
578,-1,549.20,464.63,32.17,73.89,0.4862,-1,-1,-1
578,-1,584.39,455.02,31.78,83.71,0.4738,-1,-1,-1
578,-1,633.74,454.48,35.32,104.35,0.4604,-1,-1,-1
578,-1,625.95,456.31,37.70,102.68,0.2453,-1,-1,-1
578,-1,1867.66,408.46,51.56,234.97,0.2177,-1,-1,-1
578,-1,696.99,462.42,24.69,72.86,0.1898,-1,-1,-1
578,-1,666.09,455.93,30.12,96.75,0.1813,-1,-1,-1
578,-1,417.54,466.12,43.94,102.08,0.1613,-1,-1,-1
578,-1,317.74,453.76,42.66,114.48,0.1412,-1,-1,-1
578,-1,546.73,455.48,25.64,82.94,0.1360,-1,-1,-1
579,-1,1674.35,400.16,245.07,673.37,0.9161,-1,-1,-1
579,-1,957.37,436.90,105.36,238.33,0.7506,-1,-1,-1
579,-1,1158.46,443.72,131.48,269.70,0.7477,-1,-1,-1
579,-1,1062.62,422.17,82.83,277.63,0.6893,-1,-1,-1
579,-1,718.64,447.17,38.17,101.72,0.6612,-1,-1,-1
579,-1,584.16,455.02,32.48,83.64,0.4811,-1,-1,-1
579,-1,548.99,463.57,33.24,74.77,0.4732,-1,-1,-1
579,-1,632.96,457.83,34.99,102.47,0.4594,-1,-1,-1
579,-1,1878.19,476.53,41.15,158.70,0.2995,-1,-1,-1
579,-1,667.03,457.60,30.39,92.98,0.2331,-1,-1,-1
579,-1,698.40,459.19,24.87,76.52,0.1861,-1,-1,-1
579,-1,695.23,459.75,23.05,82.18,0.1499,-1,-1,-1
579,-1,546.79,454.27,26.20,83.85,0.1411,-1,-1,-1
579,-1,1046.31,449.45,47.66,136.77,0.1320,-1,-1,-1
579,-1,417.67,467.14,42.23,100.06,0.1273,-1,-1,-1
579,-1,318.21,455.01,42.66,112.73,0.1226,-1,-1,-1
579,-1,1877.48,456.94,42.05,285.04,0.1177,-1,-1,-1
579,-1,376.16,462.60,49.25,110.99,0.1170,-1,-1,-1
580,-1,1673.67,402.04,245.65,672.70,0.9202,-1,-1,-1
580,-1,1163.82,455.97,130.17,258.54,0.7910,-1,-1,-1
580,-1,958.78,433.93,105.10,241.22,0.7614,-1,-1,-1
580,-1,1065.83,428.84,78.94,270.46,0.6659,-1,-1,-1
580,-1,719.13,447.06,37.67,102.12,0.6433,-1,-1,-1
580,-1,549.29,464.78,33.64,74.26,0.4865,-1,-1,-1
580,-1,584.31,455.41,32.48,82.51,0.4644,-1,-1,-1
580,-1,631.57,456.93,37.88,102.62,0.4174,-1,-1,-1
580,-1,664.83,454.41,28.43,95.20,0.2130,-1,-1,-1
580,-1,668.07,461.16,32.46,84.09,0.1844,-1,-1,-1
580,-1,695.57,462.80,24.97,73.27,0.1758,-1,-1,-1
580,-1,416.64,463.58,44.17,104.01,0.1742,-1,-1,-1
580,-1,1885.84,461.50,33.38,204.59,0.1736,-1,-1,-1
580,-1,1152.82,454.66,103.54,250.72,0.1497,-1,-1,-1
580,-1,546.66,453.46,26.01,85.36,0.1401,-1,-1,-1
580,-1,375.96,461.70,47.54,111.68,0.1320,-1,-1,-1
580,-1,320.18,456.02,44.32,111.71,0.1161,-1,-1,-1
580,-1,1669.83,440.90,59.29,148.91,0.1155,-1,-1,-1
581,-1,1673.35,401.88,245.96,672.60,0.9106,-1,-1,-1
581,-1,1171.91,439.68,122.84,274.08,0.7934,-1,-1,-1
581,-1,959.24,433.31,106.69,240.54,0.7742,-1,-1,-1
581,-1,1068.55,424.07,83.47,274.93,0.7251,-1,-1,-1
581,-1,722.02,447.76,35.04,100.54,0.5583,-1,-1,-1
581,-1,548.72,464.18,35.15,75.34,0.4891,-1,-1,-1
581,-1,584.19,456.00,34.28,83.30,0.4880,-1,-1,-1
581,-1,631.85,456.06,37.36,103.00,0.4158,-1,-1,-1
581,-1,664.65,453.76,27.63,93.49,0.1972,-1,-1,-1
581,-1,696.77,466.16,27.49,69.77,0.1847,-1,-1,-1
581,-1,546.32,452.30,27.42,87.10,0.1598,-1,-1,-1
581,-1,1152.62,449.08,107.93,239.40,0.1524,-1,-1,-1
581,-1,667.10,462.48,32.27,83.01,0.1500,-1,-1,-1
581,-1,377.23,458.00,43.37,112.70,0.1006,-1,-1,-1
582,-1,1673.39,403.63,245.75,673.17,0.9088,-1,-1,-1
582,-1,957.42,434.93,114.93,238.97,0.8346,-1,-1,-1
582,-1,1184.49,438.19,115.31,275.94,0.7941,-1,-1,-1
582,-1,1075.69,424.05,78.16,273.87,0.7327,-1,-1,-1
582,-1,722.90,448.44,34.12,100.78,0.4807,-1,-1,-1
582,-1,584.40,453.42,34.51,86.81,0.4680,-1,-1,-1
582,-1,548.76,463.96,33.99,74.75,0.4540,-1,-1,-1
582,-1,631.38,453.64,35.49,105.88,0.3528,-1,-1,-1
582,-1,1151.24,451.61,98.11,225.46,0.2838,-1,-1,-1
582,-1,663.42,453.22,29.79,92.83,0.2107,-1,-1,-1
582,-1,697.27,466.74,27.53,68.07,0.1766,-1,-1,-1
582,-1,545.95,453.55,27.40,85.45,0.1383,-1,-1,-1
582,-1,1088.81,431.81,66.79,167.52,0.1251,-1,-1,-1
583,-1,1675.14,402.63,243.86,674.07,0.9027,-1,-1,-1
583,-1,963.86,433.98,109.01,238.70,0.8246,-1,-1,-1
583,-1,1077.17,422.16,78.63,275.07,0.7082,-1,-1,-1
583,-1,1193.31,434.70,108.14,277.06,0.6153,-1,-1,-1
583,-1,547.43,458.00,33.40,80.46,0.5151,-1,-1,-1
583,-1,585.49,452.11,32.25,84.49,0.4804,-1,-1,-1
583,-1,724.02,448.28,34.03,101.43,0.4657,-1,-1,-1
583,-1,629.93,456.20,33.55,103.94,0.3469,-1,-1,-1
583,-1,1151.39,444.46,101.68,243.39,0.2387,-1,-1,-1
583,-1,695.80,463.02,30.85,70.89,0.2118,-1,-1,-1
583,-1,662.98,453.09,30.23,96.50,0.2051,-1,-1,-1
583,-1,1171.97,432.86,78.66,277.58,0.1803,-1,-1,-1
583,-1,1669.00,410.22,122.61,208.72,0.1093,-1,-1,-1
583,-1,319.73,456.87,43.86,113.48,0.1050,-1,-1,-1
584,-1,1676.79,392.13,242.20,684.23,0.9011,-1,-1,-1
584,-1,968.46,431.63,105.20,240.81,0.7919,-1,-1,-1
584,-1,1076.43,425.90,83.28,271.86,0.6879,-1,-1,-1
584,-1,1200.75,434.29,104.90,275.69,0.6326,-1,-1,-1
584,-1,724.68,446.99,35.34,101.19,0.5148,-1,-1,-1
584,-1,585.86,451.65,31.81,84.91,0.4835,-1,-1,-1
584,-1,550.53,457.01,31.18,81.36,0.4645,-1,-1,-1
584,-1,628.73,455.75,34.03,104.12,0.3308,-1,-1,-1
584,-1,1158.05,437.75,131.96,261.62,0.2980,-1,-1,-1
584,-1,695.74,461.99,32.55,72.20,0.2450,-1,-1,-1
584,-1,662.50,452.88,31.14,96.68,0.2016,-1,-1,-1
584,-1,1155.99,448.33,93.97,239.28,0.1679,-1,-1,-1
584,-1,547.01,450.14,27.27,88.86,0.1112,-1,-1,-1
584,-1,1670.40,411.55,119.49,218.31,0.1101,-1,-1,-1
585,-1,1675.58,390.07,243.95,688.00,0.8865,-1,-1,-1
585,-1,972.75,429.81,102.33,242.69,0.8158,-1,-1,-1
585,-1,1202.51,435.57,108.32,275.59,0.7441,-1,-1,-1
585,-1,1080.52,416.98,81.10,280.27,0.6997,-1,-1,-1
585,-1,724.57,446.92,35.60,101.32,0.5254,-1,-1,-1
585,-1,550.89,450.59,33.84,88.66,0.5133,-1,-1,-1
585,-1,585.91,452.15,31.45,84.55,0.5023,-1,-1,-1
585,-1,627.34,453.81,35.34,106.19,0.4394,-1,-1,-1
585,-1,1164.09,441.32,93.85,238.68,0.2347,-1,-1,-1
585,-1,698.73,464.49,30.24,68.58,0.2339,-1,-1,-1
585,-1,662.55,453.37,32.93,95.78,0.2157,-1,-1,-1
585,-1,547.86,446.45,28.42,93.54,0.1324,-1,-1,-1
585,-1,318.18,455.33,44.37,112.57,0.1276,-1,-1,-1
585,-1,620.43,445.97,36.72,104.15,0.1062,-1,-1,-1
586,-1,1679.36,398.39,239.65,677.53,0.8790,-1,-1,-1
586,-1,979.56,434.20,96.83,238.87,0.8440,-1,-1,-1
586,-1,1210.24,433.19,103.89,280.21,0.7157,-1,-1,-1
586,-1,1082.82,419.62,80.29,278.36,0.6667,-1,-1,-1
586,-1,724.20,446.20,36.21,102.28,0.5264,-1,-1,-1
586,-1,625.02,452.14,38.27,108.62,0.4882,-1,-1,-1
586,-1,585.09,453.65,33.31,86.07,0.4851,-1,-1,-1
586,-1,551.27,454.54,30.61,84.20,0.4465,-1,-1,-1
586,-1,1168.90,444.97,74.87,231.57,0.3439,-1,-1,-1
586,-1,662.54,453.38,35.11,95.78,0.2783,-1,-1,-1
586,-1,1179.48,435.72,127.71,261.51,0.2704,-1,-1,-1
586,-1,699.68,460.87,29.67,74.29,0.2514,-1,-1,-1
586,-1,620.04,446.79,38.50,105.62,0.1264,-1,-1,-1
586,-1,670.67,454.75,34.82,91.58,0.1257,-1,-1,-1
586,-1,1672.13,412.99,117.58,224.38,0.1071,-1,-1,-1
586,-1,547.42,450.12,27.02,88.59,0.1054,-1,-1,-1
587,-1,1684.83,387.67,234.14,689.61,0.8693,-1,-1,-1
587,-1,987.81,435.15,89.27,236.00,0.8234,-1,-1,-1
587,-1,1214.77,429.64,101.67,283.64,0.7199,-1,-1,-1
587,-1,1092.77,414.54,74.07,284.00,0.7097,-1,-1,-1
587,-1,725.08,446.29,35.65,103.72,0.5538,-1,-1,-1
587,-1,584.80,454.74,34.34,85.32,0.5133,-1,-1,-1
587,-1,625.20,451.44,38.57,109.52,0.4964,-1,-1,-1
587,-1,550.68,453.28,32.14,85.63,0.4726,-1,-1,-1
587,-1,1171.54,440.97,84.66,233.64,0.3991,-1,-1,-1
587,-1,662.59,453.29,35.30,99.11,0.3575,-1,-1,-1
587,-1,699.65,460.44,29.95,73.63,0.2723,-1,-1,-1
587,-1,1672.66,411.77,117.18,226.35,0.1945,-1,-1,-1
587,-1,667.58,454.14,38.03,95.66,0.1603,-1,-1,-1
587,-1,1178.65,433.00,117.12,258.95,0.1505,-1,-1,-1
587,-1,1305.79,405.66,38.69,141.16,0.1354,-1,-1,-1
587,-1,544.67,442.24,37.16,91.67,0.1118,-1,-1,-1
587,-1,547.26,449.46,28.58,89.26,0.1058,-1,-1,-1
588,-1,1693.07,386.80,225.84,690.41,0.8521,-1,-1,-1
588,-1,992.64,441.30,85.77,229.07,0.7897,-1,-1,-1
588,-1,1216.54,430.61,102.03,282.30,0.7538,-1,-1,-1
588,-1,1095.30,410.97,89.68,287.85,0.7049,-1,-1,-1
588,-1,725.33,445.98,35.22,105.16,0.5397,-1,-1,-1
588,-1,624.94,453.76,37.47,107.33,0.4992,-1,-1,-1
588,-1,584.73,454.33,34.86,85.90,0.4958,-1,-1,-1
588,-1,551.81,452.07,32.50,87.48,0.4841,-1,-1,-1
588,-1,1177.32,439.22,71.75,235.61,0.4560,-1,-1,-1
588,-1,662.01,452.97,37.71,103.13,0.3035,-1,-1,-1
588,-1,699.23,457.88,30.33,75.81,0.2319,-1,-1,-1
588,-1,1078.37,419.61,92.63,278.61,0.2036,-1,-1,-1
588,-1,1671.84,410.85,117.53,226.74,0.1854,-1,-1,-1
588,-1,667.86,453.15,38.82,100.04,0.1444,-1,-1,-1
588,-1,544.88,441.91,37.26,96.02,0.1390,-1,-1,-1
588,-1,922.84,489.61,60.87,95.96,0.1060,-1,-1,-1
588,-1,1185.64,435.35,81.26,258.26,0.1024,-1,-1,-1
589,-1,1701.76,412.14,217.27,664.83,0.8016,-1,-1,-1
589,-1,999.70,446.72,79.67,223.52,0.7344,-1,-1,-1
589,-1,1220.48,433.80,101.82,279.70,0.7293,-1,-1,-1
589,-1,1096.97,412.44,89.05,286.99,0.7150,-1,-1,-1
589,-1,724.82,446.09,35.28,105.82,0.5322,-1,-1,-1
589,-1,624.23,455.79,37.28,105.01,0.5249,-1,-1,-1
589,-1,585.52,452.87,32.89,86.12,0.5027,-1,-1,-1
589,-1,551.53,452.05,30.82,88.19,0.4829,-1,-1,-1
589,-1,1176.47,439.81,73.68,234.74,0.3848,-1,-1,-1
589,-1,662.02,453.74,37.22,105.54,0.3353,-1,-1,-1
589,-1,699.14,463.78,29.75,69.80,0.1986,-1,-1,-1
589,-1,1670.97,411.89,117.10,225.30,0.1804,-1,-1,-1
589,-1,669.17,454.57,36.48,101.93,0.1493,-1,-1,-1
589,-1,547.88,449.13,28.27,91.55,0.1117,-1,-1,-1
589,-1,1305.47,403.80,35.80,142.21,0.1106,-1,-1,-1
590,-1,1713.23,421.05,205.69,655.49,0.7700,-1,-1,-1
590,-1,1007.13,444.65,77.39,225.67,0.7078,-1,-1,-1
590,-1,1097.13,410.07,96.84,289.18,0.7031,-1,-1,-1
590,-1,1221.13,442.71,102.99,270.19,0.7008,-1,-1,-1
590,-1,624.08,456.03,36.48,103.59,0.5728,-1,-1,-1
590,-1,728.19,450.64,33.59,101.81,0.5207,-1,-1,-1
590,-1,551.10,455.63,30.49,84.35,0.4893,-1,-1,-1
590,-1,1178.87,438.95,75.51,236.12,0.4831,-1,-1,-1
590,-1,584.28,454.46,33.57,85.76,0.4739,-1,-1,-1
590,-1,662.86,461.01,36.79,98.53,0.2846,-1,-1,-1
590,-1,699.81,468.02,29.54,65.70,0.1894,-1,-1,-1
590,-1,1824.33,481.13,72.31,154.48,0.1839,-1,-1,-1
590,-1,371.10,466.39,55.08,109.96,0.1540,-1,-1,-1
590,-1,1670.57,413.42,117.09,223.39,0.1374,-1,-1,-1
590,-1,1824.96,389.66,93.70,247.26,0.1212,-1,-1,-1
590,-1,669.55,456.48,35.28,99.17,0.1204,-1,-1,-1
590,-1,547.47,451.77,27.18,88.71,0.1091,-1,-1,-1
591,-1,1011.81,441.16,78.91,227.16,0.7085,-1,-1,-1
591,-1,1229.67,433.52,102.89,280.17,0.6969,-1,-1,-1
591,-1,1097.43,409.85,96.96,287.94,0.6700,-1,-1,-1
591,-1,1736.10,429.05,183.37,647.00,0.6618,-1,-1,-1
591,-1,624.35,455.68,35.67,103.64,0.5738,-1,-1,-1
591,-1,728.08,450.69,33.90,102.37,0.5031,-1,-1,-1
591,-1,1185.06,429.94,76.41,244.15,0.4790,-1,-1,-1
591,-1,585.82,453.74,32.40,85.28,0.4644,-1,-1,-1
591,-1,550.23,458.59,29.61,81.03,0.4460,-1,-1,-1
591,-1,663.50,461.86,36.52,98.47,0.3447,-1,-1,-1
591,-1,1842.98,414.45,76.53,573.25,0.3241,-1,-1,-1
591,-1,700.44,466.62,29.48,67.02,0.2010,-1,-1,-1
591,-1,586.10,449.95,41.59,95.57,0.1926,-1,-1,-1
591,-1,1827.72,386.03,91.18,251.45,0.1437,-1,-1,-1
591,-1,1824.76,481.93,81.28,155.65,0.1414,-1,-1,-1
591,-1,1087.87,430.02,83.21,267.99,0.1136,-1,-1,-1
591,-1,1670.74,414.04,117.33,222.17,0.1100,-1,-1,-1
592,-1,1236.33,436.50,103.51,276.54,0.7095,-1,-1,-1
592,-1,1013.38,440.81,80.62,224.19,0.7035,-1,-1,-1
592,-1,1095.19,413.28,98.60,285.75,0.6777,-1,-1,-1
592,-1,624.81,454.83,36.17,105.14,0.5767,-1,-1,-1
592,-1,1756.38,425.58,163.06,648.77,0.5500,-1,-1,-1
592,-1,1187.00,437.08,68.97,240.65,0.5431,-1,-1,-1
592,-1,728.04,450.75,33.76,102.28,0.5064,-1,-1,-1
592,-1,548.85,459.27,30.12,80.13,0.4746,-1,-1,-1
592,-1,585.52,454.91,32.86,84.64,0.4688,-1,-1,-1
592,-1,663.27,460.74,37.12,101.19,0.4433,-1,-1,-1
592,-1,1852.50,407.15,66.98,578.31,0.4205,-1,-1,-1
592,-1,700.29,464.04,30.14,68.08,0.1945,-1,-1,-1
592,-1,1222.98,446.81,95.27,253.75,0.1773,-1,-1,-1
592,-1,1826.27,481.22,78.56,158.95,0.1592,-1,-1,-1
592,-1,371.90,465.40,51.32,110.89,0.1584,-1,-1,-1
592,-1,587.97,449.25,43.62,96.57,0.1526,-1,-1,-1
592,-1,669.77,456.71,36.13,99.89,0.1146,-1,-1,-1
592,-1,1669.91,414.69,118.47,222.80,0.1028,-1,-1,-1
592,-1,544.25,438.33,39.86,101.74,0.1015,-1,-1,-1
593,-1,1236.12,428.58,107.31,286.12,0.7225,-1,-1,-1
593,-1,1093.66,414.99,105.74,286.33,0.6918,-1,-1,-1
593,-1,1187.17,433.01,70.13,241.88,0.5844,-1,-1,-1
593,-1,624.69,454.49,35.44,104.20,0.5598,-1,-1,-1
593,-1,1019.75,438.53,74.58,229.53,0.5534,-1,-1,-1
593,-1,548.27,460.03,30.09,78.69,0.5220,-1,-1,-1
593,-1,728.36,453.95,33.01,100.12,0.4782,-1,-1,-1
593,-1,1785.21,454.27,134.38,622.14,0.4618,-1,-1,-1
593,-1,585.82,454.60,32.30,83.95,0.4399,-1,-1,-1
593,-1,663.54,464.45,36.70,97.55,0.4316,-1,-1,-1
593,-1,1822.89,410.71,96.66,661.83,0.2657,-1,-1,-1
593,-1,1862.43,455.75,57.12,619.97,0.2430,-1,-1,-1
593,-1,699.96,465.48,30.51,67.93,0.1925,-1,-1,-1
593,-1,1859.54,416.00,60.02,512.96,0.1714,-1,-1,-1
593,-1,1827.60,483.20,79.02,168.73,0.1528,-1,-1,-1
593,-1,582.84,448.36,45.82,96.09,0.1495,-1,-1,-1
593,-1,1863.12,470.27,56.20,382.87,0.1464,-1,-1,-1
593,-1,1039.48,438.75,55.57,184.29,0.1450,-1,-1,-1
593,-1,373.87,465.14,49.38,110.73,0.1389,-1,-1,-1
593,-1,965.44,475.23,53.07,109.31,0.1269,-1,-1,-1
593,-1,1671.65,416.92,116.41,219.93,0.1148,-1,-1,-1
593,-1,670.67,458.61,35.53,97.63,0.1017,-1,-1,-1
594,-1,1239.64,437.24,107.86,277.46,0.7394,-1,-1,-1
594,-1,1093.36,415.42,108.16,283.42,0.7377,-1,-1,-1
594,-1,1024.50,436.88,73.91,226.60,0.6514,-1,-1,-1
594,-1,1190.76,431.15,68.00,246.92,0.6483,-1,-1,-1
594,-1,548.64,457.62,30.31,81.69,0.5257,-1,-1,-1
594,-1,624.67,453.71,34.49,103.57,0.4998,-1,-1,-1
594,-1,726.41,451.06,34.51,102.99,0.4998,-1,-1,-1
594,-1,585.30,453.69,32.81,85.26,0.4467,-1,-1,-1
594,-1,662.42,462.06,36.90,100.79,0.3497,-1,-1,-1
594,-1,376.46,457.45,46.92,117.66,0.2460,-1,-1,-1
594,-1,1868.87,423.32,50.69,655.32,0.2277,-1,-1,-1
594,-1,1863.91,407.90,55.59,461.01,0.2110,-1,-1,-1
594,-1,1840.49,422.54,79.23,647.97,0.2048,-1,-1,-1
594,-1,699.60,466.74,29.96,67.27,0.1953,-1,-1,-1
594,-1,1671.17,416.80,117.47,220.80,0.1714,-1,-1,-1
594,-1,582.20,448.17,44.09,96.44,0.1702,-1,-1,-1
594,-1,1875.97,463.45,43.35,381.44,0.1592,-1,-1,-1
594,-1,617.94,444.92,38.23,103.61,0.1530,-1,-1,-1
594,-1,417.34,458.25,37.19,108.67,0.1381,-1,-1,-1
594,-1,1858.70,391.07,60.86,291.96,0.1368,-1,-1,-1
594,-1,544.46,438.81,38.09,101.06,0.1125,-1,-1,-1
594,-1,967.44,475.99,48.26,91.96,0.1064,-1,-1,-1
594,-1,802.59,476.61,38.84,69.19,0.1019,-1,-1,-1
595,-1,1244.35,434.72,106.66,279.90,0.7952,-1,-1,-1
595,-1,1093.77,416.80,104.91,281.46,0.7321,-1,-1,-1
595,-1,1025.38,437.95,74.90,224.05,0.6613,-1,-1,-1
595,-1,1192.98,430.00,65.98,250.08,0.5548,-1,-1,-1
595,-1,624.61,455.43,34.18,101.70,0.5310,-1,-1,-1
595,-1,727.27,453.13,33.37,102.22,0.4962,-1,-1,-1
595,-1,548.83,460.59,29.68,79.43,0.4917,-1,-1,-1
595,-1,583.22,454.66,34.64,86.54,0.4227,-1,-1,-1
595,-1,661.70,454.58,37.82,108.82,0.2748,-1,-1,-1
595,-1,1867.01,390.72,52.48,450.09,0.2646,-1,-1,-1
595,-1,1879.64,478.15,39.68,352.28,0.2638,-1,-1,-1
595,-1,377.61,457.51,45.47,117.54,0.2390,-1,-1,-1
595,-1,698.55,466.95,31.20,66.09,0.1743,-1,-1,-1
595,-1,1671.05,414.84,117.20,223.29,0.1695,-1,-1,-1
595,-1,581.86,446.86,45.93,98.45,0.1602,-1,-1,-1
595,-1,1862.15,388.43,57.42,280.94,0.1584,-1,-1,-1
595,-1,618.80,445.79,37.69,105.22,0.1438,-1,-1,-1
595,-1,417.50,458.62,37.29,107.73,0.1394,-1,-1,-1
595,-1,965.41,469.69,58.64,111.12,0.1089,-1,-1,-1
595,-1,371.71,452.42,61.82,121.20,0.1062,-1,-1,-1
595,-1,545.55,437.59,36.20,100.33,0.1029,-1,-1,-1
595,-1,1877.87,399.30,41.48,253.22,0.1017,-1,-1,-1
596,-1,1246.99,442.74,109.58,271.27,0.7933,-1,-1,-1
596,-1,1098.55,419.47,101.82,276.73,0.7578,-1,-1,-1
596,-1,1023.75,441.08,77.05,219.68,0.7058,-1,-1,-1
596,-1,1192.36,433.66,69.70,248.10,0.5571,-1,-1,-1
596,-1,624.83,455.63,33.89,100.77,0.5411,-1,-1,-1
596,-1,548.86,462.41,29.49,77.78,0.5290,-1,-1,-1
596,-1,727.36,452.59,34.04,102.68,0.5266,-1,-1,-1
596,-1,583.97,455.19,33.69,85.37,0.4726,-1,-1,-1
596,-1,662.04,464.08,37.29,99.42,0.3220,-1,-1,-1
596,-1,378.44,460.87,43.98,113.78,0.2161,-1,-1,-1
596,-1,1670.23,415.04,118.19,223.16,0.1971,-1,-1,-1
596,-1,1886.19,522.62,33.03,313.50,0.1921,-1,-1,-1
596,-1,698.02,466.51,31.64,66.84,0.1894,-1,-1,-1
596,-1,1856.50,394.62,63.03,284.40,0.1827,-1,-1,-1
596,-1,1877.73,398.46,41.64,269.71,0.1767,-1,-1,-1
596,-1,1869.46,390.20,50.00,440.08,0.1513,-1,-1,-1
596,-1,417.35,459.23,38.24,108.20,0.1490,-1,-1,-1
596,-1,618.85,446.53,37.73,103.91,0.1461,-1,-1,-1
596,-1,801.31,476.85,40.17,68.66,0.1049,-1,-1,-1
596,-1,546.39,437.41,36.58,100.30,0.1004,-1,-1,-1
597,-1,1249.53,442.74,108.92,270.87,0.8094,-1,-1,-1
597,-1,1099.40,421.02,101.99,275.75,0.7845,-1,-1,-1
597,-1,1025.48,442.94,78.47,217.74,0.7188,-1,-1,-1
597,-1,727.21,450.57,35.14,104.81,0.5996,-1,-1,-1
597,-1,549.43,458.87,30.26,81.78,0.5610,-1,-1,-1
597,-1,1195.85,440.70,69.98,234.14,0.5416,-1,-1,-1
597,-1,582.34,453.89,34.54,86.90,0.4793,-1,-1,-1
597,-1,626.07,457.48,31.94,98.56,0.4286,-1,-1,-1
597,-1,375.56,467.42,45.39,108.68,0.2595,-1,-1,-1
597,-1,661.88,453.56,36.99,109.50,0.2580,-1,-1,-1
597,-1,1670.48,415.43,118.53,222.73,0.2175,-1,-1,-1
597,-1,1104.29,426.24,84.27,222.98,0.2012,-1,-1,-1
597,-1,698.30,463.59,31.10,69.21,0.1942,-1,-1,-1
597,-1,1877.25,397.53,42.11,266.05,0.1918,-1,-1,-1
597,-1,1855.98,383.89,63.61,272.68,0.1726,-1,-1,-1
597,-1,1895.00,488.74,24.27,334.11,0.1723,-1,-1,-1
597,-1,417.06,461.28,39.01,104.47,0.1680,-1,-1,-1
597,-1,545.69,437.87,37.51,102.69,0.1274,-1,-1,-1
597,-1,668.43,460.34,35.96,99.69,0.1129,-1,-1,-1
597,-1,802.03,475.90,38.76,69.64,0.1051,-1,-1,-1
597,-1,1858.02,463.35,61.51,211.15,0.1015,-1,-1,-1
598,-1,1252.55,438.57,106.00,275.91,0.8248,-1,-1,-1
598,-1,1101.38,421.90,99.97,273.87,0.7885,-1,-1,-1
598,-1,1024.17,439.70,88.66,222.78,0.7436,-1,-1,-1
598,-1,728.16,451.02,34.46,106.13,0.6070,-1,-1,-1
598,-1,1189.28,447.08,78.80,229.48,0.6064,-1,-1,-1
598,-1,548.18,453.81,31.49,86.65,0.5840,-1,-1,-1
598,-1,579.23,455.09,37.97,85.46,0.4925,-1,-1,-1
598,-1,625.71,458.97,32.64,97.22,0.3394,-1,-1,-1
598,-1,374.67,466.92,47.19,109.52,0.3101,-1,-1,-1
598,-1,1877.14,396.34,42.20,246.29,0.2603,-1,-1,-1
598,-1,661.22,453.99,37.30,108.82,0.2344,-1,-1,-1
598,-1,1670.64,417.78,117.62,220.36,0.1887,-1,-1,-1
598,-1,697.78,464.21,31.26,69.09,0.1699,-1,-1,-1
598,-1,1856.86,382.29,62.72,270.34,0.1674,-1,-1,-1
598,-1,544.95,438.23,37.89,103.20,0.1645,-1,-1,-1
598,-1,1899.62,468.58,19.65,366.54,0.1408,-1,-1,-1
598,-1,1104.55,425.63,82.61,207.63,0.1398,-1,-1,-1
598,-1,416.88,459.49,40.66,107.63,0.1239,-1,-1,-1
598,-1,667.62,461.17,36.71,98.83,0.1044,-1,-1,-1
598,-1,801.14,475.98,40.43,69.85,0.1030,-1,-1,-1
599,-1,1254.58,437.05,105.41,277.66,0.8456,-1,-1,-1
599,-1,1104.54,420.63,95.76,273.19,0.7673,-1,-1,-1
599,-1,1028.40,440.28,85.70,225.68,0.7383,-1,-1,-1
599,-1,727.04,451.51,34.82,105.47,0.6278,-1,-1,-1
599,-1,1193.75,440.88,77.10,244.71,0.5970,-1,-1,-1
599,-1,548.58,458.22,30.18,82.41,0.5700,-1,-1,-1
599,-1,1131.06,422.22,68.01,268.34,0.5303,-1,-1,-1
599,-1,583.52,454.47,33.55,85.52,0.4632,-1,-1,-1
599,-1,626.50,460.25,31.93,95.47,0.3693,-1,-1,-1
599,-1,375.25,463.63,47.33,113.48,0.3675,-1,-1,-1
599,-1,1876.88,398.22,42.45,237.43,0.2878,-1,-1,-1
599,-1,1669.86,413.05,118.67,225.30,0.1891,-1,-1,-1
599,-1,1856.05,380.35,63.49,267.13,0.1842,-1,-1,-1
599,-1,697.42,465.82,31.16,68.48,0.1748,-1,-1,-1
599,-1,660.68,453.42,36.60,107.99,0.1676,-1,-1,-1
599,-1,418.10,458.67,38.98,109.25,0.1350,-1,-1,-1
599,-1,545.94,438.11,39.59,102.65,0.1176,-1,-1,-1
599,-1,801.88,475.66,38.33,70.11,0.1113,-1,-1,-1
599,-1,985.40,455.48,33.13,58.92,0.1101,-1,-1,-1
600,-1,1257.33,434.22,103.70,281.07,0.8526,-1,-1,-1
600,-1,1029.91,446.44,87.71,219.11,0.7781,-1,-1,-1
600,-1,1111.55,419.86,90.98,275.50,0.7094,-1,-1,-1
600,-1,725.94,448.23,35.99,107.85,0.6315,-1,-1,-1
600,-1,1196.06,443.13,77.03,242.31,0.5846,-1,-1,-1
600,-1,1134.74,418.81,64.60,267.80,0.5328,-1,-1,-1
600,-1,547.88,458.10,29.72,81.12,0.4906,-1,-1,-1
600,-1,582.91,458.31,33.79,82.64,0.4606,-1,-1,-1
600,-1,626.51,459.05,31.73,96.43,0.4165,-1,-1,-1
600,-1,375.99,466.59,44.77,109.80,0.3214,-1,-1,-1
600,-1,1877.37,400.20,41.96,236.23,0.2840,-1,-1,-1
600,-1,1670.45,412.08,117.84,225.91,0.2420,-1,-1,-1
600,-1,1858.14,381.34,61.42,266.72,0.1928,-1,-1,-1
600,-1,661.85,480.71,34.78,81.24,0.1854,-1,-1,-1
600,-1,695.55,463.66,32.86,70.66,0.1798,-1,-1,-1
600,-1,985.43,459.09,31.23,55.84,0.1261,-1,-1,-1
600,-1,544.98,438.95,40.54,100.80,0.1212,-1,-1,-1
600,-1,417.47,455.44,38.58,110.12,0.1156,-1,-1,-1
600,-1,660.35,451.70,33.46,109.85,0.1111,-1,-1,-1
600,-1,1668.65,439.85,45.49,148.75,0.1030,-1,-1,-1
